supplier,category,name,sku,price_cad,pro_price,unit,url,scraped_at
IHL Canada,Lumber,1 in. x 2 in. x 10 ft. Spruce Lumber,23577,2.06,,Default Title,https://ihlcanada.com/products/1-in-x-2-in-x-10-ft-spruce-lumber,2026-05-31T12:06:25.230395
IHL Canada,Lumber,1 in. x 2 in. x 24 in. Pointed Wood Stake (25-Pack),28679,23.48,,Default Title,https://ihlcanada.com/products/1-in-x-2-in-pointed-wood-stake-25-pack,2026-05-31T12:06:25.230409
IHL Canada,Lumber,1 in. x 2 in. x 36 in. Chisel Pointed Wood Stake (25 Pack),28680,34.95,,Default Title,https://ihlcanada.com/products/1-in-x-2-in-x-36-in-pointed-surveyor-wood-stakes-25-pack,2026-05-31T12:06:25.230412
IHL Canada,Lumber,1 in. x 2 in. x 8 ft. Brown Pressure Treated Lumber,22103,3.5,,Default Title,https://ihlcanada.com/products/1-in-x-2-in-x-8-ft-brown-pressure-treated-lumber,2026-05-31T12:06:25.230415
IHL Canada,Lumber,1 in. x 2 in. x 8 ft. Spruce Lumber,20895,1.65,,Default Title,https://ihlcanada.com/products/1-in-x-2-in-spruce-lumber,2026-05-31T12:06:25.230421
IHL Canada,Lumber,1 in. x 3 in. x 8 ft. Spruce Lumber,20897,2.49,,Default Title,https://ihlcanada.com/products/1-in-x-3-in-x-8-ft-spruce-lumber,2026-05-31T12:06:25.230425
IHL Canada,Lumber,1 in. x 4 in. x 12 ft. Spruce Lumber,20900,4.88,,Default Title,https://ihlcanada.com/products/1-in-x-4-in-x-12-ft-spruce-lumber,2026-05-31T12:06:25.230427
IHL Canada,Lumber,1 in. x 4 in. x 8 ft. Spruce Lumber,20899,3.25,,Default Title,https://ihlcanada.com/products/1-in-x-4-in-spruce-lumber,2026-05-31T12:06:25.230431
IHL Canada,Lumber,1 in. x 6 in. x 10 ft. Economy Spruce Lumber,22349,4.99,,Default Title,https://ihlcanada.com/products/1-in-x-6-in-x-10-ft-economy-spruce-lumber-378-piece,2026-05-31T12:06:25.230448
IHL Canada,Lumber,1 in. x 6 in. x 14 ft. Spruce Lumber,20903,8.72,,Default Title,https://ihlcanada.com/products/1-in-x-6-in-x-14-ft-spruce-lumber,2026-05-31T12:06:25.230451
IHL Canada,Lumber,1 in. x 6 in. x 5 ft. Brown Pressure Treated Lumber Fence Board,22106,3.09,,Default Title,https://ihlcanada.com/products/1-in-x-6-in-x-5-ft-brown-pressure-treated-lumber,2026-05-31T12:06:25.230454
IHL Canada,Lumber,1 in. x 6 in. x 6 ft. Brown Pressure Treated Lumber Fence Board,22107,3.72,,Default Title,https://ihlcanada.com/products/1-in-x-6-in-x-6-ft-brown-pressure-treated-lumber,2026-05-31T12:06:25.230456
IHL Canada,Lumber,1 in. x 6 in. x 8 ft. Brown Pressure Treated Lumber Fence Board,22108,4.96,,Default Title,https://ihlcanada.com/products/1in-x-6in-brown-pressure-treated-lumber,2026-05-31T12:06:25.230458
IHL Canada,Lumber,1 in. x 6 in. x 8 ft. Spruce Lumber,20901,4.98,,Default Title,https://ihlcanada.com/products/1-in-x-6-in-spruce-lumber,2026-05-31T12:06:25.230463
IHL Canada,Lumber,1 in. x 8 in. x 16 ft. Spruce Lumber,27998,11.98,,Default Title,https://ihlcanada.com/products/1-in-x-8-in-x-16-ft-grade-3-spruce-lumber,2026-05-31T12:06:25.230466
IHL Canada,Lumber,1/2 in. x 4 ft. x 8 ft. Degrade Spruce Plywood,26785,32.84,,Default Title,https://ihlcanada.com/products/4-ft-x-8-ft-x-1-2-in-d-grade-spruce-plywood,2026-05-31T12:06:25.230468
IHL Canada,Lumber,1/2 in. x 4 ft. x 8 ft. Fire-Resistant Treated Plywood,27366,69.0,,Default Title,https://ihlcanada.com/products/4-ft-x-8-ft-fire-resistant-treated-plywood,2026-05-31T12:06:25.230472
IHL Canada,Lumber,1/2 in. x 4 ft. x 8 ft. Sienna Brown Pressure Treated Plywood,21734,51.89,,Default Title,https://ihlcanada.com/products/4-ft-x-8-ft-sienna-brown-pressure-treated-plywood,2026-05-31T12:06:25.230475
IHL Canada,Lumber,1/2 in. x 4 ft. x 8 ft. Standard Spruce Plywood,20948,36.49,,Default Title,https://ihlcanada.com/products/1-2-in-x-4-ft-x-8-ft-standard-spruce-plywood,2026-05-31T12:06:25.230477
IHL Canada,Lumber,"1/2"" x 49"" x 97"" MDF Medium Density Fiberboard",34457,44.99,,Default Title,https://ihlcanada.com/products/medium-density-fibreboard-mdf-49-inches-x-97-inches-x-1-2-inches,2026-05-31T12:06:25.230479
IHL Canada,Lumber,11/16 in. x 4 ft. x 8 ft. Ultraform 7 Layer Concrete Formply Plywood,21967,89.95,,Default Title,https://ihlcanada.com/products/11-16-in-x-4-ft-x-8-ft-ultraform-7-layer-formply-plywood,2026-05-31T12:06:25.230482
IHL Canada,Lumber,12 in. x 8 ft. Brown Pressure Treated Privacy Plus Lattice,22161,11.24,,Default Title,https://ihlcanada.com/products/taiga-12-in-x-8-ft-brown-pressure-treated-privacy-plus-lattice,2026-05-31T12:06:25.230484
IHL Canada,Lumber,2 in. x 10 in. x 10 ft. Brown Pressure Treated Lumber,22131,22.1,,Default Title,https://ihlcanada.com/products/2-in-x-10-in-x-8-ft-brown-pressure-treated-lumber-1,2026-05-31T12:06:25.230486
IHL Canada,Lumber,2 in. x 10 in. x 10 ft. Spruce Lumber,20933,21.86,,Default Title,https://ihlcanada.com/products/2-in-x-10-in-x-10-ft-spruce-lumber,2026-05-31T12:06:25.230489
IHL Canada,Lumber,2 in. x 10 in. x 12 ft. Brown Pressure Treated Lumber,22132,26.53,,Default Title,https://ihlcanada.com/products/2-in-x-10-in-x-12-ft-brown-pressure-treated-lumber,2026-05-31T12:06:25.230493
IHL Canada,Lumber,2 in. x 10 in. x 12 ft. Spruce Lumber,20934,26.24,,Default Title,https://ihlcanada.com/products/2-in-x-10-in-x-12-ft-spruce-lumber,2026-05-31T12:06:25.230495
IHL Canada,Lumber,2 in. x 10 in. x 14 ft. Spruce Lumber,20935,30.61,,Default Title,https://ihlcanada.com/products/2-in-x-10-in-x-14-ft-spruce-lumber,2026-05-31T12:06:25.230497
IHL Canada,Lumber,2 in. x 10 in. x 16 ft. Brown Pressure Treated Lumber,22134,35.37,,Default Title,https://ihlcanada.com/products/2-in-x-10-in-brown-pressure-treated-lumber,2026-05-31T12:06:25.230500
IHL Canada,Lumber,2 in. x 10 in. x 16 ft. Cleated Spruce Scaffold Plank,21859,87.0,,Default Title,https://ihlcanada.com/products/2-in-x-10-in-x-16-ft-cleated-spruce-scaffold-plank,2026-05-31T12:06:25.230502
IHL Canada,Lumber,2 in. x 10 in. x 16 ft. Non-Cleated Spruce Scaffold Plank,27513,85.0,,Default Title,https://ihlcanada.com/products/2-in-x-10-in-x-16-ft-non-cleated-spruce-scaffold-plank,2026-05-31T12:06:25.230504
IHL Canada,Lumber,2 in. x 10 in. x 16 ft. Spruce Lumber,20936,34.98,,Default Title,https://ihlcanada.com/products/2-in-x-10-in-x-16-ft-spruce-lumber,2026-05-31T12:06:25.230506
IHL Canada,Lumber,2 in. x 10 in. x 8 ft. Brown Pressure Treated Lumber,22130,17.69,,Default Title,https://ihlcanada.com/products/2-in-x-10-in-x-8-ft-brown-pressure-treated-lumber,2026-05-31T12:06:25.230509
IHL Canada,Lumber,2 in. x 10 in. x 8 ft. Spruce Lumber,20932,17.49,,Default Title,https://ihlcanada.com/products/2-in-x-10-in-spruce-lumber,2026-05-31T12:06:25.230511
IHL Canada,Lumber,2 in. x 12 in. x 10 ft. Brown Pressure Treated Lumber,22136,33.62,,Default Title,https://ihlcanada.com/products/2-in-x-12-in-x-10-ft-brown-pressure-treated-lumber,2026-05-31T12:06:25.230513
IHL Canada,Lumber,2 in. x 12 in. x 10 ft. Spruce Lumber,20938,37.36,,Default Title,https://ihlcanada.com/products/2-in-x-12-in-x-10-ft-spruce-lumber,2026-05-31T12:06:25.230517
IHL Canada,Lumber,2 in. x 12 in. x 12 ft.  Spruce Lumber,20939,44.84,,Default Title,https://ihlcanada.com/products/2-in-x-12-in-x-12-ft-spruce-lumber,2026-05-31T12:06:25.230520
IHL Canada,Lumber,2 in. x 12 in. x 12 ft. Brown Pressure Treated Lumber,22137,40.36,,Default Title,https://ihlcanada.com/products/2-in-x-12-in-x-12-ft-brown-pressure-treated-lumber,2026-05-31T12:06:25.230522
IHL Canada,Lumber,2 in. x 12 in. x 14 ft. Spruce Lumber,20940,52.31,,Default Title,https://ihlcanada.com/products/2-in-x-12-in-x-14-ft-spruce-lumber,2026-05-31T12:06:25.230524
IHL Canada,Lumber,2 in. x 12 in. x 16 ft. Spruce Lumber,20941,59.78,,Default Title,https://ihlcanada.com/products/2-in-x-12-in-x-16-ft-spruce-lumber,2026-05-31T12:06:25.230526
IHL Canada,Lumber,2 in. x 12 in. x 8 ft. Brown Pressure Treated Lumber,22135,26.9,,Default Title,https://ihlcanada.com/products/2-in-x-12-in-brown-pressure-treated-lumber,2026-05-31T12:06:25.230529
IHL Canada,Lumber,2 in. x 12 in. x 8 ft. Spruce Lumber,20937,29.89,,Default Title,https://ihlcanada.com/products/2-in-x-12-in-spruce-lumber,2026-05-31T12:06:25.230531
IHL Canada,Lumber,2 in. x 2 in. x 12 ft. Spruce Lumber,20908,4.88,,Default Title,https://ihlcanada.com/products/2-in-x-2-in-x-12-ft-spruce-lumber,2026-05-31T12:06:25.230533
IHL Canada,Lumber,2 in. x 2 in. x 42 in. Brown Pressure Treated Square End Baluster,22164,2.28,,Default Title,https://ihlcanada.com/products/2-in-x-2-in-x-42-in-brown-pressure-treated-square-end-baluster,2026-05-31T12:06:25.230535
IHL Canada,Lumber,2 in. x 2 in. x 48 in. Brown Pressure Treated Square Baluster Picket,26458,2.68,,Default Title,https://ihlcanada.com/products/2-in-x-2-in-x-48-in-brown-pressure-treated-square-baluster-picket,2026-05-31T12:06:25.230538
IHL Canada,Lumber,2 in. x 2 in. x 8 ft. Brown Pressure Treated Lumber,22104,4.49,,Default Title,https://ihlcanada.com/products/2-in-x-2-in-x-8-ft-brown-pressure-treated-lumber,2026-05-31T12:06:25.230540
IHL Canada,Lumber,2 in. x 2 in. x 8 ft. Plastic Lumber,29152,7.29,,Default Title,https://ihlcanada.com/products/2-in-x-2-in-x-8-ft-plastic-lumber,2026-05-31T12:06:25.230542
IHL Canada,Lumber,2 in. x 2 in. x 8 ft. Spruce Lumber,20907,3.25,,Default Title,https://ihlcanada.com/products/2-in-x-2-in-spruce-lumber,2026-05-31T12:06:25.230544
IHL Canada,Lumber,2 in. x 3 in. x 12 ft. Spruce Lumber,20910,5.1,,Default Title,https://ihlcanada.com/products/copy-of-2-in-x-3-in-x-8-ft-spruce-lumber,2026-05-31T12:06:25.230546
IHL Canada,Lumber,2 in. x 3 in. x 8 ft. Spruce Lumber,20909,3.4,,Default Title,https://ihlcanada.com/products/2-in-x-3-in-spruce-lumber,2026-05-31T12:06:25.230549
IHL Canada,Lumber,2 in. x 4 in. x 10 ft. Brown Pressure Treated Lumber,22116,7.64,,Default Title,https://ihlcanada.com/products/2-in-x-4-in-x-10-ft-brown-pressure-treated-lumber,2026-05-31T12:06:25.230553
IHL Canada,Lumber,2 in. x 4 in. x 10 ft. Spruce Lumber,20915,5.75,,Default Title,https://ihlcanada.com/products/2-in-x-4-in-x-10-ft-spruce-lumber,2026-05-31T12:06:25.230555
IHL Canada,Lumber,2 in. x 4 in. x 104-5/8 in. Spruce Lumber,20913,4.98,,Default Title,https://ihlcanada.com/products/2-in-x-4-in-x-104-5-8-in-spruce-lumber,2026-05-31T12:06:25.230557
IHL Canada,Lumber,2 in. x 4 in. x 116-5/8 in. Spruce Lumber,20914,6.1,,Default Title,https://ihlcanada.com/products/2-in-x-4-in-x-116-5-8-in-spruce-lumber,2026-05-31T12:06:25.230559
IHL Canada,Lumber,2 in. x 4 in. x 12 ft. Brown Pressure Treated Lumber,22117,9.17,,Default Title,https://ihlcanada.com/products/2-in-x-4-in-x-12-ft-brown-pressure-treated-lumber,2026-05-31T12:06:25.230562
IHL Canada,Lumber,2 in. x 4 in. x 12 ft. Spruce Lumber,20916,6.9,,Default Title,https://ihlcanada.com/products/2-in-x-4-in-x-12-ft-spruce-lumber,2026-05-31T12:06:25.230564
IHL Canada,Lumber,2 in. x 4 in. x 14 ft. Spruce Lumber,20917,8.05,,Default Title,https://ihlcanada.com/products/2-in-x-4-in-x-14-ft-spruce-lumber,2026-05-31T12:06:25.230566
IHL Canada,Lumber,2 in. x 4 in. x 16 ft. Brown Pressure Treated Lumber,22119,12.22,,Default Title,https://ihlcanada.com/products/2-in-x-4-in-x-16-ft-brown-pressure-treated-lumber,2026-05-31T12:06:25.230569
IHL Canada,Lumber,2 in. x 4 in. x 16 ft. Spruce Lumber,20918,9.2,,Default Title,https://ihlcanada.com/products/2-in-x-4-in-x-16-ft-spruce-lumber,2026-05-31T12:06:25.230571
IHL Canada,Lumber,2 in. x 4 in. x 8 ft. Brown Grooved Pressure Treated Lumber,22114,12.5,,Default Title,https://ihlcanada.com/products/2-in-x-4-in-x-8-ft-brown-grooved-pressure-treated-lumber,2026-05-31T12:06:25.230573
IHL Canada,Lumber,2 in. x 4 in. x 8 ft. Brown Pressure Treated Lumber,22115,6.11,,Default Title,https://ihlcanada.com/products/2-in-x-4-in-brown-pressure-treated-lumber,2026-05-31T12:06:25.230576
IHL Canada,Lumber,2 in. x 4 in. x 8 ft. Spruce Lumber,20912,3.78,,Default Title,https://ihlcanada.com/products/2-in-x-4-in-spruce-lumber,2026-05-31T12:06:25.230580
IHL Canada,Lumber,2 in. x 4 in. x 92-5/8 in. Spruce Lumber,20911,3.93,,Default Title,https://ihlcanada.com/products/2-in-x-4-in-x-92-5-8-in-spruce-lumber,2026-05-31T12:06:25.230582
IHL Canada,Lumber,2 in. x 6 in. x 10 ft. Brown Pressure Treated Lumber,22121,11.53,,Default Title,https://ihlcanada.com/products/2-in-x-6-in-x-10-ft-brown-pressure-treated-lumber,2026-05-31T12:06:25.230584
IHL Canada,Lumber,2 in. x 6 in. x 10 ft. Round Edge Brown Pressure Treated Decking Board,32574,15.62,,Default Title,https://ihlcanada.com/products/radius-edge-decking-2-inches-x-6-inches-x-10feet-pressure-treated-brown,2026-05-31T12:06:25.230587
IHL Canada,Lumber,2 in. x 6 in. x 10 ft. Spruce Lumber,20923,10.24,,Default Title,https://ihlcanada.com/products/2-in-x-6-in-x-10-ft-spruce-lumber,2026-05-31T12:06:25.230589
IHL Canada,Lumber,2 in. x 6 in. x 104-5/8 in. Spruce Lumber,20921,8.1,,Default Title,https://ihlcanada.com/products/2-in-x-6-in-x-104-5-8-in-spruce-lumber,2026-05-31T12:06:25.230591
IHL Canada,Lumber,2 in. x 6 in. x 116-5/8 in. Spruce Lumber,20922,10.13,,Default Title,https://ihlcanada.com/products/2-in-x-6-in-x-116-5-8-in-spruce-lumber,2026-05-31T12:06:25.230594
IHL Canada,Lumber,2 in. x 6 in. x 12 ft. Brown Pressure Treated Lumber,22122,13.84,,Default Title,https://ihlcanada.com/products/2-in-x-6-in-x-12-ft-brown-pressure-treated-lumber,2026-05-31T12:06:25.230596
IHL Canada,Lumber,2 in. x 6 in. x 12 ft. Round Edge Brown Pressure Treated Decking Board,32390,18.75,,Default Title,https://ihlcanada.com/products/radius-edge-decking-2-inches-x-6-inches-x-12feet-pressure-treated-brown,2026-05-31T12:06:25.230598
IHL Canada,Lumber,2 in. x 6 in. x 12 ft. Spruce Lumber,20924,12.29,,Default Title,https://ihlcanada.com/products/2-in-x-6-in-x-12-ft-spruce-lumber,2026-05-31T12:06:25.230600
IHL Canada,Lumber,2 in. x 6 in. x 14 ft. Spruce Lumber,20925,14.34,,Default Title,https://ihlcanada.com/products/2-in-x-6-in-x-14-ft-spruce-lumber,2026-05-31T12:06:25.230602
IHL Canada,Lumber,2 in. x 6 in. x 16 ft. Brown Pressure Treated Lumber,22124,18.45,,Default Title,https://ihlcanada.com/products/2-in-x-6-in-brown-pressure-treated-lumber,2026-05-31T12:06:25.230605
IHL Canada,Lumber,2 in. x 6 in. x 16 ft. Spruce Lumber,20926,16.38,,Default Title,https://ihlcanada.com/products/2-in-x-6-in-x-16-ft-spruce-lumber,2026-05-31T12:06:25.230607
IHL Canada,Lumber,2 in. x 6 in. x 8 ft. Brown Pressure Treated Lumber,22120,9.23,,Default Title,https://ihlcanada.com/products/2-in-x-6-in-x-8-ft-brown-pressure-treated-lumber,2026-05-31T12:06:25.230609
IHL Canada,Lumber,2 in. x 6 in. x 8 ft. Spruce Lumber,20920,6.89,,Default Title,https://ihlcanada.com/products/2-in-x-6-in-x-8-ft-spruce-lumber,2026-05-31T12:06:25.230611
IHL Canada,Lumber,2 in. x 6 in. x 92-5/8 in. Spruce Lumber,20919,6.49,,Default Title,https://ihlcanada.com/products/2in-x-6in-spruce-lumber,2026-05-31T12:06:25.230614
IHL Canada,Lumber,2 in. x 8 in. x 10 ft.  Pressure Treated Lumber,22126,16.48,,Default Title,https://ihlcanada.com/products/2-in-x-8-in-x-10-ft-brown-pressure-treated-lumber-1,2026-05-31T12:06:25.230616
IHL Canada,Lumber,2 in. x 8 in. x 10 ft. Spruce Lumber,20928,16.69,,Default Title,https://ihlcanada.com/products/2-in-x-8-in-x-10-ft-spruce-lumber,2026-05-31T12:06:25.230619
IHL Canada,Lumber,2 in. x 8 in. x 12 ft. Brown Pressure Treated Lumber,22127,19.78,,Default Title,https://ihlcanada.com/products/2-in-x-8-in-x-12-ft-brown-pressure-treated-lumber,2026-05-31T12:06:25.230623
IHL Canada,Lumber,2 in. x 8 in. x 12 ft. Spruce Lumber,20929,20.03,,Default Title,https://ihlcanada.com/products/2-in-x-8-in-x-12-ft-spruce-lumber,2026-05-31T12:06:25.230627
IHL Canada,Lumber,2 in. x 8 in. x 14 ft. Spruce Lumber,20930,23.36,,Default Title,https://ihlcanada.com/products/2-in-x-8-in-x-14-ft-spruce-lumber,2026-05-31T12:06:25.230629
IHL Canada,Lumber,2 in. x 8 in. x 16 ft. Brown Pressure Treated Lumber,22129,26.37,,Default Title,https://ihlcanada.com/products/2-in-x-8-in-brown-pressure-treated-lumber,2026-05-31T12:06:25.230631
IHL Canada,Lumber,2 in. x 8 in. x 16 ft. Spruce Lumber,20931,26.7,,Default Title,https://ihlcanada.com/products/2-in-x-8-in-x-16-ft-spruce-lumber,2026-05-31T12:06:25.230633
IHL Canada,Lumber,2 in. x 8 in. x 8 ft. Brown Pressure Treated Lumber,22125,13.19,,Default Title,https://ihlcanada.com/products/2-in-x-8-in-x-8-ft-brown-pressure-treated-lumber,2026-05-31T12:06:25.230635
IHL Canada,Lumber,2 in. x 8 in. x 8 ft. Spruce Lumber,20927,13.35,,Default Title,https://ihlcanada.com/products/2in-x-8in-spruce-lumber,2026-05-31T12:06:25.230638
IHL Canada,Lumber,3/4 in. 4 ft x 8 ft. Fire-Resistant Treated Plywood,21735,98.0,,Default Title,https://ihlcanada.com/products/4-ft-x-8-ft-x-3-4-in-fire-rated-plywood,2026-05-31T12:06:25.230642
IHL Canada,Lumber,3/4 in. 4 ft. x 8 ft. Tongue and Groove Spruce Plywood,20952,56.49,,Default Title,https://ihlcanada.com/products/4-ft-x-8-ft-x-3-4-in-standard-spruce-tongue-and-groove-plywood,2026-05-31T12:06:25.230644
IHL Canada,Lumber,3/4 in. x 10 ft. Roofing Cant Strip Wood (1000 ft.-Bundle),28091,285.0,,Default Title,https://ihlcanada.com/products/3-4in-x-9ft-roofing-cant-strip-wood-1000-ft-bundle,2026-05-31T12:06:25.230646
IHL Canada,Lumber,3/4 in. x 4 ft. x 8 ft. Degrade Spruce Plywood,26784,50.84,,Default Title,https://ihlcanada.com/products/4-ft-x-8-ft-x-3-4-in-d-grade-spruce-plywood,2026-05-31T12:06:25.230649
IHL Canada,Lumber,3/4 in. x 4 ft. x 8 ft. S2S Birch Plywood,28421,76.25,,Default Title,https://ihlcanada.com/products/3-4-in-x-4-ft-x-8-ft-baltic-birch-plywood,2026-05-31T12:06:25.230651
IHL Canada,Lumber,3/4 in. x 4 ft. x 8 ft. Sienna Brown Pressure Treated Plywood,22466,74.1,,Default Title,https://ihlcanada.com/products/3-4-in-x-4-ft-x-8-ft-sienna-brown-pressure-treated-plywood,2026-05-31T12:06:25.230653
IHL Canada,Lumber,3/4 in. x 4 ft. x 8 ft. Standard Spruce Plywood,20951,56.49,,Default Title,https://ihlcanada.com/products/3-4-in-x-4-ft-x-8-ft-standard-spruce-plywood,2026-05-31T12:06:25.230655
IHL Canada,Lumber,3/4 in. x 4 ft. x 8 ft. Tongue and Grooved Oriented Strand Board,20956,26.98,,Default Title,https://ihlcanada.com/products/4-ft-x-8-ft-x-3-4-in-tongue-and-grooved-oriented-strand-board,2026-05-31T12:06:25.230658
IHL Canada,Lumber,"3/4"" x 49"" x 97"" MDF Medium Density Fiberboard",31416,56.98,,Default Title,https://ihlcanada.com/products/medium-density-fibreboard-mdf-49-inches-x-97-inches-x-3-4-inches,2026-05-31T12:06:25.230660
IHL Canada,Lumber,3/8 in. x 4 ft. x 8 ft. Degrade Spruce Plywood,26786,24.74,,Default Title,https://ihlcanada.com/products/4-ft-x-8-ft-degrade-spruce-plywood,2026-05-31T12:06:25.230662
IHL Canada,Lumber,3/8 in. x 4 ft. x 8 ft. Standard Spruce Plywood,20947,27.49,,Default Title,https://ihlcanada.com/products/4-ft-x-8-ft-standard-spruce-plywood,2026-05-31T12:06:25.230665
IHL Canada,Lumber,4 in. x 4 in. x 10 ft. Brown Pressure Treated Lumber,22141,18.23,,Default Title,https://ihlcanada.com/products/4-in-x-4-in-x-10-ft-brown-pressure-treated-lumber,2026-05-31T12:06:25.230667
IHL Canada,Lumber,4 in. x 4 in. x 10 ft. Spruce Lumber,20943,16.0,,Default Title,https://ihlcanada.com/products/4-in-x-4-in-x-10-ft-spruce-lumber,2026-05-31T12:06:25.230669
IHL Canada,Lumber,4 in. x 4 in. x 12 ft. Brown Pressure Treated Lumber,22142,21.87,,Default Title,https://ihlcanada.com/products/4-in-x-4-in-brown-pressure-treated-lumber,2026-05-31T12:06:25.230671
IHL Canada,Lumber,4 in. x 4 in. x 12 ft. Spruce Lumber,20944,19.2,,Default Title,https://ihlcanada.com/products/4-in-x-4-in-x-12-ft-spruce-lumber,2026-05-31T12:06:25.230673
IHL Canada,Lumber,4 in. x 4 in. x 14 ft. Spruce Lumber,20945,22.4,,Default Title,https://ihlcanada.com/products/4-in-x-4-in-x-14-ft-spruce-lumber,2026-05-31T12:06:25.230676
IHL Canada,Lumber,4 in. x 4 in. x 16 ft. Spruce Lumber,21797,25.6,,Default Title,https://ihlcanada.com/products/4-in-x-4-in-x-16-ft-spruce-lumber,2026-05-31T12:06:25.230678
IHL Canada,Lumber,4 in. x 4 in. x 8 ft. Brown Pressure Treated Lumber,22140,14.58,,Default Title,https://ihlcanada.com/products/4-in-x-4-in-x-8-ft-brown-pressure-treated-lumber,2026-05-31T12:06:25.230680
IHL Canada,Lumber,4 in. x 4 in. x 8 ft. Spruce Lumber,20942,12.8,,Default Title,https://ihlcanada.com/products/4-in-x-4-in-spruce-lumber,2026-05-31T12:06:25.230682
IHL Canada,Lumber,"4"" X 4"" X 8' PRESSURE TREATED CANT STRIP",20946,13.99,,Default Title,https://ihlcanada.com/products/4in-x-4in-x-8ft-pressure-treated-cant-strip,2026-05-31T12:06:25.230684
IHL Canada,Lumber,5/4 in. x 6 in. x 10 ft. Brown Pressure Treated Decking Board,22112,9.12,,Default Title,https://ihlcanada.com/products/5-4-in-x-6-in-x-10-ft-brown-pressure-treated-lumber,2026-05-31T12:06:25.230687
IHL Canada,Lumber,5/4 in. x 6 in. x 12 ft. Brown Pressure Treated Decking Board,22111,10.94,,Default Title,https://ihlcanada.com/products/5-4-in-x-6-in-x-12-ft-brown-pressure-treated-lumber,2026-05-31T12:06:25.230689
IHL Canada,Lumber,5/4 in. x 6 in. x 16 ft. Brown Pressure Treated Decking Board,22109,14.58,,Default Title,https://ihlcanada.com/products/5-4-in-x-6-in-x-16-ft-brown-pressure-treated-lumber,2026-05-31T12:06:25.230691
IHL Canada,Lumber,5/4 in. x 6 in. x 8 ft. Brown Pressure Treated Decking Board,22113,7.29,,Default Title,https://ihlcanada.com/products/5-4-in-x-6-in-brown-pressure-treated-lumber,2026-05-31T12:06:25.230693
IHL Canada,Lumber,5/8 in. x 4 ft. x 8 ft. Degrade Spruce Plywood,26783,42.53,,Default Title,https://ihlcanada.com/products/4-ft-x-8-ft-x-5-8-in-d-grade-spruce-plywood,2026-05-31T12:06:25.230696
IHL Canada,Lumber,5/8 in. x 4 ft. x 8 ft. Fire-Resistant Treated Plywood,27650,83.0,,Default Title,https://ihlcanada.com/products/4-ft-x-8-ft-x-5-8-in-fire-rated-plywood,2026-05-31T12:06:25.230698
IHL Canada,Lumber,5/8 in. x 4 ft. x 8 ft. Sienna Brown Pressure Treated Plywood,22465,64.1,,Default Title,https://ihlcanada.com/products/5-8-in-x-4-ft-x-8-ft-sienna-brown-pressure-treated-plywood,2026-05-31T12:06:25.230700
IHL Canada,Lumber,5/8 in. x 4 ft. x 8 ft. Standard Spruce Plywood,20949,47.25,,Default Title,https://ihlcanada.com/products/5-8-in-x-4-ft-x-8-ft-standard-spruce-plywood,2026-05-31T12:06:25.230702
IHL Canada,Lumber,5/8 in. x 4 ft. x 8 ft. Tongue and Grooved OSB Oriented Strand Board,20955,22.48,,Default Title,https://ihlcanada.com/products/5-8-in-x-4-ft-x-8-ft-tongue-and-grooved-osb-oriented-strand-board,2026-05-31T12:06:25.230704
IHL Canada,Lumber,5/8 in. x 4 ft. x 8 ft. Tongue-and-Groove Spruce Plywood,20950,47.25,,Default Title,https://ihlcanada.com/products/4-ft-x-8-ft-x-5-8-in-standard-spruce-tongue-and-groove-plywood,2026-05-31T12:06:25.230707
IHL Canada,Lumber,"5/8"" x 49"" x 97"" MDF Medium Density Fiberboard",34456,49.98,,Default Title,https://ihlcanada.com/products/medium-density-fibreboard-mdf-49-inches-x-97-inches-x-5-8-inches,2026-05-31T12:06:25.230709
IHL Canada,Lumber,6 in. x 6 in. x 10 ft. Brown Pressure Treated Lumber Post,22151,46.89,,Default Title,https://ihlcanada.com/products/copy-of-6-in-x-6-in-x-8-ft-brown-pressure-treated-lumber,2026-05-31T12:06:25.230711
IHL Canada,Lumber,6 in. x 6 in. x 12 ft. Brown Pressure Treated Lumber,22152,56.27,,Default Title,https://ihlcanada.com/products/6-in-x-6-in-brown-pressure-treated-lumber,2026-05-31T12:06:25.230713
IHL Canada,Lumber,6 in. x 6 in. x 8 ft. Brown Pressure Treated Lumber,22150,37.51,,Default Title,https://ihlcanada.com/products/6-in-x-6-in-x-8-ft-brown-pressure-treated-lumber,2026-05-31T12:06:25.230716
IHL Canada,Lumber,7/16 in. x 4 ft. x 8 ft. OSB Oriented Strand Board,20954,13.98,,Default Title,https://ihlcanada.com/products/4-ft-x-8-ft-oriented-strand-board,2026-05-31T12:06:25.230718
IHL Canada,Lumber,Nuvo Iron Easy Cap 5-1/2 in. x 5-1/2 in. Post Cap,28505,2.92,,Default Title,https://ihlcanada.com/products/nuvo-iron-pcp12blk-5-1-2-in-x-5-1-2-in-eazy-cap-pyramid-post-cap,2026-05-31T12:06:25.230722
IHL Canada,Lumber,T158E 3/4 in. x 3-1/2 in. Primed MDF Step Bevel Casing Moulding,28425,6.97,,Default Title,https://ihlcanada.com/products/taiga-t158e-3-4-in-x-3-1-2-in-primed-mdf-step-bevel-casing,2026-05-31T12:06:25.230724
IHL Canada,Lumber,T273E 5/8 in. x 5-1/2 in. Primed MDF Step Bevel Base Moulding,28426,13.94,,Default Title,https://ihlcanada.com/products/taiga-t273e-5-8-in-x-5-1-2-in-primed-mdf-step-bevel-base,2026-05-31T12:06:25.230726
IHL Canada,Lumber,T394E 3/8 in. x 1-3/8 in. Primed MDF Step Bevel Shoe Moulding,28430,3.65,,Default Title,https://ihlcanada.com/products/taiga-t394e-3-8-in-x-1-3-8-in-primed-mdf-step-bevel-shoe,2026-05-31T12:06:25.230728
IHL Canada,Lumber,T909E 3/8 in. x 1-3/16 in. Primed MDF Ultra Light Stop Moulding,28424,2.93,,Default Title,https://ihlcanada.com/products/taiga-t909e-3-8-in-x-1-3-16-in-primed-mdf-ultra-light-stop,2026-05-31T12:06:25.230732
IHL Canada,Plywood,7/16 in. x 4 ft. x 8 ft. OSB Oriented Strand Board,20954,13.98,,Default Title,https://ihlcanada.com/products/4-ft-x-8-ft-oriented-strand-board,2026-05-31T12:06:26.600570
IHL Canada,Plywood,5/8 in. x 4 ft. x 8 ft. Tongue and Grooved OSB Oriented Strand Board,20955,22.48,,Default Title,https://ihlcanada.com/products/5-8-in-x-4-ft-x-8-ft-tongue-and-grooved-osb-oriented-strand-board,2026-05-31T12:06:26.600581
IHL Canada,Plywood,3/8 in. x 4 ft. x 8 ft. Degrade Spruce Plywood,26786,24.74,,Default Title,https://ihlcanada.com/products/4-ft-x-8-ft-degrade-spruce-plywood,2026-05-31T12:06:26.600584
IHL Canada,Plywood,3/4 in. x 4 ft. x 8 ft. Tongue and Grooved Oriented Strand Board,20956,26.98,,Default Title,https://ihlcanada.com/products/4-ft-x-8-ft-x-3-4-in-tongue-and-grooved-oriented-strand-board,2026-05-31T12:06:26.600590
IHL Canada,Plywood,3/8 in. x 4 ft. x 8 ft. Standard Spruce Plywood,20947,27.49,,Default Title,https://ihlcanada.com/products/4-ft-x-8-ft-standard-spruce-plywood,2026-05-31T12:06:26.600593
IHL Canada,Plywood,1/2 in. x 4 ft. x 8 ft. Degrade Spruce Plywood,26785,32.84,,Default Title,https://ihlcanada.com/products/4-ft-x-8-ft-x-1-2-in-d-grade-spruce-plywood,2026-05-31T12:06:26.600595
IHL Canada,Plywood,1/2 in. x 4 ft. x 8 ft. Standard Spruce Plywood,20948,36.49,,Default Title,https://ihlcanada.com/products/1-2-in-x-4-ft-x-8-ft-standard-spruce-plywood,2026-05-31T12:06:26.600598
IHL Canada,Plywood,5/8 in. x 4 ft. x 8 ft. Degrade Spruce Plywood,26783,42.53,,Default Title,https://ihlcanada.com/products/4-ft-x-8-ft-x-5-8-in-d-grade-spruce-plywood,2026-05-31T12:06:26.600600
IHL Canada,Plywood,5/8 in. x 4 ft. x 8 ft. Tongue-and-Groove Spruce Plywood,20950,47.25,,Default Title,https://ihlcanada.com/products/4-ft-x-8-ft-x-5-8-in-standard-spruce-tongue-and-groove-plywood,2026-05-31T12:06:26.600603
IHL Canada,Plywood,5/8 in. x 4 ft. x 8 ft. Standard Spruce Plywood,20949,47.25,,Default Title,https://ihlcanada.com/products/5-8-in-x-4-ft-x-8-ft-standard-spruce-plywood,2026-05-31T12:06:26.600606
IHL Canada,Plywood,3/4 in. x 4 ft. x 8 ft. Degrade Spruce Plywood,26784,50.84,,Default Title,https://ihlcanada.com/products/4-ft-x-8-ft-x-3-4-in-d-grade-spruce-plywood,2026-05-31T12:06:26.600608
IHL Canada,Plywood,1/2 in. x 4 ft. x 8 ft. Sienna Brown Pressure Treated Plywood,21734,51.89,,Default Title,https://ihlcanada.com/products/4-ft-x-8-ft-sienna-brown-pressure-treated-plywood,2026-05-31T12:06:26.600611
IHL Canada,Plywood,3/4 in. 4 ft. x 8 ft. Tongue and Groove Spruce Plywood,20952,56.49,,Default Title,https://ihlcanada.com/products/4-ft-x-8-ft-x-3-4-in-standard-spruce-tongue-and-groove-plywood,2026-05-31T12:06:26.600613
IHL Canada,Plywood,3/4 in. x 4 ft. x 8 ft. Standard Spruce Plywood,20951,56.49,,Default Title,https://ihlcanada.com/products/3-4-in-x-4-ft-x-8-ft-standard-spruce-plywood,2026-05-31T12:06:26.600616
IHL Canada,Plywood,5/8 in. x 4 ft. x 8 ft. Sienna Brown Pressure Treated Plywood,22465,64.1,,Default Title,https://ihlcanada.com/products/5-8-in-x-4-ft-x-8-ft-sienna-brown-pressure-treated-plywood,2026-05-31T12:06:26.600618
IHL Canada,Plywood,1/2 in. x 4 ft. x 8 ft. Fire-Resistant Treated Plywood,27366,69.0,,Default Title,https://ihlcanada.com/products/4-ft-x-8-ft-fire-resistant-treated-plywood,2026-05-31T12:06:26.600621
IHL Canada,Plywood,3/4 in. x 4 ft. x 8 ft. Sienna Brown Pressure Treated Plywood,22466,74.1,,Default Title,https://ihlcanada.com/products/3-4-in-x-4-ft-x-8-ft-sienna-brown-pressure-treated-plywood,2026-05-31T12:06:26.600623
IHL Canada,Plywood,3/4 in. x 4 ft. x 8 ft. S2S Birch Plywood,28421,76.25,,Default Title,https://ihlcanada.com/products/3-4-in-x-4-ft-x-8-ft-baltic-birch-plywood,2026-05-31T12:06:26.600626
IHL Canada,Plywood,5/8 in. x 4 ft. x 8 ft. Fire-Resistant Treated Plywood,27650,83.0,,Default Title,https://ihlcanada.com/products/4-ft-x-8-ft-x-5-8-in-fire-rated-plywood,2026-05-31T12:06:26.600629
IHL Canada,Plywood,11/16 in. x 4 ft. x 8 ft. Ultraform 7 Layer Concrete Formply Plywood,21967,89.95,,Default Title,https://ihlcanada.com/products/11-16-in-x-4-ft-x-8-ft-ultraform-7-layer-formply-plywood,2026-05-31T12:06:26.600631
IHL Canada,Plywood,3/4 in. 4 ft x 8 ft. Fire-Resistant Treated Plywood,21735,98.0,,Default Title,https://ihlcanada.com/products/4-ft-x-8-ft-x-3-4-in-fire-rated-plywood,2026-05-31T12:06:26.600634
IHL Canada,Metal Framing,DuraDrive 1-5/8 in. x 10 ft. 25-Gauge Metal Framing Stud,28385,5.43,,Default Title,https://ihlcanada.com/products/duradrive-1-5-8-in-x-10-ft-25-gauge-metal-stud,2026-05-31T12:06:27.975271
IHL Canada,Metal Framing,DuraDrive 1-5/8 in. x 10 ft. 25-Gauge Metal Framing Track,28387,4.85,,Default Title,https://ihlcanada.com/products/duradrive-10-ft-length-25-gauge-metal-framing-track,2026-05-31T12:06:27.975282
IHL Canada,Metal Framing,DuraDrive 1-5/8 in. x 8 ft. 25-Gauge Metal Framing Stud,28383,4.38,,Default Title,https://ihlcanada.com/products/duradrive-25-gauge-wall-framing-metal-stud,2026-05-31T12:06:27.975285
IHL Canada,Metal Framing,DuraDrive 12 ft x 1-5/8 in x 0.018 in Wall Metal Framing Stud,28386,6.48,,Default Title,https://ihlcanada.com/products/duradrive-1-5-8-in-x-12-ft-25-gauge-metal-stud,2026-05-31T12:06:27.975288
IHL Canada,Metal Framing,DuraDrive 2-1/2 in. x 10 ft. 25-Gauge Metal Framing Stud,28390,6.09,,Default Title,https://ihlcanada.com/products/duradrive-2-1-2-in-x-10-ft-25-gauge-metal-stud,2026-05-31T12:06:27.975290
IHL Canada,Metal Framing,DuraDrive 2-1/2 in. x 10 ft. 25-Gauge Metal Framing Track,28392,6.92,,Default Title,https://ihlcanada.com/products/duradrive-2-1-2-in-x-10-ft-metal-framing-track,2026-05-31T12:06:27.975293
IHL Canada,Metal Framing,DuraDrive 2-1/2 in. x 8 ft. 25-Gauge Metal Framing Stud,28388,4.87,,Default Title,https://ihlcanada.com/products/duradrive-2-1-2-in-x-8-ft-25-gauge-metal-stud,2026-05-31T12:06:27.975295
IHL Canada,Metal Framing,DuraDrive 2-1/2 in. x 9 ft. 25-Gauge Metal Framing Stud,28389,5.46,,Default Title,https://ihlcanada.com/products/duradrive-2-1-2-in-x-9-ft-25-gauge-metal-stud,2026-05-31T12:06:27.975298
IHL Canada,Metal Framing,DuraDrive 3-5/8 in. x 10 ft. 25-Gauge Metal Framing Stud,28374,7.77,,Default Title,https://ihlcanada.com/products/duradrive-3-5-8-in-x-10-ft-25-gauge-metal-stud,2026-05-31T12:06:27.975300
IHL Canada,Metal Framing,DuraDrive 3-5/8 in. x 10 ft. 25-Gauge Metal Framing Track,28375,7.69,,Default Title,https://ihlcanada.com/products/duradrive-3-5-8-in-x-10-ft-25-gauge-metal-framing-track,2026-05-31T12:06:27.975303
IHL Canada,Metal Framing,DuraDrive 3-5/8 in. x 12 ft. 25-Gauge Metal Framing Stud,28395,9.28,,Default Title,https://ihlcanada.com/products/duradrive-3-5-8-in-x-12-ft-25-gauge-metal-stud,2026-05-31T12:06:27.975305
IHL Canada,Metal Framing,DuraDrive 3-5/8 in. x 8 ft. 25-Gauge Metal Framing Stud,28393,6.29,,Default Title,https://ihlcanada.com/products/duradrive-3-5-8-in-x-8-ft-25-gauge-metal-stud,2026-05-31T12:06:27.975308
IHL Canada,Metal Framing,DuraDrive 3-5/8 in. x 9 ft. 25-Gauge Metal Framing Stud,28394,6.83,,Default Title,https://ihlcanada.com/products/duradrive-3-5-8-in-x-9-ft-25-gauge-metal-stud,2026-05-31T12:06:27.975310
IHL Canada,Metal Framing,DuraDrive 6 in. x 10 ft. 25-Gauge Metal Framing Stud,28398,9.09,,Default Title,https://ihlcanada.com/products/duradrive-6-in-x-10-ft-25-gauge-metal-stud,2026-05-31T12:06:27.975313
IHL Canada,Metal Framing,DuraDrive 6 in. x 10 ft. 25-Gauge Metal Framing Track,28399,8.86,,Default Title,https://ihlcanada.com/products/duradrive-6-in-x-10-ft-25-gauge-metal-framing-track,2026-05-31T12:06:27.975315
IHL Canada,Metal Framing,DuraDrive 7/8 in x 12 ft x 0.025 in Drywall Furring Channel,28564,9.49,,Default Title,https://ihlcanada.com/products/duradrive-7-8-in-x-12-ft-drywall-furring-channel,2026-05-31T12:06:27.975318
IHL Canada,Metal Framing,DuraDrive 7/8 in. x 10 ft. 0.025-Gauge Drywall Furring Channel,28401,8.98,,Default Title,https://ihlcanada.com/products/duradrive-7-8-in-width-18-gauge-drywall-furring-channel,2026-05-31T12:06:27.975320
IHL Canada,Metal Framing,DuraDrive C54 1-1/2 in. x 1/2 in. x 12 ft. 18-Gauge Metal Stiffener Channel,28410,11.65,,Default Title,https://ihlcanada.com/products/duradrive-c54-1-1-2-in-x-1-2-in-x-12-ft-18-gauge-metal-stiffener-channel,2026-05-31T12:06:27.975323
IHL Canada,Metal Framing,DuraDrive C54 3/4 in. x 1/2 in. x 12 ft. 18-Gauge Metal Stiffener Channel,30226,11.49,,Default Title,https://ihlcanada.com/products/duradrive-c54-3-4-in-x-1-2-in-x-12-ft-18-gauge-metal-stiffener-channel,2026-05-31T12:06:27.975326
IHL Canada,Metal Framing,RC Plus 12 ft. Resilient Channel,28400,8.75,,Default Title,https://ihlcanada.com/products/rc-plus-12-ft-resilient-channel,2026-05-31T12:06:27.975328
IHL Canada,Insulation,SAX 360 24.5 oz. / 750 ml Extreme Climate Expanding Spray Foam Insulation,30100,9.49,,Default Title,https://ihlcanada.com/products/sax-dual-valve-insulating-gun-grade-sealant,2026-05-31T12:06:29.445575
IHL Canada,Insulation,Selsil 17 oz. / 500 ml Spray Foam Gun Cleaner,28123,6.99,,Default Title,https://ihlcanada.com/products/selsil-500-ml-selfix-expanding-insulating-spray-foam-gun-grade-cleaner,2026-05-31T12:06:29.445586
IHL Canada,Insulation,HandiFoam E84 Insulating Spray Foam Kit (201 bd.ft.),32902,489.99,,Default Title,https://ihlcanada.com/products/handifoam-e84-foam,2026-05-31T12:06:29.445589
IHL Canada,Insulation,HandiFoam E84 Insulating Spray Foam Kit (601 bd. ft.),32901,1099.0,,Default Title,https://ihlcanada.com/products/handifoam-ii-605-e84-spray-foam-kit-2-boxes,2026-05-31T12:06:29.445592
IHL Canada,Insulation,Silverboard 1.5 in. x 4 ft. x 8 ft. Type-3 Under Slab Rigid Foam Board Insulation,16801,46.79,,Default Title,https://ihlcanada.com/products/copy-of-amvic-silverboard-sb35s1000s-1-in-x-4-ft-x-8-ft-type-3-under-slab-rigid-foam-board-insulation,2026-05-31T12:06:29.445595
IHL Canada,Insulation,Silverboard 1 in. x 4 ft. x 8 ft. Type-3 Under Slab Rigid Foam Board Insulation,16799,29.77,,Default Title,https://ihlcanada.com/products/amvic-silverboard-4-ft-x-8-ft-type-3-reflective-and-under-slab-rigid-butt-edge-foam-board-insulation,2026-05-31T12:06:29.445597
IHL Canada,Insulation,Silverboard 2 in. x 4 ft. x 8 ft. Type-3 Under Slab Rigid Foam Board Insulation,16803,59.54,,Default Title,https://ihlcanada.com/products/copy-of-amvic-silverboard-sb35s1000s-1-in-x-4-ft-x-8-ft-type-3-under-slab-rigid-foam-board-insulation-1,2026-05-31T12:06:29.445599
IHL Canada,Insulation,"Sopra XPS-30 2 in. x 24 in. x 96 in.
  Butt-Edge Extruded Polystyrene Rigid Insulation",27390,31.89,,Default Title,https://ihlcanada.com/products/sopra-xps-30-2-in-x-24-in-x-96-in-butt-edge-extruded-polystyrene-rigid-insulation,2026-05-31T12:06:29.445602
IHL Canada,Insulation,"Sopra XPS-30 4 in. x 24 in. x 96 in.
  Shiplap Extruded Polystyrene Rigid Insulation",30239,63.79,,Default Title,https://ihlcanada.com/products/sopra-xps-30-4-in-x-24-in-x-96-in-shiplap-four-edge-extruded-polystyrene-rigid-insulation,2026-05-31T12:06:29.445604
IHL Canada,Insulation,Owens Corning R-12 EcoTouch 15 in. x 47 in. x 3.5 in. Pink Fiberglas Insulation (97.9 sq. ft.),21378,55.7,,Default Title,https://ihlcanada.com/products/owens-corning-r-12-ecotouch-15-in-x-47-in-x-3-5-in-pink-fiberglas-insulation-97-9-sq-ft,2026-05-31T12:06:29.445607
IHL Canada,Insulation,Owens Corning R-22 EcoTouch 15 in. x 47 in. x 5.5 in. Pink Fiberglas Insulation (49.0 sq. ft.),20792,54.87,,Default Title,https://ihlcanada.com/products/owens-corning-r-22-ecotouch-15-in-x-47-in-x-5-5-in-pink-fiberglas-insulation-49-0-sq-ft,2026-05-31T12:06:29.445609
IHL Canada,Insulation,ROCKWOOL COMFORTBATT R22 5.5 in. x 23 in. x 47 in. Wood Stud Insulation,21359,98.97,,Default Title,https://ihlcanada.com/products/rockwool-comfortbatt-r22-5-5-in-x-23-in-x-47-in-wood-stud-insulation,2026-05-31T12:06:29.445611
IHL Canada,Insulation,ROCKWOOL COMFORTBATT R32 8 in. x 15.25 in. x 47 in. Wood Stud Insulation,21361,115.1,,Default Title,https://ihlcanada.com/products/rockwool-comfortbatt-r32-8-in-x-15-25-in-x-47-in-wood-stud-insulation,2026-05-31T12:06:29.445614
IHL Canada,Insulation,SAX 17 oz. / 500 ml Extreme Climate Expanding Spray Foam Insulation,28098,7.99,,Default Title,https://ihlcanada.com/products/sax-all-weather-polyurethane-spray-expanding-foam-500-ml-17oz,2026-05-31T12:06:29.445616
IHL Canada,Insulation,Amvic Envirosheet EN20S25004 2-1/2 in. x 4 ft. x 8 ft. Type-2 EPS Rigid Foam Board Insulation (6-Piece),32515,285.0,,Default Title,https://ihlcanada.com/products/amvic-envirosheet-en20s25004-2-1-2-in-x-4-ft-x-8-ft-type-2-eps-rigid-foam-board-insulation-6-piece,2026-05-31T12:06:29.445618
IHL Canada,Insulation,Amvic Bead Board 4 in. x 2 ft. x 8 ft. Rigid Foam Board Insulation (6-Pack),32578,159.43,,Default Title,https://ihlcanada.com/products/bead-board-2-x-8-x-4-6pcs-bdl-96-sqft-bdl-32-cuft-bdl,2026-05-31T12:06:29.445621
IHL Canada,Insulation,Amvic Envirosheet EN12S20004 2 in. x 4 ft. x 8 ft. Type-1 EPS Rigid Foam Board Insulation (7-Piece),32341,198.0,,Default Title,https://ihlcanada.com/products/amvic-envirosheet-en12s20004-2-in-x-4-ft-x-8-ft-type-1-eps-rigid-foam-board-insulation-7-piece,2026-05-31T12:06:29.445623
IHL Canada,Insulation,Amvic Bead Board 2-1/2 in. x 2 ft. x 4 ft. Rigid Foam Board Insulation (24-Pack),10308,205.0,,Default Title,https://ihlcanada.com/products/amvic-eifs-cut0005-2-1-2-in-x-2-ft-x-4-ft-rigid-foam-board-insulation-24-piece,2026-05-31T12:06:29.445625
IHL Canada,Insulation,"Sopra XPS-30 2 in.
  x 24 in. x 96 in. Shiplap Extruded Polystyrene Rigid Insulation",27389,31.89,,Default Title,https://ihlcanada.com/products/sopra-xps-30-2-in-x-24-in-x-96-in-shiplap-four-edge-extruded-polystyrene-rigid-insulation,2026-05-31T12:06:29.445628
IHL Canada,Insulation,"Sopra XPS-30 1 in. x 24 in. x 96 in.
  Butt-Edge Extruded Polystyrene Rigid Insulation",27997,15.95,,Default Title,https://ihlcanada.com/products/sopra-xps-30-1-in-x-24-in-x-96-in-square-edge-extruded-polystyrene-rigid-insulation,2026-05-31T12:06:29.445630
IHL Canada,Insulation,"Sopra XPS-100 2 in. x 24 in. x 96 in.
  Butt-Edge Extruded Polystyrene Rigid Insulation",28334,82.3,,Default Title,https://ihlcanada.com/products/sopra-xps-100-2-in-x-24-in-x-96-in-butt-edge-extruded-polystyrene-rigid-insulation,2026-05-31T12:06:29.445632
IHL Canada,Insulation,"Sopra XPS-30 1-1/2 in. x 24 in. x 96 in.
  Shiplap Extruded Polystyrene Rigid Insulation",27393,23.89,,Default Title,https://ihlcanada.com/products/sopra-xps-30-1-1-2-in-x-24-in-x-96-in-shiplap-four-edge-extruded-polystyrene-rigid-insulation,2026-05-31T12:06:29.445635
IHL Canada,Insulation,ROCKWOOL COMFORTBATT R32 8 in. x 23 in. x 47 in. Wood Stud Insulation,21362,115.46,,Default Title,https://ihlcanada.com/products/rockwool-comfortbatt-r32-8-in-x-23-in-x-47-in-wood-stud-insulation,2026-05-31T12:06:29.445637
IHL Canada,Insulation,ROCKWOOL COMFORTBATT R14 3.5 in. x 16.25 in. x 48 in. Steel Stud Insulation,21363,103.45,,Default Title,https://ihlcanada.com/products/rockwool-comfortbatt-r14-3-5-in-x-16-25-in-x-48-in-steel-stud-insulation,2026-05-31T12:06:29.445639
IHL Canada,Insulation,ROCKWOOL COMFORTBATT R14 3.5 in. x 23 in. x 47 in. Wood Stud Insulation,21357,103.25,,Default Title,https://ihlcanada.com/products/rockwool-comfortbatt-r14-3-5-in-x-23-in-x-47-in-wood-stud-insulation,2026-05-31T12:06:29.445642
IHL Canada,Insulation,ROCKWOOL COMFORTBOARD 80 1.5 in. x 24 in. x 48 in. Continuous Insulation (6-Pack),29039,96.1,,Default Title,https://ihlcanada.com/products/rockwool-comfortboard-80-1-5-in-x-24-in-x-48-in-continuous-insulation-6-pack,2026-05-31T12:06:29.445644
IHL Canada,Insulation,Owens Corning EcoTouch QuietZone 2 in. x 4 in. Metal Stud with 16 in. Pink Fiberglas Walls Acoustic,20849,74.29,,Default Title,https://ihlcanada.com/products/owens-corning-2-in-x-4-in-metal-stud-with-16-in-centers-ecotouch-quietzone-pink-fiberglass-walls-acoustic-batt-insulation-24-piece-128-sqft,2026-05-31T12:06:29.445646
IHL Canada,Insulation,Owens Corning EcoTouch QuietZone 15 in. x 48 in. x 3.5 in. Pink Fiberglas Acoustic Insulation (110.0 sq. ft.),20847,67.76,,Default Title,https://ihlcanada.com/products/owens-corning-ecotouch-quietzone-15-in-x-48-in-x-3-5-in-pink-fiberglas-acoustic-insulation-110-0-sq-ft,2026-05-31T12:06:29.445648
IHL Canada,Insulation,Owens Corning R-14 EcoTouch 23 in. x 47 in. x 3.5 in. Pink Fiberglas Insulation (120.1 sq. ft.),21380,98.5,,Default Title,https://ihlcanada.com/products/owens-corning-r-14-ecotouch-23-in-x-47-in-x-3-5-in-pink-fiberglas-insulation-120-1-sq-ft,2026-05-31T12:06:29.445651
IHL Canada,Insulation,Owens Corning R-20 EcoTouch 23 in. x 47 in. x 6 in. Pink Fiberglas Insulation (120.1 sq. ft.),21391,121.64,,Default Title,https://ihlcanada.com/products/owens-corning-r-20-ecotouch-23-in-x-47-in-x-6-in-pink-fiberglas-insulation-120-1-sq-ft,2026-05-31T12:06:29.445653
IHL Canada,Insulation,"Sopra XPS-60 2 in. x 24 in. x 96 in.
  Butt-Edge Extruded Polystyrene Rigid Insulation",27438,43.65,,Default Title,https://ihlcanada.com/products/sopra-xps-60-2-in-x-24-in-x-96-in-butt-edge-extruded-polystyrene-rigid-insulation,2026-05-31T12:06:29.445655
IHL Canada,Insulation,"Sopra XPS-30 3 in. x 24 in. x 96 in.
  Butt-Edge Extruded Polystyrene Rigid Insulation",27395,47.85,,Default Title,https://ihlcanada.com/products/sopra-xps-30-3-in-x-24-in-x-96-in-butt-edge-extruded-polystyrene-rigid-insulation,2026-05-31T12:06:29.445658
IHL Canada,Insulation,"Sopra XPS-20 2 in. x 24 in. x 96 in.
  Butt-Edge Extruded Polystyrene Rigid Insulation",28447,30.95,,Default Title,https://ihlcanada.com/products/sopra-xps-20-2-in-x-24-in-x-96-in-butt-edge-extruded-polystyrene-rigid-insulation,2026-05-31T12:06:29.445660
IHL Canada,Insulation,"Sopra XPS-60 1 in. x 24 in. x 96 in.
  Butt-Edge Extruded Polystyrene Rigid Insulation",30051,21.82,,Default Title,https://ihlcanada.com/products/sopra-xps-60-1-in-x-24-in-x-96-in-butt-edge-extruded-polystyrene-rigid-insulation,2026-05-31T12:06:29.445662
IHL Canada,Insulation,ROCKWOOL ROXUL SAFE 45 1 in. x 24 in. x 48 in. Semi-Rigid Stone Wool Fire Resistant Insulation Board (18-Pack),21373,117.14,,Default Title,https://ihlcanada.com/products/rockwool-roxul-safe-45-1-in-x-24-in-x-48-in-semi-rigid-stone-wool-fire-resistant-insulation-board-18-pack,2026-05-31T12:06:29.445665
IHL Canada,Insulation,Owens Corning 22-1/2 in. x 48 in. Raft-R-Mate Attic Rafter Vents with Optional Air Stop Insulation B,20851,3.19,,Default Title,https://ihlcanada.com/products/owens-corning-22-1-2-in-x-48-in-raft-r-mate-attic-rafter-vents-with-optional-air-stop-insulation-block,2026-05-31T12:06:29.445667
IHL Canada,Insulation,ROCKWOOL AFB 3 in. x 24 in. x 48 in. Acoustical Fire Batt Insulation,13508,115.1,,Default Title,https://ihlcanada.com/products/rockwool-afb-3-in-x-24-in-x-48-in-acoustical-fire-batt-insulation,2026-05-31T12:06:29.445669
IHL Canada,Insulation,ROCKWOOL AFB 6 in. x 16 in. x 48 in. Acoustical Fire Batts (32 sq. ft. per Bag),21371,113.05,,Default Title,https://ihlcanada.com/products/rockwool-afb-6-in-x-16-in-x-48-in-acoustical-fire-batts-32-sq-ft-per-bag,2026-05-31T12:06:29.445672
IHL Canada,Insulation,ROCKWOOL AFB 3.5 in. x 16 in. x 48 in. Acoustical Fire Batts (64 sq. ft. per Bag),21370,132.23,,Default Title,https://ihlcanada.com/products/rockwool-afb-3-5-in-x-16-in-x-48-in-acoustical-fire-batts-64-sq-ft-per-bag,2026-05-31T12:06:29.445674
IHL Canada,Insulation,ROCKWOOL AFB 1.5 in. x 16 in. x 48 in. Acoustical Fire Batts (96 sq. ft. per Bag),21369,106.78,,Default Title,https://ihlcanada.com/products/rockwool-afb-1-5-in-x-16-in-x-48-in-acoustical-fire-batts-96-sq-ft-per-bag,2026-05-31T12:06:29.445676
IHL Canada,Insulation,Owens Corning R-40 EcoTouch 16 in. x 48 in. x 11 in. Pink Fiberglas Insulation (32.0 sq. ft.),20843,59.46,,Default Title,https://ihlcanada.com/products/owens-corning-r-40-ecotouch-16-in-x-48-in-x-11-in-pink-fiberglas-insulation-32-0-sq-ft,2026-05-31T12:06:29.445681
IHL Canada,Insulation,Owens Corning R-20 EcoTouch 15 in. x 47 in. x 6 in. Pink Fiberglas Insulation (78.3 sq. ft.),20840,80.33,,Default Title,https://ihlcanada.com/products/owens-corning-r-20-ecotouch-15-in-x-47-in-x-6-in-pink-fiberglas-insulation-78-3-sq-ft,2026-05-31T12:06:29.445684
IHL Canada,Insulation,Owens Corning R-24 EcoTouch 14-3/4 in. x 47 in. x 5.5 in. Pink Fiberglas Insulation (33.7 sq. ft.),20793,77.27,,Default Title,https://ihlcanada.com/products/owens-corning-r-24-ecotouch-14-3-4-in-x-47-in-x-5-5-in-pink-fiberglas-insulation-33-7-sq-ft,2026-05-31T12:06:29.445687
IHL Canada,Insulation,Owens Corning R-40 EcoTouch 24 in. x 48 in. x 11 in. Pink Fiberglas Insulation (48.0 sq. ft.),20844,101.75,,Default Title,https://ihlcanada.com/products/owens-corning-r-40-ecotouch-24-in-x-48-in-x-11-in-pink-fiberglas-insulation-48-0-sq-ft,2026-05-31T12:06:29.445689
IHL Canada,Insulation,TLP R20 4 ft. x 35 ft. Fibreglass Basement Insulation Foundation Blanket,21403,225.0,,Default Title,https://ihlcanada.com/products/tlp-r20-4-ft-x-35-ft-fiberglass-basement-insulation-foundation-blanket,2026-05-31T12:06:29.445691
IHL Canada,Insulation,ROCKWOOL SAFE 'n' SOUND 3 in. x 15.25 in. x 47 in. Wood Stud Insulation (59.7 sq. ft. per Bag),21374,104.22,,Default Title,https://ihlcanada.com/products/rockwool-safe-n-sound-3-in-x-15-25-in-x-47-in-wood-stud-insulation-59-7-sq-ft-per-bag,2026-05-31T12:06:29.445694
IHL Canada,Insulation,ROCKWOOL SAFE 'n' SOUND 3 in. x 16.25 in. x 48 in. Steel Stud (64 sq. ft. per Bag),21376,111.69,,Default Title,https://ihlcanada.com/products/rockwool-safe-n-sound-3-in-x-16-25-in-x-48-in-steel-stud-64-sq-ft-per-bag,2026-05-31T12:06:29.445696
IHL Canada,Insulation,Owens Corning R-12 EcoTouch 23 in. x 47 in. x 3.5 in. Pink Fiberglas Insulation (150.1 sq. ft.),21379,93.33,,Default Title,https://ihlcanada.com/products/owens-corning-r-12-ecotouch-23-in-x-47-in-x-3-5-in-pink-fiberglas-insulation-150-1-sq-ft,2026-05-31T12:06:29.445698
IHL Canada,Insulation,Amvic Bead Board 2 in. x 2 ft. x 4 ft. Rigid Foam Board Insulation (30-Pack),10307,205.0,,Default Title,https://ihlcanada.com/products/amvic-eifs-cut0004-2-in-x-2-ft-x-4-ft-rigid-foam-board-insulation-30-piece,2026-05-31T12:06:29.445700
IHL Canada,Insulation,Owens Corning EcoTouch QuietZone 15 in. x 48 in. x 6 in. Pink Fiberglas Acoustic Insulation (80.0 sq. ft.),20848,76.59,,Default Title,https://ihlcanada.com/products/owens-corning-ecotouch-quietzone-15-in-x-48-in-x-6-in-pink-fiberglas-acoustic-insulation-80-0-sq-ft,2026-05-31T12:06:29.445703
IHL Canada,Insulation,Amvic Bead Board 1-1/2 in. x 2 ft. x 4 ft. Rigid Foam Board Insulation (40-Pack),10306,205.0,,Default Title,https://ihlcanada.com/products/amvic-eifs-cut0003-1-1-2-in-x-2-ft-x-4-ft-rigid-foam-board-insulation-40-piece,2026-05-31T12:06:29.445705
IHL Canada,Insulation,Amvic Bead Board 3 in. x 2 ft. x 4 ft. Rigid Foam Board Insulation (20-Pack),10309,205.0,,Default Title,https://ihlcanada.com/products/amvic-eifs-cut0006-3-in-x-2-ft-x-4-ft-rigid-foam-board-insulation-20-piece,2026-05-31T12:06:29.445708
IHL Canada,Insulation,Amvic Bead Board 1 in. x 2 ft. x 4 ft. Rigid Foam Board Insulation (60-Pack),10305,205.0,,Default Title,https://ihlcanada.com/products/amvic-eifs-cut0002-1-in-x-2-ft-x-4-ft-rigid-foam-board-insulation-60-piece,2026-05-31T12:06:29.445710
IHL Canada,Insulation,Amvic Bead Board 4 in. x 2 ft. x 4 ft. Rigid Foam Board Insulation (14-Pack),10310,186.0,,Default Title,https://ihlcanada.com/products/amvic-eifs-cut0008-4-in-x-2-ft-x-4-ft-rigid-foam-board-insulation-14-piece,2026-05-31T12:06:29.445713
IHL Canada,Insulation,DuraDrive 6-1/2 in. EIFS Insulation Fastener (500-Pack),12379,140.98,,Default Title,https://ihlcanada.com/products/duradrive-6-1-2-in-eifs-insulation-fastener-500-pack,2026-05-31T12:06:29.445715
IHL Canada,Insulation,DuraDrive 3-1/2 in. EIFS Insulation Fastener (500-Pack),12376,82.43,,Default Title,https://ihlcanada.com/products/copy-of-duradrive-2-3-4-in-eifs-insulation-fastener-500-pack,2026-05-31T12:06:29.445717
IHL Canada,Insulation,DuraDrive 4-1/2 in. EIFS Insulation Fastener (500-Pack),12377,97.3,,Default Title,https://ihlcanada.com/products/copy-of-duradrive-2-3-4-in-eifs-insulation-fastener-500-pack-1,2026-05-31T12:06:29.445719
IHL Canada,Insulation,"DuraDrive 2 in. Stucco Insulation EIFS Nipple Plastic Washer (1,000-Pack)",17250,62.0,,Default Title,https://ihlcanada.com/products/duradrive-2-in-stucco-insulation-eifs-nipple-plastic-washer-1-000-pack,2026-05-31T12:06:29.445722
IHL Canada,Insulation,DuraDrive 2-3/4 in. EIFS Insulation Fastener (500-Pack),12375,76.95,,Default Title,https://ihlcanada.com/products/duradrive-eifs-insulation-fasteners,2026-05-31T12:06:29.445724
IHL Canada,Insulation,DuraDrive 5-1/2 in. EIFS Insulation Fastener (500-Pack),12378,121.56,,Default Title,https://ihlcanada.com/products/copy-of-duradrive-2-3-4-in-eifs-insulation-fastener-500-pack-2,2026-05-31T12:06:29.445726
IHL Canada,Insulation,ROCKWOOL COMFORTBATT R22 5.5 in. x 15.25 in. x 47 in. Wood Stud Insulation,21358,105.11,,Default Title,https://ihlcanada.com/products/rockwool-comfortbatt-r22-5-5-in-x-15-25-in-x-47-in-wood-stud-insulation,2026-05-31T12:06:29.445728
IHL Canada,Insulation,ROCKWOOL COMFORTBATT R24 5.5 in. x 15 in. x 47 in. Wood Stud Insulation,21360,122.39,,Default Title,https://ihlcanada.com/products/rockwool-comfortbatt-r24-5-5-in-x-15-in-x-47-in-wood-stud-insulation,2026-05-31T12:06:29.445731
IHL Canada,Insulation,ROCKWOOL COMFORTBATT R14 3.5 in. X 15.25 in. X 47 in. Wood Stud Insulation,21356,102.86,,Default Title,https://ihlcanada.com/products/rockwool-comfortbatt-r14-3-5-in-x-15-25-in-x-47-in-wood-stud-insulation,2026-05-31T12:06:29.445733
IHL Canada,Insulation,ROCKWOOL COMFORTBATT R24 6 in. x 16.25 in. x 48 in. Steel Stud Insulation,21365,117.25,,Default Title,https://ihlcanada.com/products/rockwool-comfortbatt-r24-6-in-x-16-25-in-x-48-in-steel-stud-insulation,2026-05-31T12:06:29.445735
IHL Canada,Insulation,"Sopra XPS-20 2 in. x 24 in. x 96 in.
  Shiplap Extruded Polystyrene Rigid Insulation",27936,30.95,,Default Title,https://ihlcanada.com/products/sopra-xps-20-2-in-x-24-in-x-96-in-shiplap-four-edge-extruded-polystyrene-rigid-insulation,2026-05-31T12:06:29.445738
IHL Canada,Insulation,"Sopra XPS-30 3 in. x 24 in. x 96 in.
  Shiplap Extruded Polystyrene Rigid Insulation",27394,47.85,,Default Title,https://ihlcanada.com/products/sopra-xps-30-3-in-x-24-in-x-96-in-shiplap-four-edge-extruded-polystyrene-rigid-insulation,2026-05-31T12:06:29.445740
IHL Canada,Insulation,"Sopra XPS-60 3 in. x 24 in. x 96 in.
  Butt-Edge Extruded Polystyrene Rigid Insulation",27907,65.45,,Default Title,https://ihlcanada.com/products/sopra-xps-60-3-in-x-24-in-x-96-in-butt-edge-extruded-polystyrene-rigid-insulation,2026-05-31T12:06:29.445743
IHL Canada,Insulation,"Sopra XPS-40 2 in. x 24 in. x 96 in.
  Butt-Edge Extruded Polystyrene Rigid Insulation",27437,38.22,,Default Title,https://ihlcanada.com/products/sopra-xps-40-2-in-x-24-in-x-96-in-butt-edge-extruded-polystyrene-rigid-insulation,2026-05-31T12:06:29.445745
IHL Canada,Insulation,Owens Corning R-31 EcoTouch 24 in. x 48 in. x 9.25 in. Pink Fiberglas Insulation (64.0 sq. ft.),20842,83.51,,Default Title,https://ihlcanada.com/products/owens-corning-r-31-ecotouch-24-in-x-48-in-x-9-5-in-pink-fiberglas-insulation-64-0-sq-ft,2026-05-31T12:06:29.445747
IHL Canada,Insulation,Owens Corning R-20 EcoTouch 16 in. x 48 in. x 6 in. Pink Fiberglas Insulation (85.3 sq. ft.),20846,77.32,,Default Title,https://ihlcanada.com/products/owens-corning-r-20-ecotouch-16-in-x-48-in-x-6-in-pink-fiberglas-insulation-85-3-sq-ft,2026-05-31T12:06:29.445749
IHL Canada,Insulation,Owens Corning R-31 EcoTouch 16 in. x 48 in. x 9.5 in. Pink Fiberglas Insulation (42.7 sq. ft.),20841,58.34,,Default Title,https://ihlcanada.com/products/owens-corning-r-31-ecotouch-16-in-x-48-in-x-9-5-in-pink-fiberglas-insulation-42-7-sq-ft,2026-05-31T12:06:29.445752
IHL Canada,Insulation,Owens Corning R-14 EcoTouch 15 in. x 47 in. x 3.5 in. Pink Fiberglas Insulation (78.3 sq. ft.),20839,54.94,,Default Title,https://ihlcanada.com/products/owens-corning-r-14-ecotouch-15-in-x-47-in-x-3-5-in-pink-fiberglas-insulation-78-3-sq-ft,2026-05-31T12:06:29.445754
IHL Canada,Insulation,Owens Corning R-12 EcoTouch 16 in. x 48 in. x 3-5/8 in. Pink Fiberglas Insulation (106.7 sq. ft.),20845,62.6,,Default Title,https://ihlcanada.com/products/owens-corning-r-12-ecotouch-16-in-x-48-in-x-3-5-8-in-pink-fiberglas-insulation-106-7-sq-ft,2026-05-31T12:06:29.445756
IHL Canada,Insulation,"DuraDrive 1-3/4 in. Stucco Insulation EIFS Flat Plastic Washer (1,000-Pack)",17249,50.0,,Default Title,https://ihlcanada.com/products/duradrive-1-3-4-in-stucco-insulation-eifs-flat-plastic-washer-1-000-pack,2026-05-31T12:06:29.445758
IHL Canada,Insulation,LePage 2900735 Quad Fire Block Spray Foam Insulation 598G,38386,20.99,,Default Title,https://ihlcanada.com/products/lepage-2900735-quad-fire-block-spray-foam-insulation-598g,2026-05-31T12:06:29.445761
IHL Canada,Fasteners,"DuraDrive 3-1/4 in. 34-Degree Smooth Paper Strip Nails (3,000-Box)",14584,30.95,,Default Title,https://ihlcanada.com/products/duradrive-3-1-4-in-x-0-120-34-degree-smooth-paper-strip-nail-3-000-per-box,2026-05-31T12:06:31.029750
IHL Canada,Fasteners,DuraDrive 3-1/4 in. Coil Framing Nails (4050-Box),14498,34.95,,Default Title,https://ihlcanada.com/products/duradrive-3-1-4-in-x-0-113-in-flat-top-coil-framing-nails-4-050-box,2026-05-31T12:06:31.029763
IHL Canada,Fasteners,"DuraDrive #8 x 3 in. Square Drive Deck Screws (1,500 Per Box)",16060,37.36,,Default Title,https://ihlcanada.com/products/duradrive-8-x-1-5-8-in-zinc-coated-flat-head-square-drive-cedar-decking-screws-5-000-box,2026-05-31T12:06:31.029766
IHL Canada,Fasteners,"DuraDrive #8 x 3 in. Construction Screws, Yellow Zinc, Flat Head Square (1,500 Per Box)",19610,31.99,,Default Title,https://ihlcanada.com/products/copy-of-duradrive-8-low-root-yellow-zinc-coated-flat-head-square-drive-flooring-screws-2,2026-05-31T12:06:31.029768
IHL Canada,Fasteners,"DuraDrive #6 x 1-1/4 in. Fine Thread Drywall Screws (8,000 Per Box)",16016,51.95,,Default Title,https://ihlcanada.com/products/duradrive-6-x-1-1-4-in-black-phosphate-coated-bugle-head-phillips-drive-fine-thread-drywall-screws-8-000-box,2026-05-31T12:06:31.029770
IHL Canada,Fasteners,"DuraDrive #6 x 1-1/4 in. Fine Thread Collated Drywall Screws (1,000 Per Box)",26705,18.95,,Default Title,https://ihlcanada.com/products/duradrive-6-x-1-1-4-in-grey-phosphate-coated-bugle-head-phillips-drive-fine-thread-collated-drywall-screws-1-000-box,2026-05-31T12:06:31.029773
IHL Canada,Fasteners,DuraDrive 3-1/4 in. 34-Degree Cold-Dip Galvanized Paper Strip Nails (3000-Box),14588,54.95,,Default Title,https://ihlcanada.com/products/duradrive-3-1-4-in-34-degree-cold-dip-galvanized-spiral-paper-strip-nails-3-000-per-box,2026-05-31T12:06:31.029775
IHL Canada,Fasteners,DuraDrive 1/4 in. x 3-1/4 in. Hex Head Slot Drive Concrete Screws (100-Pack),26757,14.95,,Default Title,https://ihlcanada.com/products/duradrive-1-4-in-x-3-1-4-in-slotted-hex-washer-head-blue-ruspert-concretea-screws-with-bit-100-pe,2026-05-31T12:06:31.029778
IHL Canada,Fasteners,"DuraDrive #6 x 1-1/4 in. Coarse Thread Drywall Screws (8,000 Per Box)",16023,51.95,,Default Title,https://ihlcanada.com/products/duradrive-6-x-1-1-4-in-black-phosphate-coated-bugle-head-phillips-drive-coarse-thread-drywall-screws-8-000-box,2026-05-31T12:06:31.029780
IHL Canada,Fasteners,DuraDrive 1/4 in. x 1-1/4 in. Hex Head Slot Drive Concrete Screws (100-Pack),26753,7.95,,Default Title,https://ihlcanada.com/products/duradrive-1-4-in-blue-ruspert-coated-hex-washer-head-slot-drive-concrete-screws,2026-05-31T12:06:31.029782
IHL Canada,Fasteners,DuraDrive 2-1/4 in 0.099 in Flat Top Premium Coil Framing Nails - 4500/Box,14496,22.95,,Default Title,https://ihlcanada.com/products/duradrive-2-1-4-in-x-0-099-in-coil-framing-nails-4-500-per-box,2026-05-31T12:06:31.029785
IHL Canada,Fasteners,DuraDrive 1/4 in. x 3-1/4 in. Flat Head Square Drive Concrete Screws (100-Pack),26746,14.95,,Default Title,https://ihlcanada.com/products/duradrive-1-4-in-x-3-1-4-in-blue-ruspert-coated-flat-head-square-drive-concrete-screw-100-pack,2026-05-31T12:06:31.029787
IHL Canada,Fasteners,DuraDrive 2 in 18 Gauge Galvanized Brad Nails - 5000/Pack,14479,9.15,,Default Title,https://ihlcanada.com/products/duradrive-2-in-18-gauge-galvanized-brad-nails-5-000-pack,2026-05-31T12:06:31.029789
IHL Canada,Fasteners,"DuraDrive 1-1/2 in. 10-Gauge Electro-Galvanized Smooth Joist Hanger Paper Strip Nails (2,000-Box)",14577,38.95,,Default Title,https://ihlcanada.com/products/duradrive-1-1-2-in-10-gauge-electro-galvanized-smooth-shank-joist-hanger-strip-nails-2-000-box,2026-05-31T12:06:31.029792
IHL Canada,Fasteners,"DuraDrive 2-3/8 in. x 0.113 in. 34-Degree Smooth Paper Strip Nails (5,000-Box)",14579,38.45,,Default Title,https://ihlcanada.com/products/duradrive-34-degree-angled-galvanized-smooth-shank-paper-strip-nails,2026-05-31T12:06:31.029794
IHL Canada,Fasteners,"DuraDrive #8 x 2-1/2 in. Square Drive Deck Screws (2,500 Per Box)",16059,51.81,,Default Title,https://ihlcanada.com/products/copy-of-duradrive-8-x-1-5-8-in-low-root-brown-zinc-coated-flat-head-square-drive-cedar-decking-screws-5-000-box-1,2026-05-31T12:06:31.029796
IHL Canada,Fasteners,"DuraDrive 1-1/4 in. Coil Roofing Nails (7,200 Per Box)",14512,21.25,,Default Title,https://ihlcanada.com/products/duradrive-1-1-4-in-x-0-120-in-zinc-chromate-coated-smooth-shank-coil-roofing-nail-7-200-box,2026-05-31T12:06:31.029799
IHL Canada,Fasteners,"DuraDrive #6 x 1-1/4 in. Coarse Thread Collated Drywall Screws (1,000 Per Box)",26707,18.95,,Default Title,https://ihlcanada.com/products/duradrive-6-x-1-1-4-in-grey-phosphate-coated-bugle-head-phillips-drive-collated-drywall-screws-1-000-pack,2026-05-31T12:06:31.029801
IHL Canada,Fasteners,DuraDrive 1/4 in. x 2-3/4 in. Hex Head Slot Drive Concrete Screws (100-Pack),26756,12.95,,Default Title,https://ihlcanada.com/products/duradrive-1-4-in-x-2-3-4-in-slotted-hex-washer-head-blue-ruspert-concrete-screws-with-bit-100-per,2026-05-31T12:06:31.029804
IHL Canada,Fasteners,DuraDrive 3/16 in. x 2-1/4 in. Flat Head Square Drive Concrete Screws (100-Pack),26739,8.95,,Default Title,https://ihlcanada.com/products/duradrive-3-16-in-x-2-1-4-in-blue-ruspert-coated-flat-head-square-drive-concrete-screw-100-pack,2026-05-31T12:06:31.029806
IHL Canada,Fasteners,DuraDrive 3/16 in. x 1-3/4 in. Flat Head Square Drive Concrete Screws (100-Pack),26738,7.95,,Default Title,https://ihlcanada.com/products/duradrive-3-16-in-x-1-3-4-in-blue-ruspert-coated-flat-head-square-drive-concrete-screw-100-pack,2026-05-31T12:06:31.029808
IHL Canada,Fasteners,DuraDrive 1/4 in. x 2-1/4 in. Flat Head Square Drive Concrete Screws (100-Pack),26744,10.95,,Default Title,https://ihlcanada.com/products/duradrive-1-4-in-x-2-1-4-in-blue-ruspert-coated-flat-head-square-drive-concrete-screw-100-pack,2026-05-31T12:06:31.029810
IHL Canada,Fasteners,DuraDrive A11 3/8 in x 7/16 in Galvanized Steel Coated Staples,17131,5.49,,Default Title,https://ihlcanada.com/products/duradrive-3-8-in-x-7-16-in-a11-20-gauge-staples-5-000-pack,2026-05-31T12:06:31.029813
IHL Canada,Fasteners,DuraDrive 1/4 in. x 1-3/4 in. Flat Head Square Drive Concrete Screws (100-Pack),26743,9.95,,Default Title,https://ihlcanada.com/products/duradrive-1-4-in-x-1-3-4-in-blue-ruspert-coated-flat-head-square-drive-concrete-screw-100-pack,2026-05-31T12:06:31.029815
IHL Canada,Fasteners,DuraDrive 2 in. Common Nails 50Lbs,14519,34.95,,Default Title,https://ihlcanada.com/products/duradrive-2-in-common-nails-50-lb-per-box,2026-05-31T12:06:31.029817
IHL Canada,Fasteners,DuraDrive 1/4 in. x 4 in. Flat Head Square Drive Concrete Screws (50-Pack),26747,10.95,,Default Title,https://ihlcanada.com/products/duradrive-1-4-in-x-4-in-blue-ruspert-coated-flat-head-square-drive-concrete-screw-50-pack,2026-05-31T12:06:31.029820
IHL Canada,Fasteners,"DuraDrive 1-1/4 in. Galvanized Flat Head Collated Concrete Drive Pins (1,000-Pack)",19351,59.95,,Default Title,https://ihlcanada.com/products/duradrive-1-1-4-in-mechanical-galvanized-flat-head-fluted-drive-it-collated-concrete-drive-pins-1-000-pack,2026-05-31T12:06:31.029822
IHL Canada,Fasteners,DuraDrive 2-3/4 in. Duplex Nails 50Lbs,14543,34.95,,Default Title,https://ihlcanada.com/products/duradrive-2-3-4-in-9-gauge-double-headed-nails-50-lb-per-box,2026-05-31T12:06:31.029824
IHL Canada,Fasteners,"DuraDrive #8 x 3 in. Construction Screws, Bare, Flat Head, Square (1,500 Per Box)",16054,30.95,,Default Title,https://ihlcanada.com/products/copy-of-duradrive-8-x-1-1-2-in-low-root-zinc-coated-flat-head-square-drive-flooring-screws-5-000-box-3,2026-05-31T12:06:31.029826
IHL Canada,Fasteners,DuraDrive 1/4 in. x 4 in. Hex Head Slot Drive Concrete Screws (50-Pack),26758,10.95,,Default Title,https://ihlcanada.com/products/duradrive-1-4-in-x-4-in-slotted-hex-washer-head-blue-ruspert-concrete-screws-with-bit-50-per-jug,2026-05-31T12:06:31.029829
IHL Canada,Fasteners,DuraDrive 1/4 in. x 1-3/4 in. Hex Head Slot Drive Concrete Screws (100-Pack),26754,9.95,,Default Title,https://ihlcanada.com/products/duradrive-1-4-in-x-1-3-4-in-slotted-hex-washer-head-blue-ruspert-concrete-screws-with-bit-100-per,2026-05-31T12:06:31.029831
IHL Canada,Fasteners,DuraDrive 1/4 in. x 5 in. Hex Head Slot Drive Concrete Screws (50-Pack),26759,13.95,,Default Title,https://ihlcanada.com/products/duradrive-1-4-in-x-5-in-slotted-hex-washer-head-blue-ruspert-concrete-screws-with-bit-50-per-jug,2026-05-31T12:06:31.029833
IHL Canada,Fasteners,DuraDrive 3/16 in. x 1-1/4 in. Hex Head Slot Drive Concrete Screws (100-Pack),26748,6.95,,Default Title,https://ihlcanada.com/products/duradrive-3-16-in-x-1-1-4-in-blue-ruspert-coated-hex-washer-head-slot-drive-concrete-screw-100-pack,2026-05-31T12:06:31.029835
IHL Canada,Fasteners,DuraDrive 1-1/4 in 18 Gauge Galvanized Brad Nails - 5000/Pack,14473,6.59,,Default Title,https://ihlcanada.com/products/duradrive-1-1-4-in-18-gauge-galvanized-brad-nails-5-000-pack,2026-05-31T12:06:31.029838
IHL Canada,Fasteners,"DuraDrive #8 x 2-1/2 in. Construction Screws, Yellow Zinc, Flat Head Square (2,500 Per Box)",19611,44.99,,Default Title,https://ihlcanada.com/products/duradrive-8-x-2-1-2-in-zinc-coated-floor-screws-2-500-pack,2026-05-31T12:06:31.029840
IHL Canada,Fasteners,DuraDrive 2 in 16 Gauge Galvanized Finish Nails - 2500 Brads/Pack,14467,7.25,,Default Title,https://ihlcanada.com/products/duradrive-2-in-16-gauge-galvanized-brad-nails-2-500-pack,2026-05-31T12:06:31.029842
IHL Canada,Fasteners,"DuraDrive #10 x 3-1/2 in. Square Drive Deck Screws (1,000-Pack)",16056,44.16,,Default Title,https://ihlcanada.com/products/duradrive-10-low-root-brown-zinc-coated-flat-head-square-drive-cedar-decking-screws,2026-05-31T12:06:31.029845
IHL Canada,Fasteners,"DuraDrive 1-1/4 in. x 1/4 in. Crown 18-Gauge L15 Series Galvanized Staples (5,000-Pack)",17145,13.74,,Default Title,https://ihlcanada.com/products/duradrive-1-1-4-in-x-1-4-in-crown-18-gauge-l15-series-galvanized-staples-5-000-pack,2026-05-31T12:06:31.029847
IHL Canada,Fasteners,DuraDrive 1/4 in. x 2-1/4 in. Hex Head Slot Drive Concrete Screws (100-Pack),26755,10.95,,Default Title,https://ihlcanada.com/products/duradrive-1-4-in-x-2-1-4-in-slotted-hex-washer-head-blue-ruspert-concrete-screws-with-bit-100-per,2026-05-31T12:06:31.029849
IHL Canada,Fasteners,DuraDrive 3/16 in. x 1-3/4 in. Hex Head Slot Drive Concrete Screws (100-Pack),26749,7.95,,Default Title,https://ihlcanada.com/products/duradrive-3-16-in-x-1-3-4-in-blue-ruspert-coated-hex-washer-head-slot-drive-concrete-screw-100-pack,2026-05-31T12:06:31.029852
IHL Canada,Fasteners,DuraDrive 1/2 in. x 8 in. L-Anchor Bolts with Nuts and Washers (100-Pack),10082,45.95,,Default Title,https://ihlcanada.com/products/copy-of-duradrive-1-2-in-x-6-in-l-anchor-bolts-with-nuts-and-washers-100-box-1,2026-05-31T12:06:31.029854
IHL Canada,Fasteners,"Metabo HPT 23004SHPT 1-3/8 in. 23-Gauge Galvanized Headless Micro Pin Nails (2,000-Pack)",31967,6.49,,Default Title,https://ihlcanada.com/products/metabo-hpt-23004shpt-micro-pins-23ga-x-1-3-8-2m,2026-05-31T12:06:31.029856
IHL Canada,Fasteners,DuraDrive 3/16 in. x 3-1/4 in. Flat Head Square Drive Concrete Screws (100-Pack),26741,11.95,,Default Title,https://ihlcanada.com/products/duradrive-3-16-in-blue-ruspert-coated-flat-head-square-drive-concrete-screw,2026-05-31T12:06:31.029859
IHL Canada,Fasteners,DuraDrive 1/4 in. x 1-1/4 in. Flat Head Square Drive Concrete Screws (100-Pack),26742,7.95,,Default Title,https://ihlcanada.com/products/duradrive-1-4-in-blue-ruspert-coated-flat-head-square-drive-concrete-screws,2026-05-31T12:06:31.029861
IHL Canada,Fasteners,DuraDrive 3-1/4 in Steel Bright Ardox Spiral Nails - 50 lb/Box,14439,43.95,,Default Title,https://ihlcanada.com/products/duradrive-3-1-4-in-ardox-nails-50-lb-per-box,2026-05-31T12:06:31.029869
IHL Canada,Fasteners,"DuraDrive 2-1/4 in. 34-Degree Electro Galvanized Smooth Finish Spiral Shank Concrete Paper Strip Nails (1,000-Box)",14576,18.95,,Default Title,https://ihlcanada.com/products/duradrive-2-1-4-in-34-degree-electro-galvanized-smooth-finish-spiral-shank-concrete-paper-strip-nails-1-000-box,2026-05-31T12:06:31.029873
IHL Canada,Fasteners,"Metabo HPT 23002SHPT 1 in. 23-Gauge Galvanized Headless Micro Pin Nails (2,000-Pack)",31966,4.99,,Default Title,https://ihlcanada.com/products/metabo-hpt-23002shpt-micro-pins-23ga-x-1-2m,2026-05-31T12:06:31.029876
IHL Canada,Fasteners,DuraDrive 1/4 in. x 3-3/4 in. Hex Head Slot Drive Concrete Screws (100-Pack),35789,17.95,,Default Title,https://ihlcanada.com/products/duradrive-concrete-screw-hex-1-4x3-3-4-inches-100-jar,2026-05-31T12:06:31.029878
IHL Canada,Fasteners,DuraDrive 1/2 in x 3-3/4 in Steel Performance Wedge Anchor - 50/Pack,31940,29.95,,Default Title,https://ihlcanada.com/products/duradrive-1-2-inches-x-3-3-4-inches-high-performance-white-zinc-wedge-expansion-anchor-50-box,2026-05-31T12:06:31.029880
IHL Canada,Fasteners,DuraDrive 1-3/4 in. x 0.092 15-Degree Angled Duradized Cold-Dip Galvanized Ring Shank Flat Top Coil,28092,22.95,,Default Title,https://ihlcanada.com/products/duradrive-1-3-4-in-x-0-092-15-degree-angled-duradized-cold-dip-galvanized-ring-shank-flat-top-coil-framing-nails-3-600-box,2026-05-31T12:06:31.029882
IHL Canada,Fasteners,DuraDrive 3-1/2 in. Common Nails 50Lbs,14522,34.95,,Default Title,https://ihlcanada.com/products/duradrive-3-1-2-in-common-nails-50-lb-per-box,2026-05-31T12:06:31.029885
IHL Canada,Fasteners,DuraDrive 2-1/2 in 0.099 in Flat Top Premium Coil Framing Nails - 4500/Box,14494,23.95,,Default Title,https://ihlcanada.com/products/duradrive-2-1-2-in-premium-coil-framing-nails-4-500-per-box,2026-05-31T12:06:31.029887
IHL Canada,Fasteners,"DuraDrive #10 x 4 in. Square Drive Deck Screws (1,000-Pack)",16057,51.81,,Default Title,https://ihlcanada.com/products/copy-of-duradrive-10-x-3-1-2-in-low-root-brown-zinc-coated-flat-head-square-drive-decking-screws-1-000-pack,2026-05-31T12:06:31.029889
IHL Canada,Fasteners,"DuraDrive #8 x 1-3/4 in. Construction Screws, Yellow Zinc, Flat Head Square (4,000 Per Box)",19613,51.99,,Default Title,https://ihlcanada.com/products/copy-of-duradrive-8-low-root-yellow-zinc-coated-flat-head-square-drive-flooring-screws-1,2026-05-31T12:06:31.029892
IHL Canada,Fasteners,"DuraDrive #8 x 1-5/8 in. Square Drive Deck Screws (5,000 Per Box)",16058,73.06,,Default Title,https://ihlcanada.com/products/duradrive-8-low-root-brown-zinc-coated-flat-head-square-drive-cedar-decking-screws,2026-05-31T12:06:31.029894
IHL Canada,Fasteners,DuraDrive 3/16 in. x 1-1/4 in. Flat Head Square Drive Concrete Screws (100-Pack),26737,6.95,,Default Title,https://ihlcanada.com/products/duradrive-3-16-in-x-1-1-4-in-blue-ruspert-coated-flat-head-square-drive-concrete-screw-100-pack-1,2026-05-31T12:06:31.029896
IHL Canada,Fasteners,DuraDrive 1/4 in. x 2-3/4 in. Flat Head Square Drive Concrete Screws (100-Pack),26745,12.95,,Default Title,https://ihlcanada.com/products/duradrive-1-4-in-x-2-3-4-in-blue-ruspert-coated-flat-head-square-drive-concrete-screw-100-pack,2026-05-31T12:06:31.029899
IHL Canada,Fasteners,DuraDrive 1-1/2 in 18 Gauge Galvanized Brad Nails - 5000/Pack,14471,7.59,,Default Title,https://ihlcanada.com/products/duradrive-1-1-2-in-18-gauge-galvanized-brad-nails-5-000-pack,2026-05-31T12:06:31.029901
IHL Canada,Fasteners,DuraDrive 2-1/2 in Plastic Cap Insulation Nails - 2000/Pack,14557,27.95,,Default Title,https://ihlcanada.com/products/duradrive-2-1-2-in-plastic-cap-spiral-insulation-nails-2-000-pack,2026-05-31T12:06:31.029903
IHL Canada,Fasteners,DuraDrive 3-1/2 in. 6-Gauge Double Head Nails (50 lb. per Box),14545,46.15,,Default Title,https://ihlcanada.com/products/duradrive-3-1-2-in-6-gauge-double-head-nails-50-lb-per-box,2026-05-31T12:06:31.029906
IHL Canada,Fasteners,H Paulin 232-090 #12 x 2-1/2 in. Zinc Plated Hex Washer Head Self-Drilling Tek Screw (100-Pack),31493,10.95,,Default Title,https://ihlcanada.com/products/h-paulin-232-090-12-x-2-1-2-in-zinc-plated-hex-washer-head-self-drilling-tek-screw-100-pack,2026-05-31T12:06:31.029908
IHL Canada,Fasteners,"DuraDrive 1/4 in. x 1-1/4 in. Hex Head Slot Drive Concrete Screws (3,500 Per Box)",34802,195.0,,Default Title,https://ihlcanada.com/products/duradrive-concrete-screw-hex-1-4x1-1-4-inches-3500-box,2026-05-31T12:06:31.029910
IHL Canada,Fasteners,"#12 3 in. Steel Tapping Screw Pan Square Socket Screws Type A (1,000 per Box)",20421,129.95,,Default Title,https://ihlcanada.com/products/12-2-1-2-in-steel-tapping-screw-pan-square-socket-screws-type-a-1-500-per-box,2026-05-31T12:06:31.029913
IHL Canada,Fasteners,DEWALT POWERS 02814 1/4 in. x 1-1/4 in. ZAMAC NAILIN Mushroom Head Carbon Steel Nail Anchor (100-Pack),20024,19.95,,Default Title,https://ihlcanada.com/products/dewalt-1-4in-x-1-1-4in-mushroom-head-carbon-steel-nail-anchor-100-pack,2026-05-31T12:06:31.029915
IHL Canada,Fasteners,"DuraDrive #8 x 1-1/2 in. Construction Screws, Yellow Zinc, Flat Head Square (5,000 Per Box)",19614,54.99,,Default Title,https://ihlcanada.com/products/copy-of-duradrive-8-low-root-yellow-zinc-coated-flat-head-square-drive-flooring-screws,2026-05-31T12:06:31.029917
IHL Canada,Fasteners,"DuraDrive 2 in. 34-Degree Cold-Dip Galvanized Spiral Paper Strip Nails (5,000-Box)",14587,51.65,,Default Title,https://ihlcanada.com/products/duradrive-34-degree-angled-cold-dip-galvanized-spiral-shank-paper-strip-nails,2026-05-31T12:06:31.029920
IHL Canada,Fasteners,"DuraDrive #8 x 2 in. Flooring Screws, Black, Flat Head, Square (3,500 Per Box)",34850,49.95,,Default Title,https://ihlcanada.com/products/duradrive-low-root-bare-flooring-screw-8-x-2-inches-3-5m,2026-05-31T12:06:31.029922
IHL Canada,Fasteners,DuraDrive 3/8 in. Drop-in Internally Threaded Expansion Anchor Setting Tool,31770,1.59,,Default Title,https://ihlcanada.com/products/copy-of-duradrive-1-4-in-drop-in-internally-threaded-expansion-anchor-setting-tool,2026-05-31T12:06:31.029925
IHL Canada,Fasteners,DuraDrive 3/16 in. x 2-3/4 in. Flat Head Square Drive Concrete Screws (100-Pack),26740,9.95,,Default Title,https://ihlcanada.com/products/duradrive-3-16-in-x-2-3-4-in-blue-ruspert-coated-flat-head-square-drive-concrete-screw-100-pack,2026-05-31T12:06:31.029927
IHL Canada,Fasteners,"Simpson Strong-Tie Quik Drive WSV134S #9 x 1-3/4 in. Square Flat-Head Strong-Drive WSNTL Collated Subfloor Screw (2,000-Pack)",27370,84.95,,Default Title,https://ihlcanada.com/products/simpson-strong-tie-quik-drive-wsv134s-9-x-1-3-4-in-square-flat-head-strong-drive-wsntl-collated-subfloor-screw-2-000-pack,2026-05-31T12:06:31.029929
IHL Canada,Fasteners,H Paulin #8 x 1-1/8 in. Zinc Coated Flat Head Square Drive Particle Board Screws (600-Jug),16107,21.95,,Default Title,https://ihlcanada.com/products/h-paulin-8-zinc-coated-flat-head-square-drive-particle-board-screws-600-jug,2026-05-31T12:06:31.029931
IHL Canada,Fasteners,H Paulin #8-12 x 1 in. Plastic Wall Plugs Drywall Anchors (450-Jug),15238,14.25,,Default Title,https://ihlcanada.com/products/h-paulin-8-12-x-1-in-plastic-wall-plugs-drywall-anchors-450-pack,2026-05-31T12:06:31.029934
IHL Canada,Fasteners,"DuraDrive #8 x 2-1/2 in. Construction Screws, Bare, Flat Head, Square (2,500 Per Box)",16052,42.95,,Default Title,https://ihlcanada.com/products/copy-of-duradrive-8-x-1-1-2-in-low-root-zinc-coated-flat-head-square-drive-flooring-screws-5-000-box-2,2026-05-31T12:06:31.029936
IHL Canada,Fasteners,DEWALT 50506-PWR Yellow 0.22-Caliber Short Single Low Velocity Power Load Shots (100-Pack),16704,19.95,,Default Title,https://ihlcanada.com/products/dewalt-50506-pwr-yellow-0-22-caliber-short-single-low-velocity-power-load-shots-100-pack,2026-05-31T12:06:31.029938
IHL Canada,Fasteners,DuraDrive 3/8 in 3/4 in Steel Internally Threaded Lipped Short Drop-In Anchor - 100/Pack,31757,17.95,,Default Title,https://ihlcanada.com/products/duradrive-3-8-in-white-zinc-lipped-mini-drop-in-internally-threaded-expansion-anchor-100-box,2026-05-31T12:06:31.029941
IHL Canada,Fasteners,"DuraDrive 1/4 in. x 3-1/4 in. Hex Head Slot Drive Concrete Screws (1,200 Per Box)",34805,145.0,,Default Title,https://ihlcanada.com/products/duradrive-concrete-screw-hex-1-4x3-1-4-inches-1200-box,2026-05-31T12:06:31.029943
IHL Canada,Fasteners,H Paulin 232-089 #12 x 2 in. Zinc Plated Hex Washer Head Self-Drilling Tek Screw (100-Pack),31492,9.95,,Default Title,https://ihlcanada.com/products/h-paulin-232-089-12-x-2-in-zinc-plated-hex-washer-head-self-drilling-tek-screw-100-pack,2026-05-31T12:06:31.029945
IHL Canada,Fasteners,"DuraDrive 1/4"" x 3"" Threaded Concrete Screw Anchor (50-Pack)",31915,19.95,,Default Title,https://ihlcanada.com/products/duradrive-1-4-inches-x-3-inches-high-performance-white-zinc-threaded-anchor-50-box,2026-05-31T12:06:31.029948
IHL Canada,Fasteners,"Metabo HPT 23001SHPT 3/4 in. 23-Gauge Galvanized Headless Micro Pin Nails (2,000-Pack)",31965,4.49,,Default Title,https://ihlcanada.com/products/metabo-hpt-23001shpt-micro-pins-23ga-x-3-4-2m,2026-05-31T12:06:31.029950
IHL Canada,Fasteners,DuraDrive 3/16 in. x 3-1/4 in. Hex Head Slot Drive Concrete Screws (100-Pack),26752,11.95,,Default Title,https://ihlcanada.com/products/duradrive-3-16-in-blue-ruspert-coated-hex-washer-head-slot-drive-concrete-screw,2026-05-31T12:06:31.029952
IHL Canada,Fasteners,DuraDrive 3/16 in. x 2-1/4 in. Hex Head Slot Drive Concrete Screws (100-Pack),26750,8.95,,Default Title,https://ihlcanada.com/products/duradrive-3-16-in-x-2-1-4-in-blue-ruspert-coated-hex-washer-head-slot-drive-concrete-screw-100-pack,2026-05-31T12:06:31.029954
IHL Canada,Fasteners,H Paulin 3/16 in. Zinc Coated Fender Washers (150-Jug),19632,9.95,,Default Title,https://ihlcanada.com/products/h-paulin-3-16-in-zinc-coated-fender-washers-150-jug,2026-05-31T12:06:31.029958
IHL Canada,Fasteners,"DuraDrive #8 x 2 in. Construction Screws, Bare, Flat Head Square (3,500 Per Box)",16051,49.95,,Default Title,https://ihlcanada.com/products/copy-of-duradrive-8-x-1-1-2-in-low-root-zinc-coated-flat-head-square-drive-flooring-screws-5-000-box-1,2026-05-31T12:06:31.029961
IHL Canada,Fasteners,"DuraDrive #8 x 1-1/4 in. Construction Screws, Yellow Zinc, Flat Head Square (7,500 Per Box)",16078,69.99,,Default Title,https://ihlcanada.com/products/duradrive-8-low-root-yellow-zinc-coated-flat-head-square-drive-flooring-screws,2026-05-31T12:06:31.029963
IHL Canada,Fasteners,H Paulin #6 x 1-1/2 in. Zinc Coated Flat Head Square Drive Wood Screws (500-Jug),16185,17.95,,Default Title,https://ihlcanada.com/products/h-paulin-6-x-1-1-2-in-zinc-coated-flat-head-square-drive-wood-screws-500-jug,2026-05-31T12:06:31.029965
IHL Canada,Fasteners,DEWALT POWERS 7409SD1 1/4 in. x 2 in. POWER-STUD+ SD1 Tie-Wire Wedge Expansion Anchor (100-Pack),10165,26.95,,Default Title,https://ihlcanada.com/products/dewalt-1-4in-x-2in-tie-wire-wedge-expansion-anchor-100-pack,2026-05-31T12:06:31.029968
IHL Canada,Fasteners,1/2 in. x 10 ft. Zinc Threaded Rod,15542,12.95,,Default Title,https://ihlcanada.com/products/1-2-in-x-10-ft-zinc-threaded-rod,2026-05-31T12:06:31.029970
IHL Canada,Fasteners,H Paulin 232-088 #12 x 1-1/2 in. Zinc Plated Hex Washer Head Self-Drilling Tek Screw (100-Pack),31491,8.95,,Default Title,https://ihlcanada.com/products/h-paulin-232-088-12-x-1-1-2-in-zinc-plated-hex-washer-head-self-drilling-tek-screw-100-pack,2026-05-31T12:06:31.029972
IHL Canada,Fasteners,H Paulin #6 x 2 in. Flat Head Phillips Drive Coarse Thread Drywall Screws (300-Jug),18284,11.95,,Default Title,https://ihlcanada.com/products/h-paulin-6-x-2-in-flat-head-phillips-drive-coarse-thread-drywall-screws-300-jug,2026-05-31T12:06:31.029974
IHL Canada,Fasteners,"DuraDrive #8 x 2 in. Construction Screws, Yellow Zinc, Flat Head Square (3,500 Per Box)",19612,51.99,,Default Title,https://ihlcanada.com/products/copy-of-duradrive-8-low-root-yellow-zinc-coated-flat-head-square-drive-flooring-screws-4,2026-05-31T12:06:31.029977
IHL Canada,Fasteners,DuraDrive 0.27 Caliber Red 10-Shot Strip Powder Actuated Fastener Loads (100-Pack),16706,11.95,,Default Title,https://ihlcanada.com/products/copy-of-duradrive-0-27-caliber-green-10-shot-strip-powder-actuated-fastener-loads-100-pack,2026-05-31T12:06:31.029979
IHL Canada,Fasteners,"DuraDrive #6 x 2 in. Fine Thread Drywall Screws (3,500 Per Box)",16019,36.95,,Default Title,https://ihlcanada.com/products/duradrive-6-x-2-in-black-phosphate-coated-bugle-head-phillips-drive-fine-thread-drywall-screws-3-500-box,2026-05-31T12:06:31.029981
IHL Canada,Fasteners,DuraDrive 3 in Thin Smooth Shank Bright Common Nails - 50 lb/Box,14521,47.25,,Default Title,https://ihlcanada.com/products/duradrive-3-in-common-nails-50-lb-per-box,2026-05-31T12:06:31.029984
IHL Canada,Fasteners,"H Paulin #6 x 7/16 in. Black Phosphate Coated Pan Head Phillips Drive Self-Drilling Interior Framing Screws (1,200-Jug)",18295,39.95,,Default Title,https://ihlcanada.com/products/h-paulin-6-x-7-16-in-black-phosphate-coated-pan-head-phillips-drive-self-drilling-interior-framing-screws-1-200-jug,2026-05-31T12:06:31.029986
IHL Canada,Fasteners,DuraDrive 1-3/4 in 18 Gauge Galvanized Brad Nails - 5000/Pack,14476,7.99,,Default Title,https://ihlcanada.com/products/duradrive-1-3-4-in-18-gauge-galvanized-brad-nails-5-000-pack,2026-05-31T12:06:31.029988
IHL Canada,Fasteners,DuraDrive 1/2 in. x 6 in. L-Anchor Bolts with Nuts and Washers (100-Pack),10080,36.95,,Default Title,https://ihlcanada.com/products/duradrive-1-2-in-diameter-l-shaped-anchor-bolts-with-nuts-and-washers,2026-05-31T12:06:31.029993
IHL Canada,Fasteners,Milwaukee MNM1-600 19 mm 25 mm Cable Staples,34615,24.99,,Default Title,https://ihlcanada.com/products/milwaukee-mnm1-600-insulated-cable-staples-1-inches-2448-20,2026-05-31T12:06:31.029995
IHL Canada,Fasteners,"DuraDrive 1/2"" x 8"" Threaded Concrete Screw Anchor (20-Pack)",31923,51.95,,Default Title,https://ihlcanada.com/products/duradrive-1-2-inches-x-8-inches-high-performance-white-zinc-threaded-anchor-20-box,2026-05-31T12:06:31.029999
IHL Canada,Fasteners,"DuraDrive 1/2"" x 6"" Threaded Concrete Screw Anchor (25-Pack)",31922,46.95,,Default Title,https://ihlcanada.com/products/duradrive-1-2-inches-x-6-inches-high-performance-white-zinc-threaded-anchor-25-box,2026-05-31T12:06:31.030001
IHL Canada,Fasteners,"DuraDrive 3/8"" x 3"" Threaded Concrete Screw Anchor (50-Pack)",31916,32.95,,Default Title,https://ihlcanada.com/products/duradrive-3-8in-performance-threaded-anchor,2026-05-31T12:06:31.030003
IHL Canada,Fasteners,DuraDrive 1/2 in x 7 in Steel Performance Wedge Anchor - 25/Pack,31943,29.95,,Default Title,https://ihlcanada.com/products/duradrive-1-2-inches-x-7-inches-high-performance-white-zinc-wedge-expansion-anchor-25-box,2026-05-31T12:06:31.030006
IHL Canada,Fasteners,DuraDrive 3/8 in 1-9/16 in Steel Internally Threaded Smooth Drop-In Anchor - 50/Pack,31763,7.99,,Default Title,https://ihlcanada.com/products/duradrive-3-8-in-white-zinc-smooth-drop-in-internally-threaded-expansion-anchor-50-pack,2026-05-31T12:06:31.030008
IHL Canada,Fasteners,DuraDrive 1/2 in 4-1/2 in Steel Performance Wedge Anchor - 50/Pack,31941,33.95,,Default Title,https://ihlcanada.com/products/duradrive-1-2-inches-x-4-1-2-inches-high-performance-white-zinc-wedge-expansion-anchor-50-box,2026-05-31T12:06:31.030012
IHL Canada,Fasteners,DuraDrive 3/16 in. x 2-3/4 in. Hex Head Slot Drive Concrete Screws (100-Pack),26751,9.95,,Default Title,https://ihlcanada.com/products/duradrive-3-16-in-x-2-3-4-in-blue-ruspert-coated-hex-washer-head-slot-drive-concrete-screw-100-pack,2026-05-31T12:06:31.030014
IHL Canada,Fasteners,"DuraDrive 3 in. 34-Degree Smooth Paper Strip Nails (3,000-Box)",21652,31.85,,Default Title,https://ihlcanada.com/products/duradrive-3-in-x-0-120-in-34-degree-smooth-paper-strip-nails-3-000-per-box,2026-05-31T12:06:31.030017
IHL Canada,Fasteners,DuraDrive #8 x 1-5/8 in. Brown Ruspert Coated Flat Head Square Drive Coarse Thread Collated Exterior,26710,22.95,,Default Title,https://ihlcanada.com/products/duradrive-8-x-1-5-8-in-brown-ruspert-coated-flat-head-square-drive-coarse-thread-collated-exterior-wood-screws-1-000-pail,2026-05-31T12:06:31.030019
IHL Canada,Fasteners,"DuraDrive #10 x 5 in. Square Drive Deck Screws (1,000-Pack)",26780,71.36,,Default Title,https://ihlcanada.com/products/copy-of-duradrive-10-x-3-1-2-in-low-root-brown-zinc-coated-flat-head-square-drive-decking-screws-1-000-pack-1,2026-05-31T12:06:31.030021
IHL Canada,Fasteners,DuraDrive 2-1/2 in Steel Electro-Galvanized Roofing Nails - 50 lb/Box,14571,39.95,,Default Title,https://ihlcanada.com/products/duradrive-2-1-2-in-electro-galvanized-steel-roofing-nails-50-lb-per-box,2026-05-31T12:06:31.030023
IHL Canada,Fasteners,H Paulin #10 x 2-1/2 in. Zinc Coated Flat Head Square Drive Wood Screws (250-Jug),16180,25.95,,Default Title,https://ihlcanada.com/products/h-paulin-10-x-2-1-2-in-zinc-coated-flat-head-square-drive-wood-screws-250-jug,2026-05-31T12:06:31.030026
IHL Canada,Fasteners,H Paulin #8 x 3 in. Zinc Coated Flat Head Square Drive Particle Board Screws (150-Jug),16115,14.95,,Default Title,https://ihlcanada.com/products/h-paulin-8-x-3-in-zinc-coated-flat-head-square-drive-particle-board-screws-150-jug,2026-05-31T12:06:31.030030
IHL Canada,Fasteners,DuraDrive A11 1/2 in x 7/16 in Galvanized Steel Coated Staples,17129,5.49,,Default Title,https://ihlcanada.com/products/duradrive-1-2-in-x-7-16-in-a11-20-gauge-staples-5-000-pack,2026-05-31T12:06:31.030060
IHL Canada,Fasteners,"H Paulin #8 x 3/4 in. Zinc Coated Flat Head Square Drive Particle Board Screws (1,000-Jug)",16114,24.95,,Default Title,https://ihlcanada.com/products/h-paulin-8-zinc-coated-flat-head-square-drive-particle-board-screws-1-000-jug,2026-05-31T12:06:31.030065
IHL Canada,Fasteners,"DuraDrive #6 x 7/16 in. Pan Head Framing Screws (25,000 Per Box)",16046,125.0,,Default Title,https://ihlcanada.com/products/duradrive-6-x-7-16-in-black-pan-framing-kelly-screws-25-000-box,2026-05-31T12:06:31.030068
IHL Canada,Fasteners,The Hillman Group Paulin 537-995 1/4 in 1-1/4 in Outside Steel Fender Washer,17864,7.95,,Default Title,https://ihlcanada.com/products/h-paulin-1-4-in-zinc-plated-fender-washers-100-per-jug,2026-05-31T12:06:31.030070
IHL Canada,Fasteners,DuraDrive 3-1/4 in. Hot-Dip Galvanized Spiral Shank Coil Framing Nails (4050-Box),14509,85.0,,Default Title,https://ihlcanada.com/products/duradrive-3-1-4-in-x-0-120-in-15-degree-angled-hot-dipped-galvanized-spiral-shank-coil-framing-nails-4-050-box,2026-05-31T12:06:31.030073
IHL Canada,Fasteners,DuraDrive 1-3/4 in 16 Gauge Galvanized Finish Nails - 2500 Brads/Pack,14462,6.95,,Default Title,https://ihlcanada.com/products/duradrive-1-3-4-in-16-gauge-galvanized-brad-nails-2-500-pack,2026-05-31T12:06:31.030075
IHL Canada,Fasteners,DuraDrive 3 in. Duplex Nails 50Lbs,14544,34.95,,Default Title,https://ihlcanada.com/products/duradrive-3-in-8-gauge-double-headed-nails-50-lb-per-box,2026-05-31T12:06:31.030077
IHL Canada,Fasteners,DuraDrive 1-1/4 in Steel Electro-Galvanized Roofing Nails - 50 lb/Box,14569,56.95,,Default Title,https://ihlcanada.com/products/duradrive-1-1-4-in-electro-galvanized-steel-roofing-nails-50-lb-per-box,2026-05-31T12:06:31.030079
IHL Canada,Fasteners,H Paulin #8 x 1-1/2 in. Low Root Brown Coated Flat Head Square Drive Cedar Decking Screws (600-Jug),18289,38.95,,Default Title,https://ihlcanada.com/products/h-paulin-8-x-1-1-2-in-low-root-brown-coated-flat-head-square-drive-cedar-decking-screws-600-jug,2026-05-31T12:06:31.030082
IHL Canada,Fasteners,DuraDrive 1-1/2 in. x .300 in. Bright Finish Flat Head Fluted Concrete and Steel Drive Pins with 1 in. Washer (100-Pack),11700,14.95,,Default Title,https://ihlcanada.com/products/duradrive-1-1-2-in-x-0-300-in-bright-finish-flat-head-fluted-concrete-and-steel-drive-pins-with-1-in-washer-100-pack,2026-05-31T12:06:31.030084
IHL Canada,Fasteners,H Paulin #6 x 5/8 in. White Painted Pan Head Square Drive Soffit Screws (800-Jug),16126,26.95,,Default Title,https://ihlcanada.com/products/h-paulin-6-x-5-8-in-white-painted-pan-head-square-drive-soffit-screws-800-jug,2026-05-31T12:06:31.030086
IHL Canada,Fasteners,"DuraDrive 2-1/2"" in 16 Gauge Galvanized Finish Nails - 2500 Brads/Pack",14466,10.29,,Default Title,https://ihlcanada.com/products/duradrive-2-1-2-in-16-gauge-galvanized-brad-nails-2-500-pack,2026-05-31T12:06:31.030088
IHL Canada,Fasteners,DuraDrive 5/8 in x 5 in Steel Performance Wedge Anchor - 20/Pack,31945,26.95,,Default Title,https://ihlcanada.com/products/duradrive-5-8-inches-x-5-inches-high-performance-white-zinc-wedge-expansion-anchor-20-box,2026-05-31T12:06:31.030091
IHL Canada,Fasteners,DuraDrive 3/8 in. x 2-3/4 in. Performance Wedge Anchor (50-Pack),31934,15.95,,Default Title,https://ihlcanada.com/products/duradrive-3-8in-performance-wedge-anchor-50-pack,2026-05-31T12:06:31.030093
IHL Canada,Fasteners,DuraDrive 3/8 in Steel White Zinc Short Internally Threaded Expansion Drop-In Anchor Setting Tool,31760,5.95,,Default Title,https://ihlcanada.com/products/duradrive-3-8-in-mini-drop-in-internally-threaded-expansion-anchor-setting-tool,2026-05-31T12:06:31.030095
IHL Canada,Fasteners,DuraDrive 1/2 in x 5-1/2 in Steel Performance Wedge Anchor - 25/Pack,31942,22.95,,Default Title,https://ihlcanada.com/products/duradrive-1-2-inches-x-5-1-2-inches-high-performance-white-zinc-wedge-expansion-anchor-25-box,2026-05-31T12:06:31.030098
IHL Canada,Fasteners,DuraDrive 5/8 in x 6 in Steel Performance Wedge Anchor - 20/Pack,31946,29.95,,Default Title,https://ihlcanada.com/products/duradrive-5-8-inches-x-6-inches-high-performance-white-zinc-wedge-expansion-anchor-20-box,2026-05-31T12:06:31.030100
IHL Canada,Fasteners,DuraDrive 1/2 in 2 in Steel Internally Threaded Smooth Drop-In Anchor - 50/Pack,31764,15.95,,Default Title,https://ihlcanada.com/products/duradrive-1-2-in-white-zinc-smooth-drop-in-internally-threaded-expansion-anchor-50-pack,2026-05-31T12:06:31.030102
IHL Canada,Fasteners,"BOSTITCH SL50351G 1 in. x 5/16 in. 18-Gauge Crown Staples (5,000-Pack)",28685,33.95,,Default Title,https://ihlcanada.com/products/bostitch-sl50351g-1-in-x-5-16-in-18-gauge-crown-staples-5-000-pack,2026-05-31T12:06:31.030105
IHL Canada,Fasteners,DuraDrive #8 x 1-5/8 in. Coarse Thread Spoon Point Cement Board Screws (150-Pack),27858,5.45,,Default Title,https://ihlcanada.com/products/duradrive-8-x-1-5-8-in-flat-phillips-head-grey-ruspert-cement-board-type-2-spoon-point-screw-150,2026-05-31T12:06:31.030107
IHL Canada,Fasteners,"DuraDrive #8 x 2 in. Square Drive Collated Deck Screws (1,000 Per Box)",26713,29.95,,Default Title,https://ihlcanada.com/products/duradrive-8-x-2-in-brown-ruspert-coated-flat-head-square-drive-coarse-thread-collated-exterior-wood-screws-1-000-box,2026-05-31T12:06:31.030109
IHL Canada,Fasteners,Paulin 162-394 3/16 in. Zinc Plated Fender Washer (100-Pack),29273,3.59,,Default Title,https://ihlcanada.com/products/paulin-162-394-3-16-in-zinc-plated-fender-washer-100-pack,2026-05-31T12:06:31.030112
IHL Canada,Fasteners,H Paulin #10 x 3/4 in. Zinc Coated Hex Head Self-Drilling Drill-X Exterior Metal Screws (750-Jug),16135,36.95,,Default Title,https://ihlcanada.com/products/h-paulin-10-x-3-4-in-zinc-coated-hex-head-self-drilling-drill-x-exterior-metal-screws-750-jug,2026-05-31T12:06:31.030114
IHL Canada,Fasteners,Paulin B129-607 1/2 in. x 10 in. Zinc Plated Carriage Bolt (65-Pack),10720,69.95,,Default Title,https://ihlcanada.com/products/paulin-b129-607-1-2-in-x-10-in-zinc-plated-carriage-bolt-65-pack,2026-05-31T12:06:31.030116
IHL Canada,Fasteners,"DuraDrive 2 in. 34-Degree Hot-Dip Galvanized Spiral Paper Strip Nails (5,000-Box)",14590,59.95,,Default Title,https://ihlcanada.com/products/duradrive-34-degree-hot-dip-galvanized-spiral-shank-paper-strip-nails,2026-05-31T12:06:31.030118
IHL Canada,Fasteners,H Paulin #6 x 1-5/8 in. Flat Head Phillips Drive Coarse Thread Drywall Screws (500-Jug),18283,16.95,,Default Title,https://ihlcanada.com/products/h-paulin-6-flat-head-phillips-drive-coarse-thread-drywall-screws-500-jug,2026-05-31T12:06:31.030120
IHL Canada,Fasteners,DuraDrive 1-1/2 in Steel Electro-Galvanized Roofing Nails - 50 lb/Box,14568,36.95,,Default Title,https://ihlcanada.com/products/duradrive-1-1-2-in-electro-galvanized-steel-roofing-nails-50-lb-per-box,2026-05-31T12:06:31.030123
IHL Canada,Fasteners,DuraDrive 1-1/2 in 16 Gauge Galvanized Finish Nails - 2500 Brads/Pack,14460,5.95,,Default Title,https://ihlcanada.com/products/duradrive-1-1-2-in-16-gauge-galvanized-brad-nails-2-500-pack,2026-05-31T12:06:31.030125
IHL Canada,Fasteners,"DuraDrive 3 in. Plastic Cap Ring Shank Nails (2,000-Box)",14556,29.95,,Default Title,https://ihlcanada.com/products/duradrive-3-in-plastic-cap-ring-shank-nails-2-000-box,2026-05-31T12:06:31.030127
IHL Canada,Fasteners,The Hillman Group Paulin 537-212 #10 3/4 in Zinc Metal Screw,16148,29.95,,Default Title,https://ihlcanada.com/products/h-paulin-10-x-3-4-in-pan-head-socket-drill-x-metal-screws-750-per-jug,2026-05-31T12:06:31.030129
IHL Canada,Fasteners,DuraDrive 2 in Steel Electro-Galvanized Roofing Nails - 50 lb/Box,14570,39.95,,Default Title,https://ihlcanada.com/products/duradrive-2-in-electro-galvanized-steel-roofing-nails-50-lb-per-box,2026-05-31T12:06:31.030132
IHL Canada,Fasteners,DuraDrive 1-1/4 in 9 Gauge Bright Concrete Nails - 4.5 lb/Box,14529,9.95,,Default Title,https://ihlcanada.com/products/duradrive-1-1-4-in-concrete-nails-4-5-lb-per-box,2026-05-31T12:06:31.030135
IHL Canada,Fasteners,"DuraDrive 1 in. x 1/4 in. Crown 18-Gauge L13 Series Galvanized Steel Coated Staples (5,000-Pack)",17143,10.64,,Default Title,https://ihlcanada.com/products/duradrive-1-in-x-1-4-in-crown-18-gauge-l13-series-galvanized-steel-coated-staples-5-000-pack,2026-05-31T12:06:31.030138
IHL Canada,Fasteners,DuraDrive 0.27 Caliber Green 10-Shot Strip Powder Actuated Fastener Loads (100-Pack),16705,11.95,,Default Title,https://ihlcanada.com/products/duradrive-0-27-caliber-10-shot-strip-powder-actuated-fastener-loads,2026-05-31T12:06:31.030140
IHL Canada,Fasteners,H Paulin #6 x 7/16 in. Pan Head Phillips Drive Fine Thread S Point Framing Screws (900-Jug),18297,17.95,,Default Title,https://ihlcanada.com/products/h-paulin-6-x-7-16-in-pan-head-phillips-drive-fine-thread-s-point-framing-screws-900-jug,2026-05-31T12:06:31.030142
IHL Canada,Fasteners,"DuraDrive 1-1/2 in. x 1/4 in. Crown 18-Gauge L17 Series Yellow Varnish Galvanized Staples (5,000-Pack)",17146,14.89,,Default Title,https://ihlcanada.com/products/duradrive-1-1-2-in-x-1-4-in-crown-18-gauge-l17-series-yellow-varnish-galvanized-staples-5-000-pack,2026-05-31T12:06:31.030144
IHL Canada,Fasteners,H Paulin #8 x 1 in. Zinc Coated Pan Head Square Drive Interior Metal Screws (700-Jug),16096,23.95,,Default Title,https://ihlcanada.com/products/h-paulin-zinc-coated-pan-head-square-drive-interior-metal-screws-700-jug,2026-05-31T12:06:31.030147
IHL Canada,Fasteners,"DuraDrive 1-1/2 in. x 7/16 in. Crown 16-Gauge N17 Series Yellow Varnish Galvanized Staples (10,000-Pack)",17149,45.94,,Default Title,https://ihlcanada.com/products/duradrive-1-1-2-in-x-7-16-in-crown-16-gauge-n17-series-yellow-varnish-galvanized-staples-10-000-pack,2026-05-31T12:06:31.030151
IHL Canada,Fasteners,H Paulin #8 x 1-1/2 in. Zinc Coated Pan Head Square Drive Self-Drilling Drill-X Metal Screws (500-Jug),16151,19.95,,Default Title,https://ihlcanada.com/products/h-paulin-8-x-1-1-2-in-zinc-coated-pan-head-square-drive-self-drilling-drill-x-metal-screws-500-jug,2026-05-31T12:06:31.030153
IHL Canada,Fasteners,"DuraDrive 1/4 in. x 2-3/4 in. Hex Head Slot Drive Concrete Screws (1,400 Per Box)",34804,145.0,,Default Title,https://ihlcanada.com/products/duradrive-concrete-screw-hex-1-4x2-3-4-inches-1400-box,2026-05-31T12:06:31.030156
IHL Canada,Fasteners,"DuraDrive 3/8"" x 4"" Threaded Concrete Screw Anchor (50-Pack)",31917,34.95,,Default Title,https://ihlcanada.com/products/duradrive-3-8-inches-x-4-inches-high-performance-white-zinc-threaded-anchor-50-box,2026-05-31T12:06:31.030160
IHL Canada,Fasteners,DuraDrive 3/4 in x 6-1/4 in Steel Performance Wedge Anchor - 10/Pack,31951,23.95,,Default Title,https://ihlcanada.com/products/duradrive-3-4-inches-x-6-1-4-inches-high-performance-white-zinc-wedge-expansion-anchor-10-box,2026-05-31T12:06:31.030162
IHL Canada,Fasteners,"DuraDrive #8 x 2-1/2 in. Flooring Screws, Black, Flat Head, Square (2,500 Per Box)",34851,42.95,,Default Title,https://ihlcanada.com/products/duradrive-low-root-bare-flooring-screw-8x2-1-2-inches-2-5m,2026-05-31T12:06:31.030164
IHL Canada,Fasteners,DuraDrive 3/4 in x 4-3/4 in Steel Performance Wedge Anchor - 10/Pack,31949,19.95,,Default Title,https://ihlcanada.com/products/duradrive-3-4-inches-x-4-3-4-inches-high-performance-white-zinc-wedge-expansion-anchor-10-box,2026-05-31T12:06:31.030167
IHL Canada,Fasteners,DuraDrive 3/8 in x 3-3/4 in Steel Performance Wedge Anchor - 50/Pack,31937,17.95,,Default Title,https://ihlcanada.com/products/duradrive-3-8-inches-x-3-3-4-inches-high-performance-white-zinc-wedge-expansion-anchor-50-box,2026-05-31T12:06:31.030169
IHL Canada,Fasteners,DuraDrive 3/8 in. x 1-7/8 in. Hex Nut Sleeve Anchor (50-Pack),31776,9.95,,Default Title,https://ihlcanada.com/products/duradrive-3-8in-hex-nut-sleeve-anchor,2026-05-31T12:06:31.030171
IHL Canada,Fasteners,DuraDrive 1/2 in. Coil Drop-in Internally Threaded Anchor (50-Pack),31767,18.95,,Default Title,https://ihlcanada.com/products/duradrive-internally-threaded-coiled-drop-in-anchors-10-pack,2026-05-31T12:06:31.030173
IHL Canada,Fasteners,"DuraDrive 1/2"" x 4"" Threaded Concrete Screw Anchor (50-Pack)",31920,67.95,,Default Title,https://ihlcanada.com/products/duradrive-1-2in-performance-threaded-anchor,2026-05-31T12:06:31.030176
IHL Canada,Fasteners,"DuraDrive 1/2"" x 3"" Threaded Concrete Screw Anchor (50-Pack)",34999,59.95,,Default Title,https://ihlcanada.com/products/duradrive-1-2-inches-x-3-inches-zinc-threaded-anchor-50-box,2026-05-31T12:06:31.030178
IHL Canada,Fasteners,"Simpson Strong-Tie Quik Drive DSVT2S #10 x 2 in. Tan DSV Collated Decking Screw (1,500-Pack)",23327,114.95,,Default Title,https://ihlcanada.com/products/simpson-strong-tie-quik-drive-dsvt2s-10-x-2-in-tan-dsv-collated-decking-screw-1-500-pack,2026-05-31T12:06:31.030180
IHL Canada,Fasteners,"BOSTITCH CAPPAK-5M 1 in. Caps and 5/16 18-Gauge Staples (5,000-Pack)",28998,139.99,,Default Title,https://ihlcanada.com/products/bostitch-cappak-5m-1-in-caps-and-5-16-18-gauge-staples-5-000-pack,2026-05-31T12:06:31.030182
IHL Canada,Fasteners,"DuraDrive #8 x 1-3/4 in. Collated Flooring Screws, Yellow Zinc, Flat Head Square (1,000 Per Box)",26709,24.59,,Default Title,https://ihlcanada.com/products/duradrive-8-x-1-3-4-in-yellow-zinc-coated-flat-head-square-drive-coarse-thread-collated-flooring-screws-1-000-pack,2026-05-31T12:06:31.030185
IHL Canada,Fasteners,"DuraDrive 2 in. 16-Gauge L-Cleat Flooring Nails (1,000-Pack)",14554,14.89,,Default Title,https://ihlcanada.com/products/duradrive-2-in-16-gauge-l-cleat-flooring-nails-1-000-pack,2026-05-31T12:06:31.030187
IHL Canada,Fasteners,H Paulin #6 x 1-1/4 in. Coarse Thread Drywall Screw (500-Jug),18282,14.95,,Default Title,https://ihlcanada.com/products/h-paulin-6-x-1-1-4-in-coarse-thread-drywall-screws-500-per-jug,2026-05-31T12:06:31.030189
IHL Canada,Fasteners,H Paulin 1/2 in. x 13 Zinc Coated Grade-2 Hex Nuts (50-Jug),14634,8.95,,Default Title,https://ihlcanada.com/products/h-paulin-1-2-in-x-13-zinc-coated-grade-2-hex-nuts-50-jug,2026-05-31T12:06:31.030191
IHL Canada,Fasteners,DuraDrive 2 in Steel Bright Ardox Spiral Nails - 50 lb/Box,14430,49.5,,Default Title,https://ihlcanada.com/products/duradrive-2-in-ardox-nails-50-lb-per-box,2026-05-31T12:06:31.030193
IHL Canada,Fasteners,DuraDrive 3-1/4 in Steel Hot-Dip Galvanized Ardox Spiral Nails - 50 lb/Box,14456,76.95,,Default Title,https://ihlcanada.com/products/duradrive-3-1-4-in-hdg-ardox-nails-50-lb-per-box,2026-05-31T12:06:31.030196
IHL Canada,Fasteners,DuraDrive 2-1/4 in Steel Bright Ardox Spiral Nails - 50 lb/Box,14433,44.95,,Default Title,https://ihlcanada.com/products/duradrive-2-1-4-in-ardox-nails-50-lb-per-box,2026-05-31T12:06:31.030198
IHL Canada,Fasteners,H Paulin #10 x 1 in. Zinc Coated Pan Head Square Drive Self-Drilling Drill-X Interior Metal Screws (500-Jug),16146,24.95,,Default Title,https://ihlcanada.com/products/h-paulin-10-zinc-coated-pan-head-square-drive-self-drilling-drill-x-interior-metal-screws-500-jug,2026-05-31T12:06:31.030200
IHL Canada,Fasteners,H Paulin #8-10 Zinc Self-Drilling Drywall Anchors (150-Jug),18111,36.95,,Default Title,https://ihlcanada.com/products/h-paulin-8-10-zinc-self-drilling-drywall-anchors-150-jug,2026-05-31T12:06:31.030202
IHL Canada,Fasteners,H Paulin #6-8 x 3/4 in. Plastic Wall Plugs Drywall Anchors (850-Jug),15237,19.95,,Default Title,https://ihlcanada.com/products/h-paulin-6-8-x-3-4-in-plastic-wall-plugs-drywall-anchors-850-pack,2026-05-31T12:06:31.030205
IHL Canada,Fasteners,H Paulin #10 x 1-1/2 in. Zinc Coated Flat Head Square Drive Interior Wood Screws (450-Jug),16176,24.95,,Default Title,https://ihlcanada.com/products/h-paulin-10-x-1-1-2-in-zinc-coated-flat-head-square-drive-interior-wood-screws-450-jug,2026-05-31T12:06:31.030207
IHL Canada,Fasteners,H Paulin #6 x 2 in. Flat Head Phillips Drive Fine Thread Drywall Screws (300-Jug),18286,11.95,,Default Title,https://ihlcanada.com/products/h-paulin-6-x-2-in-flat-head-phillips-drive-fine-thread-drywall-screws-300-jug,2026-05-31T12:06:31.030211
IHL Canada,Fasteners,"DuraDrive #8 x 1-3/4 in. Construction Screws, Bare, Flat Head Square (4,000 Per Box)",16050,49.95,,Default Title,https://ihlcanada.com/products/copy-of-duradrive-8-x-1-1-2-in-low-root-zinc-coated-flat-head-square-drive-flooring-screws-5-000-box,2026-05-31T12:06:31.030213
IHL Canada,Fasteners,DuraDrive 3 in 8 Gauge Bright Concrete Nails - 50 lb/Pack,14541,78.95,,Default Title,https://ihlcanada.com/products/duradrive-3-in-concrete-nails-50-lb-per-box,2026-05-31T12:06:31.030216
IHL Canada,Fasteners,H Paulin #8 x 2 in. Low Root Brown Coated Flat Head Square Drive Exterior Cedar Decking Screws (400-Jug),16063,25.95,,Default Title,https://ihlcanada.com/products/h-paulin-8-x-2-in-low-root-brown-coated-flat-head-square-drive-exterior-cedar-decking-screws-400-jug,2026-05-31T12:06:31.030218
IHL Canada,Fasteners,H Paulin #8 x 2 in. Zinc Coated Flat Head Square Drive Particle Board Screws (400-Jug),16113,22.95,,Default Title,https://ihlcanada.com/products/h-paulin-8-x-2-in-zinc-coated-flat-head-square-drive-particle-board-screws-400-jug,2026-05-31T12:06:31.030220
IHL Canada,Fasteners,"H Paulin #6 x 3/8 in. Zinc Coated Pan Head Square Drive Self-Drilling Drill-X Metal Screws (1,000-Jug)",16150,20.95,,Default Title,https://ihlcanada.com/products/h-paulin-zinc-coated-pan-head-square-drive-self-drilling-drill-x-metal-screws-1-000-jug,2026-05-31T12:06:31.030222
IHL Canada,Fasteners,"DuraDrive 2-3/8 in. 34-Degree Hot-Dip Galvanized Paper Strip Nails (5,000-Box)",14589,77.95,,Default Title,https://ihlcanada.com/products/duradrive-2-3-8-in-34-degree-hot-dip-galvanized-spiral-paper-strip-nails-5-000-per-box,2026-05-31T12:06:31.030225
IHL Canada,Fasteners,H Paulin #10 x 1-1/2 in. Zinc Coated Pan Head Square Drive Interior Metal Screws (400-Jug),16084,25.0,,Default Title,https://ihlcanada.com/products/h-paulin-10-x-1-1-2-in-zinc-coated-pan-head-square-drive-interior-metal-screws-400-jug,2026-05-31T12:06:31.030227
IHL Canada,Fasteners,"DuraDrive 1-3/4 in. x 7/16 in. Crown N19 Series Yellow Varnish Galvanized Staples (10,000-Pack)",17150,51.69,,Default Title,https://ihlcanada.com/products/duradrive-1-3-4-in-x-7-16-in-crown-n19-series-yellow-varnish-galvanized-staples-10-000-pack,2026-05-31T12:06:31.030229
IHL Canada,Fasteners,H Paulin #8-10 x 7/8 in. Plastic Conical Concrete Anchors (900-Jug),10090,11.95,,Default Title,https://ihlcanada.com/products/h-paulin-plastic-conical-concrete-anchors-900-pack,2026-05-31T12:06:31.030231
IHL Canada,Fasteners,The Hillman Group Paulin 537-080 #8 1-1/4 in Zinc Board Screw,16106,21.95,,Default Title,https://ihlcanada.com/products/h-paulin-8-x-1-1-4-in-flat-head-socket-particle-board-screws-600-per-jug,2026-05-31T12:06:31.030233
IHL Canada,Fasteners,DuraDrive 1/2 in. x 10 in. L-Anchor Bolts with Nuts and Washers (100-Pack),10078,55.95,,Default Title,https://ihlcanada.com/products/copy-of-duradrive-1-2-in-x-6-in-l-anchor-bolts-with-nuts-and-washers-100-box-3,2026-05-31T12:06:31.030236
IHL Canada,Fasteners,H Paulin #6-8 Nylon Self-Drilling Drywall Anchors (200-Jug),18112,25.0,,Default Title,https://ihlcanada.com/products/h-paulin-6-8-nylon-self-drilling-drywall-anchors-200-pack,2026-05-31T12:06:31.030238
IHL Canada,Fasteners,H Paulin 3/8 in. x 16 Zinc Coated Grade-2 Hex Nuts (100-Jug),14638,7.95,,Default Title,https://ihlcanada.com/products/h-paulin-3-8-in-x-16-zinc-coated-grade-2-hex-nuts-100-jug,2026-05-31T12:06:31.030240
IHL Canada,Fasteners,The Hillman Group Paulin 537-143 #10 1 in Zinc Metal Screw,16083,22.95,,Default Title,https://ihlcanada.com/products/h-paulin-10-x-1-in-pan-head-socket-metal-screws-500-per-jug,2026-05-31T12:06:31.030243
IHL Canada,Fasteners,H Paulin #8 x 5/8 in. Zinc Coated Flat Head Square Drive Particle Board Screws (700-Jug),16116,14.95,,Default Title,https://ihlcanada.com/products/h-paulin-8-x-5-8-in-zinc-coated-flat-head-square-drive-particle-board-screws-700-jug,2026-05-31T12:06:31.030246
IHL Canada,Fasteners,DuraDrive 1 in 18 Gauge Galvanized Coated Bright Brad Nails - 5000/Pack,14477,5.25,,Default Title,https://ihlcanada.com/products/duradrive-1-in-18-gauge-galvanized-brad-nails-5-000-pack,2026-05-31T12:06:31.030249
IHL Canada,Fasteners,H Paulin #14 x 4 in. Zinc Plated Hex Washer Head Self-Drilling Tek Screws (100-Box),16140,29.95,,Default Title,https://ihlcanada.com/products/h-paulin-14-x-4-in-zinc-plated-hex-washer-head-self-drilling-tek-screws-100-box,2026-05-31T12:06:31.030251
IHL Canada,Fasteners,H Paulin #8 x 1-1/4 in. Zinc Coated Pan Head Square Drive Interior Metal Screws (500-Jug),16098,22.25,,Default Title,https://ihlcanada.com/products/h-paulin-zinc-coated-pan-head-square-drive-interior-metal-screws-500-jug,2026-05-31T12:06:31.030253
IHL Canada,Fasteners,DuraDrive 3 in x 0.3 in Bright Flat Head Fluted Drive Pins,11695,10.95,,Default Title,https://ihlcanada.com/products/duradrive-3-in-x-0-300-in-concrete-pins-for-concrete-and-steel-100-pack,2026-05-31T12:06:31.030255
IHL Canada,Fasteners,"DuraDrive 2 in. x 7/16 in. Crown N21 Series Yellow Varnish Galvanized Staples (10,000-Pack)",17151,63.25,,Default Title,https://ihlcanada.com/products/duradrive-2-in-x-7-16-in-crown-n21-series-yellow-varnish-galvanized-staples-10-000-pack,2026-05-31T12:06:31.030259
IHL Canada,Fasteners,DuraDrive 3/8 in x 5 in Steel Performance Wedge Anchor - 50/Pack,31938,26.95,,Default Title,https://ihlcanada.com/products/duradrive-3-8-inches-x-5-inches-high-performance-white-zinc-wedge-expansion-anchor-50-box,2026-05-31T12:06:31.030262
IHL Canada,Fasteners,"DuraDrive 1/4 in. x 1-3/4 in. Hex Head Slot Drive Concrete Screws (2,500 Per Box)",34803,119.95,,Default Title,https://ihlcanada.com/products/duradrive-concrete-screw-hex-1-4x1-3-4-inches-2500-box,2026-05-31T12:06:31.030264
IHL Canada,Fasteners,"Metabo HPT 23007SHPT 2 in. 23-Gauge Galvanized Headless Micro Pin Nails (2,000-Pack)",31969,10.99,,Default Title,https://ihlcanada.com/products/metabo-hpt-23007shpt-micro-pins-23ga-x-2-2m,2026-05-31T12:06:31.030266
IHL Canada,Fasteners,DuraDrive 1/2 in. x 2-3/4 in. Performance Wedge Anchor (50-Pack),31939,27.95,,Default Title,https://ihlcanada.com/products/duradrive-1-2in-performance-wedge-anchor,2026-05-31T12:06:31.030268
IHL Canada,Fasteners,DuraDrive 1/2 in. Drop-in Internally Threaded Expansion Anchor Setting Tool,31771,3.75,,Default Title,https://ihlcanada.com/products/copy-of-duradrive-1-4-in-drop-in-internally-threaded-expansion-anchor-setting-tool-1,2026-05-31T12:06:31.030272
IHL Canada,Fasteners,DuraDrive 5/8 in. x 4-1/2 in. Performance Wedge Anchor (20-Pack),31944,25.75,,Default Title,https://ihlcanada.com/products/duradrive-5-8in-performance-wedge-anchor-25-pack,2026-05-31T12:06:31.030275
IHL Canada,Fasteners,"DuraDrive 3/8"" x 5"" Threaded Concrete Screw Anchor (50-Pack)",31918,35.95,,Default Title,https://ihlcanada.com/products/duradrive-3-8-inches-x-5-inches-high-performance-white-zinc-threaded-anchor-50-box,2026-05-31T12:06:31.030277
IHL Canada,Fasteners,"DuraDrive 1/4"" x 1-3/4"" Threaded Concrete Screw Anchor (100-Pack)",31913,29.95,,Default Title,https://ihlcanada.com/products/duradrive-1-4in-performance-threaded-anchor-100-pack,2026-05-31T12:06:31.030281
IHL Canada,Fasteners,"DuraDrive 3/8"" x 1-3/4"" Threaded Concrete Screw Anchor (50-Pack)",35144,27.59,,Default Title,https://ihlcanada.com/products/duradrive-3-8-inches-x-1-3-4-inches-zinc-threaded-anchor-50-box,2026-05-31T12:06:31.030283
IHL Canada,Fasteners,DuraDrive 3/8 in. x 5 in. Flat Head Sleeve Anchor (50-Pack),31791,21.99,,Default Title,https://ihlcanada.com/products/copy-of-duradrive-3-8-in-x-2-3-4-in-flat-head-sleeve-anchor-50-pack-1,2026-05-31T12:06:31.030285
IHL Canada,Fasteners,"DuraDrive 1-1/2 in. Plastic Cap Spiral Shank Insulation Nails (2,000-Box)",31628,24.95,,Default Title,https://ihlcanada.com/products/duradrive-1-1-2-in-plastic-cap-spiral-shank-insulation-nails-2-000-box,2026-05-31T12:06:31.030288
IHL Canada,Fasteners,"Metabo HPT 23000SHPT 5/8 in. 23-Gauge Galvanized Headless Micro Pin Nails (2,000-Pack)",31964,3.99,,Default Title,https://ihlcanada.com/products/metabo-hpt-23000shpt-micro-pins-23ga-x-5-8-2m,2026-05-31T12:06:31.030290
IHL Canada,Fasteners,BOSTITCH SB-CAPS 1 in. Caps for Staples and Nails (1000-Pack),28371,34.16,,Default Title,https://ihlcanada.com/products/bostitch-cappak-5m-1-in-caps-for-staples-and-nails-1000-pack,2026-05-31T12:06:31.030292
IHL Canada,Fasteners,DuraDrive #8 x 1-5/8 in. Fine Thread Tek Point Cement Board Screws (150-Pack),27862,5.45,,Default Title,https://ihlcanada.com/products/duradrive-8-x-1-5-8-in-flat-phillips-head-grey-ruspert-cement-board-type-s-12-tek-point-screw-150,2026-05-31T12:06:31.030294
IHL Canada,Fasteners,H Paulin 5/16 in. x 3 in. Zinc Coated Hex Head Lag Bolts (500-Box),22760,99.95,,Default Title,https://ihlcanada.com/products/h-paulin-5-16-in-x-3-in-zinc-coated-hex-head-lag-bolts-500-box,2026-05-31T12:06:31.030297
IHL Canada,Fasteners,"DuraDrive #8 x 1-5/8 in. Square Drive Collated Deck Screws (1,000 Per Box)",26711,24.59,,Default Title,https://ihlcanada.com/products/duradrive-8-brown-ruspert-coated-flat-head-square-drive-coarse-thread-collated-exterior-wood-screws-1-000-pack,2026-05-31T12:06:31.030299
IHL Canada,Fasteners,DuraDrive #8 x 1-1/4 in. Coarse Thread Spoon Point Cement Board Screws (150-Pack),27857,4.75,,Default Title,https://ihlcanada.com/products/duradrive-8-grey-coated-flat-head-phillips-drive-type-2-spoon-point-cement-board-screws,2026-05-31T12:06:31.030301
IHL Canada,Fasteners,"DuraDrive 1/4 in. x 7/16 in. Crown 20-Gauge A11 Series Galvanized Steel Staples (5,000-Pack)",17130,5.49,,Default Title,https://ihlcanada.com/products/duradrive-7-16-in-crown-a11-series-20-gauge-galvanized-steel-coated-staples-5-000-pack,2026-05-31T12:06:31.030303
IHL Canada,Fasteners,DuraDrive 2-1/4 in. 10-Gauge Smooth Finish Double Head Nails (50 lb. per Box),14542,54.95,,Default Title,https://ihlcanada.com/products/duradrive-2-1-4-in-10-gauge-smooth-finish-double-head-nails-50-lb-per-box,2026-05-31T12:06:31.030306
IHL Canada,Fasteners,DuraDrive 1-1/4 in x 0.3 in Bright Flat Head Fluted Drive Pins,11681,8.24,,Default Title,https://ihlcanada.com/products/duradrive-1-1-4-in-x-0-300-in-concrete-pins-for-concrete-and-steel-100-pack,2026-05-31T12:06:31.030308
IHL Canada,Fasteners,DuraDrive 1/2 in. x 12 in. L-Anchor Bolts with Nuts and Washers (100-Pack),10079,69.95,,Default Title,https://ihlcanada.com/products/copy-of-duradrive-1-2-in-x-6-in-l-anchor-bolts-with-nuts-and-washers-100-box-4,2026-05-31T12:06:31.030310
IHL Canada,Fasteners,H Paulin 1/4 in. Zinc Coated Flat Washers (400-Jug),17869,8.59,,Default Title,https://ihlcanada.com/products/h-paulin-1-4-in-zinc-coated-flat-washers-400-jug,2026-05-31T12:06:31.030312
IHL Canada,Fasteners,DuraDrive 0.27 Caliber Yellow 10-Shot Strip Powder Actuated Fastener Loads (100-Pack),16707,11.95,,Default Title,https://ihlcanada.com/products/copy-of-duradrive-0-27-caliber-green-10-shot-strip-powder-actuated-fastener-loads-100-pack-1,2026-05-31T12:06:31.030315
IHL Canada,Fasteners,"DuraDrive 1-1/4 in. x 7/16 in. Crown 16-Gauge N15 Series Yellow Varnish Galvanized Staples (10,000-Pack)",17148,34.44,,Default Title,https://ihlcanada.com/products/duradrive-1-1-4-in-x-7-16-in-crown-16-gauge-n15-series-yellow-varnish-galvanized-staples-10-000-pack,2026-05-31T12:06:31.030317
IHL Canada,Fasteners,DuraDrive 2-1/2 in Steel Electro-Galvanized Roofing Nails - 50 lb/Box,14575,44.95,,Default Title,https://ihlcanada.com/products/duradrive-2-1-2-in-electro-galvanized-spiral-steel-roofing-nails-50-lb-per-box,2026-05-31T12:06:31.030321
IHL Canada,Fasteners,"DuraDrive 1/2 in. x 1/4 in. Crown 18-Gauge L08 Series Galvanized Steel Coated Staples (5,000-Pack)",17139,4.54,,Default Title,https://ihlcanada.com/products/duradrive-1-2-in-x-1-4-in-crown-18-gauge-l08-series-galvanized-steel-coated-staples-5-000-pack,2026-05-31T12:06:31.030323
IHL Canada,Fasteners,H Paulin #6 x 1-1/4 in. Fine Thread Drywall Screw (500-Jug),16021,14.95,,Default Title,https://ihlcanada.com/products/h-paulin-6-x-1-1-4-in-fine-thread-drywall-screws-500-per-jug,2026-05-31T12:06:31.030325
IHL Canada,Fasteners,DEWALT POWERS 02826 1/4 in. x 2 in. ZAMAC NAILIN Mushroom Head Carbon Steel Nail Anchor (100-Pack),18101,24.95,,Default Title,https://ihlcanada.com/products/dewalt-1-4in-x-2in-mushroom-head-carbon-steel-nail-anchor-100-pack,2026-05-31T12:06:31.030327
IHL Canada,Fasteners,H Paulin #10 x 1-1/2 in. Brown Coated Hex Head Exterior Roofing and Siding Screws (100-Jug),16123,14.95,,Default Title,https://ihlcanada.com/products/h-paulin-10-x-1-1-2-in-brown-coated-hex-head-exterior-roofing-and-siding-screws-100-jug,2026-05-31T12:06:31.030330
IHL Canada,Fasteners,H Paulin #6 x 1-5/8 in. Zinc Coated Flat Head Phillips Drive Self-Drilling Drywall Screws (450-Jug),19322,19.95,,Default Title,https://ihlcanada.com/products/h-paulin-6-x-1-5-8-in-zinc-coated-flat-head-phillips-drive-self-drilling-drywall-screws-450-jug,2026-05-31T12:06:31.030332
IHL Canada,Fasteners,"DuraDrive 2 in. Plastic Cap Spiral Shank Insulation Nails (2,000-Box)",14559,24.95,,Default Title,https://ihlcanada.com/products/duradrive-plastic-cap-spiral-shank-insulation-roofing-nails,2026-05-31T12:06:31.030334
IHL Canada,Fasteners,DuraDrive 3 in Steel Bright Ardox Spiral Nails - 50 lb/Box,14436,45.95,,Default Title,https://ihlcanada.com/products/duradrive-3-in-ardox-nails-50-lb-per-box,2026-05-31T12:06:31.030336
IHL Canada,Fasteners,The Hillman Group Paulin 537-127 #8 1-1/2 in Zinc Metal Screw,16097,25.95,,Default Title,https://ihlcanada.com/products/h-paulin-8-x-1-1-2-in-pan-head-socket-metal-screws-500-per-jug,2026-05-31T12:06:31.030340
IHL Canada,Fasteners,"DuraDrive 2 in. Hot-Dip Galvanized Spiral Shank Flat Top Coil Framing Nails (4,500-Box)",14507,36.95,,Default Title,https://ihlcanada.com/products/duradrive-2-in-hot-dip-galvanized-ring-shank-flat-top-coil-framing-nails-4-500-box,2026-05-31T12:06:31.030342
IHL Canada,Fasteners,DuraDrive 3-1/4 in. Cold-Dip Galvanized Spiral Shank Coil Framing Nails (4050-Box),14502,54.95,,Default Title,https://ihlcanada.com/products/duradrive-3-1-4-in-duradized-cold-dip-galvanized-spiral-shank-coil-framing-nails-4-050-box,2026-05-31T12:06:31.030345
IHL Canada,Fasteners,H Paulin 1/4 in. x 20 Zinc Coated Grade-2 Hex Nuts (300-Jug),14636,10.95,,Default Title,https://ihlcanada.com/products/h-paulin-1-4-in-x-20-zinc-coated-grade-2-hex-nuts-300-jug,2026-05-31T12:06:31.030347
IHL Canada,Fasteners,"H Paulin #8 x 5/8 in. Zinc Coated Pan Head Square Drive Interior Metal Screws (1,000-Jug)",16102,27.95,,Default Title,https://ihlcanada.com/products/h-paulin-zinc-coated-pan-head-square-drive-interior-metal-screws-1-000-jug,2026-05-31T12:06:31.030349
IHL Canada,Fasteners,The Hillman Group Paulin 537-144 #10 1-1/4 in Zinc Metal Screw,16085,25.0,,Default Title,https://ihlcanada.com/products/h-paulin-10-x-1-1-4-in-zinc-plated-pan-head-socket-type-inchesa-inches-metal-screws-500-per-jug,2026-05-31T12:06:31.030351
IHL Canada,Fasteners,DuraDrive 2-1/2 in x 0.3 in Bright Flat Head Fluted Drive Pins,11688,9.75,,Default Title,https://ihlcanada.com/products/duradrive-2-1-2-in-x-0-300-in-concrete-pins-for-concrete-and-steel-100-pack,2026-05-31T12:06:31.030354
IHL Canada,Fasteners,"H Paulin #8 x 3/4 in. Zinc Coated Hex Head Self-Drilling Drill-X Metal Screws (1,000-Jug)",16044,37.95,,Default Title,https://ihlcanada.com/products/h-paulin-8-x-3-4-in-zinc-coated-hex-head-self-drilling-drill-x-metal-screws-1-000-jug,2026-05-31T12:06:31.030356
IHL Canada,Fasteners,"DuraDrive #6 x 1-1/4 in. Tek Point Fine Thread Drywall Screws (10,000 Per Box)",19615,79.99,,Default Title,https://ihlcanada.com/products/duradrive-6-x-1-1-4-in-yellow-zinc-coated-bugle-head-phillips-drive-drywall-tek-screws-10-000-box,2026-05-31T12:06:31.030358
IHL Canada,Fasteners,The Hillman Group Paulin 537-202 #8 3/4 in Zinc Metal Screw,16155,32.95,,Default Title,https://ihlcanada.com/products/h-paulin-8-x-3-4-in-pan-head-socket-drill-x-metal-screws-1-000-per-jug,2026-05-31T12:06:31.030362
IHL Canada,Fasteners,DuraDrive 1-1/4 in. Bright Finish Thin Smooth Shank Common Nails (50 lb. per Box),14517,58.25,,Default Title,https://ihlcanada.com/products/duradrive-bright-finish-thin-smooth-shank-common-nails-50-lb-per-box,2026-05-31T12:06:31.030364
IHL Canada,Fasteners,DuraDrive 12 in Thin Smooth Shank Bright Common Nails - 50 lb/Box,14518,45.05,,Default Title,https://ihlcanada.com/products/duradrive-12-in-common-nails-50-lb-per-box,2026-05-31T12:06:31.030368
IHL Canada,Fasteners,DuraDrive 2-1/2 in Thin Smooth Shank Bright Common Nails - 50 lb/Box,14520,46.15,,Default Title,https://ihlcanada.com/products/duradrive-2-1-2-in-common-nails-50-lb-per-box,2026-05-31T12:06:31.030370
IHL Canada,Fasteners,The Hillman Group Paulin 537-081 #8 1-1/2 in Zinc Board Screw,16105,26.95,,Default Title,https://ihlcanada.com/products/h-paulin-8-x-1-1-2-in-flat-head-socket-particle-board-screws-600-per-jug,2026-05-31T12:06:31.030373
IHL Canada,Fasteners,"DuraDrive 1-1/8 in. x 1/4 in. Crown 18-Gauge L14 Series Yellow Varnish Galvanized Staples (5,000-Pack)",17144,10.29,,Default Title,https://ihlcanada.com/products/duradrive-1-1-8-in-x-1-4-in-crown-18-gauge-l14-series-yellow-varnish-galvanized-staples-5-000-pack,2026-05-31T12:06:31.030375
IHL Canada,Fasteners,H Paulin 1/2 in. Zinc Coated Fender Washers (70-Jug),17863,13.95,,Default Title,https://ihlcanada.com/products/h-paulin-1-2-in-zinc-coated-fender-washers-70-jug,2026-05-31T12:06:31.030377
IHL Canada,Fasteners,DuraDrive 2-1/4 in x 0.3 in Bright Flat Head Fluted Drive Pins,11691,9.25,,Default Title,https://ihlcanada.com/products/duradrive-2-1-4-in-x-0-300-in-concrete-pins-for-concrete-and-steel-100-pack,2026-05-31T12:06:31.030379
IHL Canada,Fasteners,"DuraDrive 1/2 in. x 7/16 in. Crown 18-Gauge 80 Series Galvanized Steel Coated Staples (5,000-Pack)",17125,5.95,,Default Title,https://ihlcanada.com/products/duradrive-1-2-in-x-7-16-in-crown-18-gauge-80-series-galvanized-steel-coated-staples-5-000-pack,2026-05-31T12:06:31.030382
IHL Canada,Fasteners,The Hillman Group Paulin 537-142 #10 3/4 in Zinc Metal Screw,16087,28.95,,Default Title,https://ihlcanada.com/products/h-paulin-10-x-3-4-in-pan-head-socket-metal-screws-750-per-jug,2026-05-31T12:06:31.030384
IHL Canada,Fasteners,H Paulin #10 x 1-1/2 in. Zinc Coated Hex Head Roofing and Siding Screws (100-Jug),18294,16.95,,Default Title,https://ihlcanada.com/products/h-paulin-10-x-1-1-2-in-zinc-coated-hex-head-roofing-and-siding-screws-100-jug,2026-05-31T12:06:31.030386
IHL Canada,Fasteners,H Paulin #8 x 1 in. Zinc Coated Flat Head Square Drive Particle Board Screws (750-Jug),16111,27.95,,Default Title,https://ihlcanada.com/products/h-paulin-8-x-1-in-zinc-coated-flat-head-square-drive-particle-board-screws-750-jug,2026-05-31T12:06:31.030388
IHL Canada,Fasteners,H Paulin #6 x 5/8 in. Almond Painted Pan Head Square Drive Soffit Screws (800-Jug),16125,14.95,,Default Title,https://ihlcanada.com/products/h-paulin-6-x-5-8-in-almond-painted-pan-head-square-drive-soffit-screws-800-jug,2026-05-31T12:06:31.030390
IHL Canada,Fasteners,"DuraDrive 2-3/8 in. 34-Degree Bright Ring Shank Paper Strip Nails (5,000-Box)",14593,45.95,,Default Title,https://ihlcanada.com/products/duradrive-2-3-8-in-34-degree-bright-ring-shank-paper-strip-nails-5-000-box,2026-05-31T12:06:31.030392
IHL Canada,Fasteners,H Paulin #10 x 1 in. Zinc Coated Hex Head Self-Drilling Drill-X Interior Metal Screws (500-Jug),16133,27.95,,Default Title,https://ihlcanada.com/products/h-paulin-10-x-1-in-zinc-coated-hex-head-self-drilling-drill-x-interior-metal-screws-500-jug,2026-05-31T12:06:31.030396
IHL Canada,Fasteners,DuraDrive 1-1/2 in. 9-Gauge Hot-Dip Galvanized Joist Hanger Nails (50 lb. per Box),14552,69.95,,Default Title,https://ihlcanada.com/products/duradrive-1-1-2-in-9-gauge-hot-dip-galvanized-joist-hanger-nails-50-lb-per-box,2026-05-31T12:06:31.030399
IHL Canada,Fasteners,"DuraDrive 3/8"" x 6"" Threaded Concrete Screw Anchor (50-Pack)",31919,38.45,,Default Title,https://ihlcanada.com/products/duradrive-3-8-inches-x-6-inches-high-performance-white-zinc-threaded-anchor-50-box,2026-05-31T12:06:32.623718
IHL Canada,Fasteners,DuraDrive 5/16 in 2-1/2 in Carbon Steel Sleeve Anchor - 100/Pack,31775,19.95,,Default Title,https://ihlcanada.com/products/duradrive-5-16-in-x-2-1-2-in-white-zinc-hex-nut-sleeve-anchor-100-pack,2026-05-31T12:06:32.623730
IHL Canada,Fasteners,"DuraDrive 3/4"" x 8"" Threaded Concrete Screw Anchor (10-Pack)",31930,46.95,,Default Title,https://ihlcanada.com/products/duradrive-3-4-inches-x-8-inches-high-performance-white-zinc-threaded-anchor-10-box,2026-05-31T12:06:32.623733
IHL Canada,Fasteners,DuraDrive 5/8 in 2-1/2 in Steel Internally Threaded Smooth Drop-In Anchor - 25/Pack,31765,23.95,,Default Title,https://ihlcanada.com/products/duradrive-5-8-in-white-zinc-smooth-drop-in-internally-threaded-expansion-anchor-25-pack,2026-05-31T12:06:32.623735
IHL Canada,Fasteners,"DuraDrive 5/8"" x 5"" Threaded Concrete Screw Anchor (25-Pack)",31925,55.95,,Default Title,https://ihlcanada.com/products/duradrive-5-8-inches-x-5-inches-high-performance-white-zinc-threaded-anchor-25-box,2026-05-31T12:06:32.623737
IHL Canada,Fasteners,DuraDrive 1/4 in. Drop-in Internally Threaded Expansion Anchor Setting Tool,31769,1.49,,Default Title,https://ihlcanada.com/products/duradrive-internally-threaded-expansion-drop-in-anchor-setting-tool,2026-05-31T12:06:32.623740
IHL Canada,Fasteners,"DuraDrive 5/8"" x 8"" Threaded Concrete Screw Anchor (20-Pack)",31927,56.95,,Default Title,https://ihlcanada.com/products/duradrive-5-8-inches-x-8-inches-high-performance-white-zinc-threaded-anchor-20-box,2026-05-31T12:06:32.623742
IHL Canada,Fasteners,"DuraDrive 1/2"" x 5"" Threaded Concrete Screw Anchor (25-Pack)",31921,37.35,,Default Title,https://ihlcanada.com/products/duradrive-1-2-inches-x-5-inches-high-performance-white-zinc-threaded-anchor-25-box,2026-05-31T12:06:32.623745
IHL Canada,Fasteners,"DURADRIVE 3/4"" x 11"" ZINC WEDGE ANCHOR 10-BOX",32098,27.95,,Default Title,https://ihlcanada.com/products/duradiive-3-4-x-11-zinc-wedge-anchor-10-box,2026-05-31T12:06:32.623747
IHL Canada,Fasteners,DuraDrive 1/2 in 6 in Carbon Steel Sleeve Anchor - 10/Pack,31781,6.99,,Default Title,https://ihlcanada.com/products/duradrive-1-2in-x-6in-white-zinc-hex-nut-sleeve-anchor-10-box,2026-05-31T12:06:32.623749
IHL Canada,Fasteners,DuraDrive 3/8 in. x 6 in. Flat Head Sleeve Anchor (50-Pack),31792,24.99,,Default Title,https://ihlcanada.com/products/copy-of-duradrive-3-8-in-x-2-3-4-in-flat-head-sleeve-anchor-50-pack-2,2026-05-31T12:06:32.623752
IHL Canada,Fasteners,"DuraDrive 5/8"" x 4"" Threaded Concrete Screw Anchor (25-Pack)",31924,49.95,,Default Title,https://ihlcanada.com/products/duradrive-5-8in-performance-threaded-anchor-25-pack,2026-05-31T12:06:32.623754
IHL Canada,Fasteners,DuraDrive 5/8 in 4-1/4 in Carbon Steel Sleeve Anchor - 10/Pack,31783,9.99,,Default Title,https://ihlcanada.com/products/duradrive-5-8-in-x-4-1-4-in-white-zinc-hex-nut-sleeve-anchor-10-pack,2026-05-31T12:06:32.623756
IHL Canada,Fasteners,DuraDrive 1/4 in. Smooth Drop-in Internally Threaded Anchor (100-Pack),31762,10.95,,Default Title,https://ihlcanada.com/products/duradrive-internally-threaded-drop-in-anchor,2026-05-31T12:06:32.623759
IHL Canada,Fasteners,DuraDrive 1/4 in. x 1-3/4 in. Performance Wedge Anchor (100-Pack),31931,15.95,,Default Title,https://ihlcanada.com/products/duradrive-1-4-in-performance-wedge-anchor-100-pack,2026-05-31T12:06:32.623761
IHL Canada,Fasteners,"DuraDrive #8 x 3 in. Flooring Screws, Black, Flat Head, Square (1,500 Per Box)",34852,30.95,,Default Title,https://ihlcanada.com/products/duradrive-low-root-bare-flooring-screw-8-x-3-inches-1-5m,2026-05-31T12:06:32.623763
IHL Canada,Fasteners,DuraDrive 5/8 in x 7 in Steel Performance Wedge Anchor - 25/Pack,31947,29.95,,Default Title,https://ihlcanada.com/products/duradrive-5-8-in-x-7-in-high-performance-white-zinc-wedge-expansion-anchor-20-box,2026-05-31T12:06:32.623766
IHL Canada,Fasteners,DuraDrive 3/8 in. x 2 in. Mushroom Head Hammer Strike Nail Anchor (25-Pack),31748,15.95,,Default Title,https://ihlcanada.com/products/duradrive-3-8in-mushroom-head-hammer-strike-anchor-100-pack,2026-05-31T12:06:32.623768
IHL Canada,Fasteners,DuraDrive 3/8 in 4 in Carbon Steel Sleeve Anchor - 50/Pack,31778,15.99,,Default Title,https://ihlcanada.com/products/duradrive-3-8-in-x-4-in-white-zinc-hex-nut-sleeve-anchor-50-pack,2026-05-31T12:06:32.623770
IHL Canada,Fasteners,DuraDrive 5/8 in. Drop-in Internally Threaded Expansion Anchor Setting Tool,31772,4.99,,Default Title,https://ihlcanada.com/products/copy-of-duradrive-1-4-in-drop-in-internally-threaded-expansion-anchor-setting-tool-2,2026-05-31T12:06:32.623776
IHL Canada,Fasteners,DuraDrive 1/4 in 2-1/4 in Steel Sleeve Anchor - 100/Pack,31788,12.99,,Default Title,https://ihlcanada.com/products/duradrive-1-4in-x-2-1-4in-white-zinc-acorn-nut-sleeve-anchor-100-box,2026-05-31T12:06:32.623779
IHL Canada,Fasteners,DuraDrive 3/8 in 3 in Carbon Steel Sleeve Anchor - 50/Pack,31777,11.99,,Default Title,https://ihlcanada.com/products/duradrive-3-8-in-x-3-in-white-zinc-hex-nut-sleeve-anchor-50-pack,2026-05-31T12:06:32.623781
IHL Canada,Fasteners,SIMPSON Strong-Tie Quik Drive WSV212S #9 2-1/2 in. Strip Screw (1500-Pack),29282,112.95,,Default Title,https://ihlcanada.com/products/simpson-strong-tie-quick-drive-wsv212s-9-2-1-2-in-strip-screw-1500-pack,2026-05-31T12:06:32.623783
IHL Canada,Fasteners,"DuraDrive 1-3/4 in. x 0.083 Duradized Galvanized Ring Shank Conical Top Coil Framing Nails (9,020-Box)",27882,56.95,,Default Title,https://ihlcanada.com/products/duradrive-1-3-4-in-x-0-083-duradized-galvanized-ring-shank-conical-top-coil-framing-nails-9-020-box,2026-05-31T12:06:32.623786
IHL Canada,Fasteners,DuraDrive #8 x 1-1/4 in. Coarse Thread Spoon Point Cement Board Screws (5000 Per Box),27859,125.0,,Default Title,https://ihlcanada.com/products/duradrive-8-x-1-1-4-in-flat-phillips-head-grey-ruspert-cement-board-type-2-spoon-point-screw-5-00,2026-05-31T12:06:32.623788
IHL Canada,Fasteners,H Paulin #8 x 2-1/2 in. Black Phosphate Coated Flat Head Square Drive Flooring Screws (250-Jug),19319,18.95,,Default Title,https://ihlcanada.com/products/h-paulin-8-x-2-1-2-in-black-phosphate-coated-flat-head-square-drive-flooring-screws-250-jug,2026-05-31T12:06:32.623790
IHL Canada,Fasteners,DEWALT POWERS 02820 1/4 in. x 1-1/2 in. ZAMAC NAILIN Mushroom Head Carbon Steel Nail Anchor (100-Pack),18099,19.95,,Default Title,https://ihlcanada.com/products/dewalt-1-4in-x-1-1-2in-mushroom-head-carbon-steel-nail-anchor-100-pack,2026-05-31T12:06:32.623792
IHL Canada,Fasteners,"H Paulin #8 x 5/8 in. Zinc Coated Pan Head Square Drive Self-Drilling Drill-X Interior Metal Screws (1,000-Jug)",16156,32.95,,Default Title,https://ihlcanada.com/products/h-paulin-8-zinc-coated-pan-head-square-drive-self-drilling-drill-x-interior-metal-screws-1-000-jug,2026-05-31T12:06:32.623795
IHL Canada,Fasteners,H Paulin #6 x 1 in. Zinc Coated Pan Head Square Drive Interior Metal Screws (750-Jug),16089,21.95,,Default Title,https://ihlcanada.com/products/h-paulin-zinc-coated-pan-head-square-drive-interior-metal-screws-750-jug,2026-05-31T12:06:32.623797
IHL Canada,Fasteners,H Paulin 5/16 in. x 36 in. Zinc Coated Threaded Rod,15550,2.99,,Default Title,https://ihlcanada.com/products/h-paulin-5-16-in-x-36-in-zinc-coated-threaded-rod,2026-05-31T12:06:32.623799
IHL Canada,Fasteners,H Paulin #10 x 3-1/2 in. Low Root Brown Coated Flat Head Square Drive Cedar Decking Screws (125-Jug),16061,26.95,,Default Title,https://ihlcanada.com/products/h-paulin-10-x-3-1-2-in-low-root-brown-coated-flat-head-square-drive-cedar-decking-screws-125-jug,2026-05-31T12:06:32.623801
IHL Canada,Fasteners,DuraDrive 2-1/4 in 9 Gauge Bright Concrete Nails - 4.5 lb/Box,14535,6.95,,Default Title,https://ihlcanada.com/products/duradrive-2-1-4-in-concrete-nails-4-5-lb-per-box,2026-05-31T12:06:32.623804
IHL Canada,Fasteners,"DuraDrive #8 x 3 in. Tek Point Fine Thread Drywall Screws (2,500 Per Box)",16032,54.99,,Default Title,https://ihlcanada.com/products/duradrive-8-x-3-in-grey-phosphate-coated-bugle-head-phillips-drive-tek-point-drywall-screws-2-500-box,2026-05-31T12:06:32.623806
IHL Canada,Fasteners,"DuraDrive 3/4 in. x .300 in. Bright Finish Flat Head Fluted Concrete and Steel Drive Pins (1,000-Pack)",11694,36.95,,Default Title,https://ihlcanada.com/products/duradrive-0-300-in-bright-finish-flat-head-fluted-concrete-and-steel-drive-pins-1-000-pack,2026-05-31T12:06:32.623808
IHL Canada,Fasteners,"DuraDrive #8 x 1-1/2 in. Construction Screws, Bare, Flat Head, Square (5,000 Per Box)",16049,51.95,,Default Title,https://ihlcanada.com/products/duradrive-8-low-root-zinc-coated-flat-head-square-drive-flooring-screws,2026-05-31T12:06:32.623811
IHL Canada,Fasteners,H Paulin #8 x 2-1/2 in. Zinc Coated Flat Head Square Drive Particle Board Screws (250-Jug),16112,19.95,,Default Title,https://ihlcanada.com/products/h-paulin-8-x-2-1-2-in-zinc-coated-flat-head-square-drive-particle-board-screws-250-jug,2026-05-31T12:06:32.623813
IHL Canada,Fasteners,"DuraDrive 1-1/4 in. 18-Gauge Bright Finish L-Cleat Flooring Nails (1,000-Pack)",14553,10.49,,Default Title,https://ihlcanada.com/products/duradrive-1-1-4-in-18-gauge-bright-finish-l-cleat-flooring-nails-1-000-pack,2026-05-31T12:06:32.623815
IHL Canada,Fasteners,DuraDrive 2-1/2 in Bright Concrete Nails - 4.5 lb/Pack,14534,7.49,,Default Title,https://ihlcanada.com/products/duradrive-2-1-2-in-concrete-nails-4-5-lb-per-box,2026-05-31T12:06:32.623817
IHL Canada,Fasteners,"DuraDrive 9/16 in. x 7/16 in. Crown Galvanized Steel Coated Staples (10,000-Pack)",17127,5.25,,Default Title,https://ihlcanada.com/products/duradrive-9-16-in-x-7-16-in-crown-galvanized-steel-coated-staples-10-000-pack,2026-05-31T12:06:32.623820
IHL Canada,Fasteners,DuraDrive 3 in Steel Electro-Galvanized Roofing Nails - 50 lb/Box,14572,58.95,,Default Title,https://ihlcanada.com/products/duradrive-3-in-electro-galvanized-steel-roofing-nails-50-lb-per-box,2026-05-31T12:06:32.623822
IHL Canada,Fasteners,DuraDrive 1 in. 9-Gauge Bright Finish Fluted Spiral Shank Concrete Nails (4.5 lb. per Box),14526,6.95,,Default Title,https://ihlcanada.com/products/duradrive-9-gauge-bright-finish-fluted-spiral-shank-concrete-nails,2026-05-31T12:06:32.623824
IHL Canada,Fasteners,"DuraDrive 1/2 in. x 6 in. L-Anchor Bolts with Nuts and Washers (5,000-Pack)",10081,1399.0,,Default Title,https://ihlcanada.com/products/copy-of-duradrive-1-2-in-x-6-in-l-anchor-bolts-with-nuts-and-washers-100-box,2026-05-31T12:06:32.623827
IHL Canada,Fasteners,DuraDrive 2-1/2 in Steel Galvanized Ardox Spiral Nails - 50 lb/Box,14450,94.95,,Default Title,https://ihlcanada.com/products/duradrive-2-1-2-in-hot-dip-galvanized-ardox-nails-50-lb-per-box,2026-05-31T12:06:32.623829
IHL Canada,Fasteners,The Hillman Group Paulin 537-104 #6 1-1/4 in Zinc Metal Screw,16091,21.95,,Default Title,https://ihlcanada.com/products/h-paulin-6-x-1-1-4-in-pan-head-socket-metal-screws-700-per-jug,2026-05-31T12:06:32.623831
IHL Canada,Fasteners,"H Paulin #10 x 1/2 in. Zinc Coated Pan Head Square Drive Metal Screws (1,000-Jug)",16086,30.95,,Default Title,https://ihlcanada.com/products/h-paulin-10-x-1-2-in-zinc-coated-pan-head-square-drive-metal-screws-1-000-jug,2026-05-31T12:06:32.623833
IHL Canada,Fasteners,H Paulin #10 x 1-1/2 in. Zinc Coated Pan Head Square Drive Self-Drilling Drill-X Metal Screws (400-Jug),16143,29.95,,Default Title,https://ihlcanada.com/products/h-paulin-10-x-1-1-2-in-zinc-coated-pan-head-square-drive-self-drilling-drill-x-metal-screws-400-jug,2026-05-31T12:06:32.623836
IHL Canada,Fasteners,DuraDrive 5 in Steel Bright Ardox Spiral Nails - 50 lb/Box,14444,59.75,,Default Title,https://ihlcanada.com/products/duradrive-5-in-ardox-nails-50-lb-per-box,2026-05-31T12:06:32.623838
IHL Canada,Fasteners,The Hillman Group Paulin 537-124 #8 3/4 in Zinc Metal Screw,16100,27.95,,Default Title,https://ihlcanada.com/products/h-paulin-8-x-3-4-in-pan-head-socket-metal-screws-1-000-per-jug,2026-05-31T12:06:32.623840
IHL Canada,Fasteners,The Hillman Group Paulin 537-122 #8 1/2 in Zinc Metal Screw,16099,27.95,,Default Title,https://ihlcanada.com/products/h-paulin-8-x-1-2-in-pan-head-socket-metal-screws-1-000-per-jug,2026-05-31T12:06:32.623842
IHL Canada,Fasteners,H Paulin #8 x 1 in. Zinc Coated Hex Head Self-Drilling Drill-X Metal Screws (750-Jug),16142,22.95,,Default Title,https://ihlcanada.com/products/h-paulin-8-x-1-in-zinc-coated-hex-head-self-drilling-drill-x-metal-screws-750-jug,2026-05-31T12:06:32.623845
IHL Canada,Fasteners,The Hillman Group Paulin 537-059 #8 1/2 in Zinc Board Screw,16108,13.95,,Default Title,https://ihlcanada.com/products/h-paulin-8-x-1-2-in-flat-head-socket-particle-board-screws-1-000-per-jug,2026-05-31T12:06:32.623847
IHL Canada,Fasteners,DEAWLT POWERS 02802 3/16 in. x 7/8 in. ZAMAC NAILIN Mushroom Head Carbon Steel Nail Anchor (100-Pack),18102,15.95,,Default Title,https://ihlcanada.com/products/deawlt-3-16in-x-7-8in-mushroom-head-carbon-steel-nail-anchor-100-pack,2026-05-31T12:06:32.623849
IHL Canada,Fasteners,"DuraDrive 1/2 in. x 8 in. L-Anchor Bolts with Nuts and Washers (5,000-Pack)",10083,2099.0,,Default Title,https://ihlcanada.com/products/copy-of-duradrive-1-2-in-x-6-in-l-anchor-bolts-with-nuts-and-washers-100-box-2,2026-05-31T12:06:32.623852
IHL Canada,Fasteners,H Paulin #10 x 5/8 in. Zinc Plated Pan Head Square Drive Type S Duct Screws (600-Jug),16127,22.95,,Default Title,https://ihlcanada.com/products/h-paulin-10-x-5-8-in-zinc-plated-pan-head-square-drive-type-s-duct-screws-600-jug,2026-05-31T12:06:32.623854
IHL Canada,Fasteners,H Paulin #6 x 1-5/8 in. Black Phosphate Coated Flat Head Phillips Drive Fine Thread Drywall Trim Screws (650-Jug),18287,18.95,,Default Title,https://ihlcanada.com/products/h-paulin-6-x-1-5-8-in-black-phosphate-coated-flat-head-phillips-drive-fine-thread-drywall-trim-screws-650-jug,2026-05-31T12:06:32.623856
IHL Canada,Fasteners,DuraDrive 12 in. Ardox Nails (50 lb. per Box),14429,58.25,,Default Title,https://ihlcanada.com/products/duradrive-12-in-ardox-nails-50-lb-per-box,2026-05-31T12:06:32.623858
IHL Canada,Fasteners,DuraDrive 10 in Steel Hot-Dip Galvanized Ardox Spiral Nails - 50 lb/Box,14447,64.85,,Default Title,https://ihlcanada.com/products/duradrive-10-in-hdg-ardox-nails-50-lb-per-box,2026-05-31T12:06:32.623861
IHL Canada,Fasteners,"H Paulin #8 x 1/2 in. Zinc Coated Pan Head Square Drive Type S Duct Screws (1,000-Jug)",18290,34.95,,Default Title,https://ihlcanada.com/products/h-paulin-8-x-1-2-in-zinc-coated-pan-head-square-drive-type-s-duct-screws-1-000-jug,2026-05-31T12:06:32.623863
IHL Canada,Fasteners,H Paulin 1/2 in. Zinc Flat Washers (50 per Jug),17868,7.95,,Default Title,https://ihlcanada.com/products/h-paulin-1-2-in-zinc-flat-washers-50-per-jug,2026-05-31T12:06:32.623865
IHL Canada,Fasteners,DuraDrive 2 in. Hot Dipped Galvanized Spiral Shank Ardox Nails (50 lb. per Box),14449,76.95,,Default Title,https://ihlcanada.com/products/duradrive-hot-dipped-galvanized-spiral-shank-ardox-nails-50-lb-per-box,2026-05-31T12:06:32.623868
IHL Canada,Fasteners,DEWALT POWERS 02808 1/4 in. x 1 in. ZAMAC NAILIN Mushroom Head Carbon Steel Nail Anchor (100-Pack),18098,17.99,,Default Title,https://ihlcanada.com/products/dewalt-1-4in-x-1in-mushroom-head-carbon-steel-nail-anchor-100-pack,2026-05-31T12:06:32.623870
IHL Canada,Fasteners,H Paulin #12-14 x 1-1/2 in. Plastic Wall Plugs Drywall Anchors (250-Jug),15236,11.95,,Default Title,https://ihlcanada.com/products/h-paulin-12-14-x-1-1-2-in-plastic-wall-plugs-drywall-anchors-250-pack,2026-05-31T12:06:32.623872
IHL Canada,Fasteners,"DuraDrive 3/4 in. 18-Gauge Galvanized Brad Nails (5,000-Pack)",14480,4.49,,Default Title,https://ihlcanada.com/products/duradrive-18-gauge-galvanized-brad-nails,2026-05-31T12:06:32.623874
IHL Canada,Fasteners,The Hillman Group Paulin 537-105 #6 1-1/2 in Zinc Metal Screw,16090,19.95,,Default Title,https://ihlcanada.com/products/h-paulin-6-x-1-1-2-in-pan-head-socket-metal-screws-500-per-jug,2026-05-31T12:06:32.623877
IHL Canada,Fasteners,"DuraDrive 3/4 in. x 1/4 in. Crown L11 Series Yellow Varnish Galvanized Staples (5,000-Pack)",17141,7.99,,Default Title,https://ihlcanada.com/products/duradrive-3-4-in-x-1-4-in-crown-l11-series-yellow-varnish-galvanized-staples-5-000-pack,2026-05-31T12:06:32.623879
IHL Canada,Fasteners,DuraDrive 10 in Steel Bright Ardox Spiral Nails - 50 lb/Box,14424,62.49,,Default Title,https://ihlcanada.com/products/duradrive-10-in-ardox-nails-50-lb-per-box,2026-05-31T12:06:32.623881
IHL Canada,Fasteners,The Hillman Group Paulin 537-200 #8 1/2 in Zinc Metal Screw,16153,32.95,,Default Title,https://ihlcanada.com/products/h-paulin-8-x-1-2-in-pan-head-socket-drill-x-metal-screws-1-000-per-jug,2026-05-31T12:06:32.623883
IHL Canada,Fasteners,H Paulin #8-10 Nylon Self-Drilling Drywall Anchors (150-Jug),18110,21.95,,Default Title,https://ihlcanada.com/products/h-paulin-8-10-nylon-self-drilling-drywall-anchors-150-pack,2026-05-31T12:06:32.623886
IHL Canada,Fasteners,DuraDrive 3 in 8 Gauge Bright Concrete Nails - 4.5 lb/Pack,14539,9.95,,Default Title,https://ihlcanada.com/products/duradrive-3-in-concrete-nails-4-5-lb-per-box,2026-05-31T12:06:32.623888
IHL Canada,Fasteners,H Paulin 1/2 in. x 12 in. Zinc Plated Carriage Bolts (55-Box),10722,75.0,,Default Title,https://ihlcanada.com/products/h-paulin-1-2-in-x-12-in-hot-dipped-galvanized-carriage-bolts-55-box,2026-05-31T12:06:32.623890
IHL Canada,Fasteners,DuraDrive 3-1/2 in Steel Bright Ardox Spiral Nails - 50 lb/Box,14437,46.95,,Default Title,https://ihlcanada.com/products/duradrive-3-1-2-in-ardox-nails-50-lb-per-box,2026-05-31T12:06:32.623892
IHL Canada,Fasteners,DuraDrive 1-3/4 in. Electro-Galvanized Steel Coated Spiral Shank Roofing Nails (50 lb. per Box),14573,59.95,,Default Title,https://ihlcanada.com/products/duradrive-electro-galvanized-steel-coated-spiral-shank-roofing-nails,2026-05-31T12:06:32.623895
IHL Canada,Fasteners,"Simpson Strong-Tie 1-1/4 in. x 0.106 in. Diameter Concrete Pins Strip with Fuel Cell (1,000-Pack)",19535,84.95,,Default Title,https://ihlcanada.com/products/simpson-strong-tie-1-1-4-in-x-0-106-in-diameter-concrete-pins-strip-with-fuel-cell-1-000-pack,2026-05-31T12:06:32.623897
IHL Canada,Fasteners,Paulin 3/8 in. x 10 ft. Zinc Threaded Rod Stud,15547,7.59,,Default Title,https://ihlcanada.com/products/paulin-3-8-in-x-10-ft-zinc-threaded-rod-stud,2026-05-31T12:06:32.623899
IHL Canada,Fasteners,H Paulin #10 x 2 in. Zinc Coated Flat Head Square Drive Interior Wood Screws (400-Jug),16181,29.95,,Default Title,https://ihlcanada.com/products/h-paulin-10-x-2-in-zinc-coated-flat-head-square-drive-interior-wood-screws-400-jug,2026-05-31T12:06:32.623901
IHL Canada,Fasteners,H Paulin #10 x 3 in. Zinc Flat Head Square Drive Wood Screw,16183,19.95,,Default Title,https://ihlcanada.com/products/h-paulin-10-x-3-in-flat-socket-head-wood-screws-150-per-jug,2026-05-31T12:06:32.623904
IHL Canada,Fasteners,H Paulin #6 x 1-5/8 in. Flat Head Phillips Drive Fine Thread Drywall Screws (500-Jug),18285,12.95,,Default Title,https://ihlcanada.com/products/h-paulin-6-flat-head-phillips-drive-fine-thread-drywall-screws-500-jug,2026-05-31T12:06:32.623906
IHL Canada,Fasteners,H Paulin #6 x 1-1/4 in. Zinc Coated Flat Head Phillips Drive Self-Drilling Drywall Screws (650-Jug),16026,16.95,,Default Title,https://ihlcanada.com/products/h-paulin-6-x-1-1-4-in-zinc-coated-flat-head-phillips-drive-self-drilling-drywall-screws-650-jug,2026-05-31T12:06:32.623908
IHL Canada,Fasteners,H Paulin #8 x 1-3/4 in. Zinc Coated Flat Head Square Drive Particle Board Screws (500-Jug),16110,24.95,,Default Title,https://ihlcanada.com/products/h-paulin-8-x-1-3-4-in-zinc-coated-flat-head-square-drive-particle-board-screws-500-jug,2026-05-31T12:06:32.623910
IHL Canada,Fasteners,H Paulin #14 x 3/4 in. Zinc Coated Hex Head Self-Drilling Drill-X Metal Screws (400-Jug),16139,29.95,,Default Title,https://ihlcanada.com/products/h-paulin-14-x-3-4-in-zinc-coated-hex-head-self-drilling-drill-x-metal-screws-400-jug,2026-05-31T12:06:32.623912
IHL Canada,Fasteners,"DuraDrive #6 x 1-5/8 in. Fine Thread Drywall Screws (5,000 Per Box)",16017,42.95,,Default Title,https://ihlcanada.com/products/duradrive-1-x-1-5-8-in-black-phosphate-coated-bugle-head-phillips-drive-fine-thread-drywall-screws-5-000-box,2026-05-31T12:06:32.623915
IHL Canada,Fasteners,DuraDrive 1-7/8 in. x .300 in. Black Zinc Coated Flat Head Ballistic Point Fluted Concrete and Steel,11697,13.95,,Default Title,https://ihlcanada.com/products/duradrive-1-7-8-in-x-0-300-in-black-zinc-coated-flat-head-ballistic-point-fluted-concrete-and-steel-drive-pins-100-pack,2026-05-31T12:06:32.623917
IHL Canada,Fasteners,"DuraDrive 2 in. x 0.099 in. Flat Top Premium Framing Nails (4,500-Box)",14497,19.95,,Default Title,https://ihlcanada.com/products/duradrive-0-099-in-flat-top-premium-coil-framing-nails,2026-05-31T12:06:32.623919
IHL Canada,Fasteners,DuraDrive 2-1/4 in. Hot-Dip Galvanized Spiral Shank Coil Framing Nails (4500-Box),14506,46.95,,Default Title,https://ihlcanada.com/products/duradrive-2-1-4-in-hot-dip-galvanized-ring-shank-flat-top-coil-framing-nails-4-500-box,2026-05-31T12:06:32.623921
IHL Canada,Fasteners,H Paulin 3/8 in. Zinc Coated Fender Washers (100-Jug),17866,11.95,,Default Title,https://ihlcanada.com/products/h-paulin-zinc-coated-fender-washers-100-jug,2026-05-31T12:06:32.623924
IHL Canada,Fasteners,H Paulin #10 x 4 in. Zinc Coated Flat Head Square Drive Wood Screws (150-Jug),16184,29.95,,Default Title,https://ihlcanada.com/products/h-paulin-10-zinc-coated-flat-head-square-drive-wood-screws-150-jug,2026-05-31T12:06:32.623926
IHL Canada,Fasteners,DuraDrive 1-3/4 in 8 Gauge Bright Concrete Nails - 50 lb/Pack,14532,66.95,,Default Title,https://ihlcanada.com/products/duradrive-1-3-4-in-concrete-nails-50-lb-per-box,2026-05-31T12:06:32.623928
IHL Canada,Fasteners,H Paulin #8 x 3 in. Black Phosphate Coated Flat Head Square Drive Flooring Screws (150-Jug),19320,12.95,,Default Title,https://ihlcanada.com/products/h-paulin-8-x-3-in-black-phosphate-coated-flat-head-square-drive-flooring-screws-150-jug,2026-05-31T12:06:32.623930
IHL Canada,Fasteners,DuraDrive 3/8 in 2-1/2 in Steel Hammer Strike Nail Anchor - 25/Pack,31749,16.95,,Default Title,https://ihlcanada.com/products/duradrive-3-8-in-x-2-1-2-in-carbon-steel-mushroom-head-hammer-strike-nail-strike-anchor-100-pack,2026-05-31T12:06:32.623932
IHL Canada,Fasteners,The Hillman Group Paulin #6 1 in Philips Threaded Drywall Screws (500-Jug),36029,12.95,,Default Title,https://ihlcanada.com/products/paulin-537291-drywall-screw-fine-6-1-inches-500-jar,2026-05-31T12:06:32.623935
IHL Canada,Fasteners,DuraDrive 3/4 in 3-3/16 in Steel Internally Threaded Smooth Drop-In Anchor - 10/Pack,31766,16.95,,Default Title,https://ihlcanada.com/products/duradrive-3-4-in-white-zinc-smooth-drop-in-internally-threaded-expansion-anchor-10-pack,2026-05-31T12:06:32.623937
IHL Canada,Fasteners,DuraDrive 1/4 in. Short Drop-in Internally Threaded Expansion Anchor Setting Tool,31759,4.95,,Default Title,https://ihlcanada.com/products/duradrive-internally-threaded-expansion-short-drop-in-anchor-setting-tool,2026-05-31T12:06:32.623939
IHL Canada,Fasteners,DuraDrive 5/8 in 5-3/4 in Carbon Steel Sleeve Anchor - 10/Pack,31784,11.99,,Default Title,https://ihlcanada.com/products/duradrive-5-8-in-x-5-3-4-in-white-zinc-hex-nut-sleeve-anchor-25-pack,2026-05-31T12:06:32.623941
IHL Canada,Fasteners,Milwaukee MDP16D-2000 3 in (Drivable) 3-5/8 in (Total) Steel Bright Duplex Nails - 2000/Pack,36243,128.0,,Default Title,https://ihlcanada.com/products/milwaukee-mdp16d-2000-16d-3-x-131-col-duplex-nails,2026-05-31T12:06:32.623943
IHL Canada,Fasteners,Milwaukee MDP8D-2000 2-1/4 in (Drivable) 2-7/8 in (Total) Steel Bright Collated Duplex Nails - 2000/,36242,128.0,,Default Title,https://ihlcanada.com/products/milwaukee-mdp8d-2000-8d-2-1-4-x-131-collated-duplex-nails,2026-05-31T12:06:32.623946
IHL Canada,Fasteners,DuraDrive 1/4 in 4 in Steel Hammer Strike Nail Anchor - 100/Pack,31747,32.95,,Default Title,https://ihlcanada.com/products/duradrive-1-4-in-x-4-in-carbon-steel-mushroom-head-hammer-strike-nail-strike-anchor-100-pack,2026-05-31T12:06:32.623948
IHL Canada,Fasteners,"Metabo HPT 23005SHPT 1-9/16 in. 23-Gauge Galvanized Headless Micro Pin Nails (2,000-Pack)",31968,7.99,,Default Title,https://ihlcanada.com/products/metabo-hpt-23005shpt-1-9-16-in-23-gauge-galvanized-headless-micro-pin-nails-2-000-pack,2026-05-31T12:06:32.623950
IHL Canada,Fasteners,DuraDrive 1/4 in. Lipped Short Drop-in Anchor (100-Pack),31756,14.95,,Default Title,https://ihlcanada.com/products/duradrive-lipped-short-drop-in-anchor,2026-05-31T12:06:32.623952
IHL Canada,Fasteners,DuraDrive 1/2 in 1 in Steel Internally Threaded Lipped Short Drop-In Anchor - 50/Pack,31758,19.99,,Default Title,https://ihlcanada.com/products/duradrive-1-2-in-white-zinc-lipped-mini-drop-in-internally-threaded-expansion-anchor-50-pack,2026-05-31T12:06:32.623955
IHL Canada,Fasteners,DuraDrive 3/16 in. Carbon Steel Tie Wire Head Hammer Strike Anchor (100-Pack),31754,19.99,,Default Title,https://ihlcanada.com/products/duradrive-carbon-steel-tie-wire-head-hammer-strike-anchor-100-pack,2026-05-31T12:06:32.623957
IHL Canada,Fasteners,DuraDrive 1/4 in 1-1/2 in Steel Hammer Strike Nail Anchor - 100/Pack,31742,15.95,,Default Title,https://ihlcanada.com/products/duradrive-1-4-in-x-1-1-2-in-carbon-steel-mushroom-head-hammer-strike-nail-strike-anchor-100-pack,2026-05-31T12:06:32.623959
IHL Canada,Fasteners,"DuraDrive 3/4"" x 5"" Threaded Concrete Screw Anchor (15-Pack)",31928,66.95,,Default Title,https://ihlcanada.com/products/duradrive-3-4in-performance-threaded-anchor,2026-05-31T12:06:32.623961
IHL Canada,Fasteners,DuraDrive 5/16 in. x 1-1/2 in. Hex Nut Sleeve Anchor (100-Pack),31774,13.95,,Default Title,https://ihlcanada.com/products/duradrive-5-16in-hex-nut-sleeve-anchor-100-pack,2026-05-31T12:06:32.623963
IHL Canada,Fasteners,DuraDrive 3/16 in 3 in Steel Hammer Strike Nail Anchor - 100/Pack,31739,18.95,,Default Title,https://ihlcanada.com/products/duradrive-3-16-in-x-3-in-carbon-steel-mushroom-head-hammer-strike-nail-strike-anchor-100-pack,2026-05-31T12:06:32.623966
IHL Canada,Fasteners,DuraDrive 3/4 in. x 4-1/4 in. Hex Nut Sleeve Anchor (10-Pack),31785,14.99,,Default Title,https://ihlcanada.com/products/duradrive-3-4in-hex-nut-sleeve-anchor,2026-05-31T12:06:32.623969
IHL Canada,Fasteners,DuraDrive 1/4 in 2-1/2 in Steel Hammer Strike Nail Anchor - 100/Pack,31744,24.95,,Default Title,https://ihlcanada.com/products/duradrive-1-4-in-x-2-1-2-in-carbon-steel-mushroom-head-hammer-strike-nail-strike-anchor-100-pack,2026-05-31T12:06:32.623971
IHL Canada,Fasteners,DuraDrive 3/16 in 2 in Steel Hammer Strike Nail Anchor - 100/Pack,31737,15.95,,Default Title,https://ihlcanada.com/products/duradrive-3-16-in-x-2-in-carbon-steel-mushroom-head-hammer-strike-nail-strike-anchor-100-pack,2026-05-31T12:06:32.623973
IHL Canada,Fasteners,DuraDrive 3/4 in 3-3/16 in Steel Internally Threaded Coil Drop-In Anchor - 10/Pack,31768,19.95,,Default Title,https://ihlcanada.com/products/duradrive-3-4-in-white-zinc-coil-drop-in-internally-threaded-expansion-anchor-10-box,2026-05-31T12:06:32.623975
IHL Canada,Fasteners,DuraDrive 1/4 in 1-1/8 in Steel Tie Wire Head Hammer Strike Nail Anchor - 100/Pack,31755,24.49,,Default Title,https://ihlcanada.com/products/duradrive-1-4-in-carbon-steel-tie-wire-head-hammer-strike-anchor,2026-05-31T12:06:32.623978
IHL Canada,Fasteners,DuraDrive 3/4 in x 5-1/2 in Steel Performance Wedge Anchor - 10/Pack,31950,23.95,,Default Title,https://ihlcanada.com/products/duradrive-3-4-inches-x-5-1-2-inches-high-performance-white-zinc-wedge-expansion-anchor-10-box,2026-05-31T12:06:32.623980
IHL Canada,Fasteners,DuraDrive 3/16 in. x 1-1/2 in. Mushroom Head Hammer Strike Nail Anchor (100-Pack),31736,13.95,,Default Title,https://ihlcanada.com/products/duradrive-3-16in-mushroom-head-hammer-strike-anchor-100-pack,2026-05-31T12:06:32.623982
IHL Canada,Fasteners,DuraDrive 3/16 in 4 in Steel Hammer Strike Nail Anchor - 100/Pack,31740,24.95,,Default Title,https://ihlcanada.com/products/duradrive-3-16-in-x-4-in-carbon-steel-mushroom-head-hammer-strike-nail-strike-anchor-100-pack,2026-05-31T12:06:32.623984
IHL Canada,Fasteners,DuraDrive 1/4 in 3 in Steel Hammer Strike Nail Anchor - 100/Pack,31745,28.95,,Default Title,https://ihlcanada.com/products/duradrive-1-4-in-x-3-in-carbon-steel-mushroom-head-hammer-strike-nail-strike-anchor-100-pack,2026-05-31T12:06:32.623987
IHL Canada,Fasteners,DuraDrive 3/8 in. x 2-3/4 in. Flat Head Sleeve Anchor (50-Pack),31789,16.99,,Default Title,https://ihlcanada.com/products/duradrive-3-8-in-flat-head-sleeve-anchor,2026-05-31T12:06:32.623989
IHL Canada,Fasteners,DuraDrive 1/2 in. x 2-1/2 in. Hex Nut Sleeve Anchor (25-Pack),31779,8.95,,Default Title,https://ihlcanada.com/products/duradrive-1-2in-hex-nut-sleeve-anchor,2026-05-31T12:06:32.623991
IHL Canada,Fasteners,DuraDrive 1/4 in 2 in Steel Hammer Strike Nail Anchor - 100/Pack,31743,17.95,,Default Title,https://ihlcanada.com/products/duradrive-1-4-in-x-2-in-carbon-steel-mushroom-head-hammer-strike-nail-strike-anchor-100-pack,2026-05-31T12:06:32.623993
IHL Canada,Fasteners,"Metabo HPT 50312-16D 3-1/2 in. 21-Degree Plastic Strip Duplex/Double Head Nails (2,000-Box)",31963,109.99,,Default Title,https://ihlcanada.com/products/metabo-hpt-50312-16d-3-1-2-in-21-degree-plastic-strip-duplex-double-head-nails-2-000-box,2026-05-31T12:06:32.623996
IHL Canada,Fasteners,"Metabo HPT 50234-8D 2-3/4 in. 21-Degree Plastic Strip Duplex/Double Head Nails (2,000-Box)",31962,94.99,,Default Title,https://ihlcanada.com/products/metabo-hpt-50234-8d-2-3-4-in-21-degree-plastic-strip-duplex-double-head-nails-2-000-box,2026-05-31T12:06:32.623998
IHL Canada,Fasteners,DuraDrive 3/8 in 4 in Steel Hammer Strike Nail Anchor - 25/Pack,31751,21.95,,Default Title,https://ihlcanada.com/products/duradrive-3-8-in-x-4-in-carbon-steel-mushroom-head-hammer-strike-nail-strike-anchor-100-pack,2026-05-31T12:06:32.624000
IHL Canada,Fasteners,DuraDrive 1/4 in. Pipe Internally Threaded Hammer Strike Anchor (100-Pack),31752,49.95,,Default Title,https://ihlcanada.com/products/duradrive-pipe-internally-threaded-hammer-strike-anchor,2026-05-31T12:06:32.624002
IHL Canada,Fasteners,DuraDrive 2-1/2 in. 8 Gauge Electro-Galvanized Joist Hanger Paper Strip Nails (2000-Box),36076,66.95,,Default Title,https://ihlcanada.com/products/duradrive-prem-joisthanger-strip-nails-eg-2-1-2-inches-x-0-162-2m-10g,2026-05-31T12:06:32.624005
IHL Canada,Fasteners,DuraDrive 3/8 in. x 4 in. Flat Head Sleeve Anchor (50-Pack),31790,18.95,,Default Title,https://ihlcanada.com/products/copy-of-duradrive-3-8-in-x-2-3-4-in-flat-head-sleeve-anchor-50-pack,2026-05-31T12:06:32.624007
IHL Canada,Fasteners,The Hillman Group Paulin B232-090 #12 2-1/2 in Hex Head Tek Screw,32863,189.95,,Default Title,https://ihlcanada.com/products/h-paulin-b232-090-tek-screw-hex-washer-head-12x2-1-2-inches-1500-box,2026-05-31T12:06:32.624009
IHL Canada,Fasteners,DuraDrive 1/4 in. x 1-1/4 in. Mushroom Head Hammer Strike Nail Anchor (100-Pack),31741,13.95,,Default Title,https://ihlcanada.com/products/duradrive-1-4in-mushroom-head-hammer-strike-anchor-100-pack,2026-05-31T12:06:32.624011
IHL Canada,Fasteners,DuraDrive 3/4 in. Drop-in Internally Threaded Expansion Anchor Setting Tool,31773,8.99,,Default Title,https://ihlcanada.com/products/copy-of-duradrive-1-4-in-drop-in-internally-threaded-expansion-anchor-setting-tool-3,2026-05-31T12:06:32.624014
IHL Canada,Fasteners,DuraDrive 1/4 in. x 1-3/8 in. Acorn Nut Sleeve Anchor (100-Pack),31787,10.99,,Default Title,https://ihlcanada.com/products/duradrive-1-4in-acorn-nut-sleeve-anchor-100-pack,2026-05-31T12:06:32.624016
IHL Canada,Fasteners,DuraDrive 3/8 in x 3 in Steel Performance Wedge Anchor - 50/Pack,31935,16.95,,Default Title,https://ihlcanada.com/products/duradrive-3-8-inches-x-3-inches-high-performance-white-zinc-wedge-expansion-anchor-50-box,2026-05-31T12:06:32.624018
IHL Canada,Fasteners,"DuraDrive 3/4"" x 6"" Threaded Concrete Screw Anchor (10-Pack)",31929,39.75,,Default Title,https://ihlcanada.com/products/duradrive-3-4-inches-x-6-inches-high-performance-white-zinc-threaded-anchor-10-box,2026-05-31T12:06:32.624020
IHL Canada,Fasteners,DuraDrive 3/8 in x 3-1/2 in Steel Performance Wedge Anchor - 50/Pack,31936,17.25,,Default Title,https://ihlcanada.com/products/duradrive-3-8-inches-x-3-1-2-inches-high-performance-white-zinc-wedge-expansion-anchor-50-box,2026-05-31T12:06:32.624023
IHL Canada,Fasteners,"DuraDrive 1/4"" x 2-1/4"" Threaded Concrete Screw Anchor (100-Pack)",31914,35.95,,Default Title,https://ihlcanada.com/products/duradrive-1-4-inches-x-2-1-4-inches-high-performance-white-zinc-threaded-anchor-100-box,2026-05-31T12:06:32.624025
IHL Canada,Fasteners,DuraDrive 3/4 in. x 4-1/4 in. Performance Wedge Anchor (10-Pack),31948,18.95,,Default Title,https://ihlcanada.com/products/duradrive-3-4in-performance-wedge-anchor-20-pack,2026-05-31T12:06:32.624027
IHL Canada,Fasteners,DuraDrive 1/4 in x 3-1/4 in Steel Performance Wedge Anchor - 100/Pack,31933,21.95,,Default Title,https://ihlcanada.com/products/duradrive-1-4-inches-x-3-1-4-inches-high-performance-white-zinc-wedge-expansion-anchor-100-box,2026-05-31T12:06:32.624029
IHL Canada,Fasteners,DuraDrive 5/8 in. x 3 in. Hex Nut Sleeve Anchor (25-Pack),31782,19.99,,Default Title,https://ihlcanada.com/products/duradrive-5-8in-hex-nut-sleeve-anchor,2026-05-31T12:06:32.624031
IHL Canada,Fasteners,DuraDrive 3/16 in 2-1/2 in Steel Hammer Strike Nail Anchor - 100/Pack,31738,16.95,,Default Title,https://ihlcanada.com/products/duradrive-3-16-in-x-2-1-2-in-carbon-steel-mushroom-head-hammer-strike-nail-strike-anchor-100-pack,2026-05-31T12:06:32.624034
IHL Canada,Fasteners,"DuraDrive 5/8"" x 6"" Threaded Concrete Screw Anchor (20-Pack)",31926,49.95,,Default Title,https://ihlcanada.com/products/duradrive-5-8-inches-x-6-inches-high-performance-white-zinc-threaded-anchor-20-box,2026-05-31T12:06:32.624036
IHL Canada,Fasteners,DuraDrive 3/8 in 1-3/4 in Steel Pipe Internally Hammer Strike Nail Anchor - 50/Pack,31753,32.95,,Default Title,https://ihlcanada.com/products/duradrive-3-8-in-pipe-hammer-internally-threaded-strike-nail-anchor,2026-05-31T12:06:32.624038
IHL Canada,Fasteners,DuraDrive 1/2 in 3 in Carbon Steel Sleeve Anchor - 25/Pack,31780,9.95,,Default Title,https://ihlcanada.com/products/duradrive-1-2-in-x-3-in-white-zinc-hex-nut-sleeve-anchor-25-pack,2026-05-31T12:06:32.624040
IHL Canada,Fasteners,DuraDrive 1/4 in x 2-1/4 in Steel Performance Wedge Anchor - 100/Pack,31932,20.95,,Default Title,https://ihlcanada.com/products/duradrive-1-4-in-x-2-1-4-in-high-performance-white-zinc-wedge-expansion-anchor-100-box,2026-05-31T12:06:32.624043
IHL Canada,Fasteners,DuraDrive 1/4 in 3-1/2 in Steel Hammer Strike Nail Anchor - 100/Pack,31746,29.95,,Default Title,https://ihlcanada.com/products/duradrive-1-4-in-x-3-1-2-in-carbon-steel-mushroom-head-hammer-strike-nail-strike-anchor-100-pack,2026-05-31T12:06:32.624045
IHL Canada,Fasteners,DuraDrive 3/8 in 3 in Steel Hammer Strike Nail Anchor - 25/Pack,31750,19.95,,Default Title,https://ihlcanada.com/products/duradrive-3-8-in-x-3-in-carbon-steel-mushroom-head-hammer-strike-nail-strike-anchor-100-pack,2026-05-31T12:06:32.624047
IHL Canada,Fasteners,DuraDrive 3/4 in 6-1/4 in Carbon Steel Sleeve Anchor - 10/Pack,31786,18.99,,Default Title,https://ihlcanada.com/products/duradrive-3-4-in-x-6-1-4-in-white-zinc-hex-nut-sleeve-anchor-10-pack,2026-05-31T12:06:32.624049
IHL Canada,Fasteners,DuraDrive 1/2 in Steel White Zinc Short Internally Threaded Expansion Drop-In Anchor Setting Tool,31761,6.95,,Default Title,https://ihlcanada.com/products/duradrive-1-2-in-mini-drop-in-internally-threaded-expansion-anchor-setting-tool,2026-05-31T12:06:32.624051
IHL Canada,Fasteners,1/2 in. x 8 in. Zinc Plated Carriage Bolt (80-Pack),28523,75.0,,Default Title,https://ihlcanada.com/products/1-2-in-x-8-in-zinc-plated-carriage-bolt-80-pack,2026-05-31T12:06:32.624054
IHL Canada,Fasteners,"Simpson Strong-Tie GDP-75KT 3/4 in. GDP Concrete Pin (1,000-Piece)",26267,76.45,,Default Title,https://ihlcanada.com/products/simpson-strong-tie-gdp-75kt-3-4-in-gdp-concrete-pin-1-000-piece,2026-05-31T12:06:32.624056
IHL Canada,Fasteners,H Paulin 1/2 in. x 6 in. Zinc Coated Hex Head Lag Bolts (25-Box),29061,23.95,,Default Title,https://ihlcanada.com/products/h-paulin-1-2-in-x-6-in-zinc-coated-hex-head-lag-bolts-25-box,2026-05-31T12:06:32.624058
IHL Canada,Fasteners,DuraDrive #8 x 1-1/4 in. Fine Thread Tek Point Cement Board Screws (150-Pack),27861,4.75,,Default Title,https://ihlcanada.com/products/duradrive-8-grey-coated-flat-head-phillips-drive-type-s-12-tek-point-cement-board-screws,2026-05-31T12:06:32.624060
IHL Canada,Fasteners,H Paulin 1/2 in. x 6 in. Zinc Coated Carriage Bolts (25-Box),29060,20.95,,Default Title,https://ihlcanada.com/products/h-paulin-1-2-in-x-6-in-zinc-coated-carriage-bolts-25-box,2026-05-31T12:06:32.624063
IHL Canada,Fasteners,"DuraDrive #8 x 1-5/8 in. Coarse Thread Spoon Point Cement Board Screws (5,000 Per Box)",27860,155.0,,Default Title,https://ihlcanada.com/products/duradrive-8-x-1-5-8-in-flat-phillips-head-grey-ruspert-cement-board-type-2-spoon-point-screw-5-00,2026-05-31T12:06:32.624065
IHL Canada,Fasteners,DEWALT POWERS 05305S 1/4 in. x 1-1/2 in. LOK-BOLT AS Combo Flat Head Carbon Steel Sleeve Expansion A,26849,40.95,,Default Title,https://ihlcanada.com/products/dewalt-1-4in-x-1-1-2in-combo-flat-head-carbon-steel-sleeve-expansion-anchor-100-pack,2026-05-31T12:06:32.624067
IHL Canada,Fasteners,"Simpson Strong-Tie GDP-150KT 1-1/2 in. GDP Concrete Pin (1,000-Piece)",26266,84.95,,Default Title,https://ihlcanada.com/products/simpson-strong-tie-gdp-150kt-1-1-2-in-gdp-concrete-pin-1-000-piece,2026-05-31T12:06:32.624069
IHL Canada,Fasteners,"DuraDrive 5/16 in. 22-Gauge Galvanized Steel Coated Upholstry Staples (10,000-Pack)",17124,2.95,,Default Title,https://ihlcanada.com/products/duradrive-5-16-in-22-gauge-galvanized-steel-coated-upholstry-staples-10-000-pack,2026-05-31T12:06:32.624072
IHL Canada,Fasteners,DEWALT POWERS 7410SD1 3/8 in. x 2-1/4 in. POWER-STUD+ SD1 Wedge Expansion Anchor (50-Pack),10154,20.59,,Default Title,https://ihlcanada.com/products/dewalt-3-8in-x-2-1-4in-wedge-expansion-anchor-50-pack,2026-05-31T12:06:32.624074
IHL Canada,Fasteners,H Paulin #7 x 2 in. Zinc Coated Flat Head Phillips Drive Self-Drilling Drywall Screws (375-Jug),19315,22.95,,Default Title,https://ihlcanada.com/products/h-paulin-7-x-2-in-zinc-coated-flat-head-phillips-drive-self-drilling-drywall-screws-375-jug,2026-05-31T12:06:32.624076
IHL Canada,Fasteners,"DuraDrive 5/8 in. x 1/4 in. Crown 18-Gauge L10 Series Yellow Varnish Galvanized Staples (5,000-Pack)",17140,4.89,,Default Title,https://ihlcanada.com/products/duradrive-5-8-in-x-1-4-in-crown-18-gauge-l10-series-yellow-varnish-galvanized-staples-5-000-pack,2026-05-31T12:06:32.624079
IHL Canada,Fasteners,DuraDrive 1-3/4 in. 8-Gauge Bright Finish Fluted Spiral Shank Concrete Nails (4.5 lb. per Box),14531,6.95,,Default Title,https://ihlcanada.com/products/duradrive-8-gauge-bright-finish-fluted-spiral-shank-concrete-nails,2026-05-31T12:06:32.624081
IHL Canada,Fasteners,DuraDrive 4 in Steel Bright Ardox Spiral Nails - 50 lb/Box,14442,59.75,,Default Title,https://ihlcanada.com/products/duradrive-4-in-ardox-nails-50-lb-per-box,2026-05-31T12:06:32.624083
IHL Canada,Fasteners,H Paulin #8 x 2-1/2 in. Low Root Brown Coated Flat Head Square Drive Cedar Decking Screws (250-Jug),16062,24.95,,Default Title,https://ihlcanada.com/products/h-paulin-8-x-2-1-2-in-low-root-brown-coated-flat-head-square-drive-cedar-decking-screws-250-jug,2026-05-31T12:06:32.624085
IHL Canada,Fasteners,H Paulin #10 X 1 in. Zinc Coated Flat Head Square Drive Interior Wood Screws (900-Jug),16179,35.95,,Default Title,https://ihlcanada.com/products/h-paulin-10-x-1-in-zinc-coated-flat-head-square-drive-interior-wood-screws-900-jug,2026-05-31T12:06:32.624087
IHL Canada,Fasteners,H Paulin #10 x 5/8 in. Zinc Coated Pan Head Square Drive Self-Drilling Drill-X Interior Metal Screws (750-Jug),16149,29.95,,Default Title,https://ihlcanada.com/products/h-paulin-10-zinc-coated-pan-head-square-drive-self-drilling-drill-x-interior-metal-screws-750-jug,2026-05-31T12:06:32.624090
IHL Canada,Fasteners,H Paulin #8 x 2 in. Black Phosphate Coated Flat Head Square Drive Flooring Screws (400-Jug),19318,24.95,,Default Title,https://ihlcanada.com/products/h-paulin-8-x-2-in-black-phosphate-coated-flat-head-square-drive-flooring-screws-400-jug,2026-05-31T12:06:32.624092
IHL Canada,Fasteners,DuraDrive 1-1/2 in x 0.3 in Bright Flat Head Fluted Drive Pins,11679,9.95,,Default Title,https://ihlcanada.com/products/duradrive-1-1-2-in-x-0-300-in-concrete-pins-for-concrete-and-steel-100-pack,2026-05-31T12:06:32.624094
IHL Canada,Fasteners,H Paulin 3/8 in. Zinc Coated Flat Washers (150-Jug),17870,7.95,,Default Title,https://ihlcanada.com/products/h-paulin-3-8-in-zinc-coated-flat-washers-150-jug,2026-05-31T12:06:32.624096
IHL Canada,Fasteners,H Paulin 5/16 in. x 18 Zinc Coated Grade-2 Hex Nut (200-Jug),14640,10.95,,Default Title,https://ihlcanada.com/products/h-paulin-5-16-in-x-18-zinc-coated-grade-2-hex-nut-200-jug,2026-05-31T12:06:32.624099
IHL Canada,Fasteners,DuraDrive #6 x 2 in. Blue Coated Ringed Shank Drywall Nails (50 lb. per Box),14548,70.95,,Default Title,https://ihlcanada.com/products/duradrive-6-x-2-in-blue-coated-ringed-shank-drywall-nails-50-lb-per-box,2026-05-31T12:06:32.624101
IHL Canada,Fasteners,"DuraDrive 2 in. Plastic Cap Ring Shank Insulation Nails (2,000-Box)",14555,24.95,,Default Title,https://ihlcanada.com/products/duradrive-2-in-plastic-cap-ring-shank-insulation-nails-2-000-box,2026-05-31T12:06:32.624103
IHL Canada,Fasteners,Simpson 3/8 in. x 3 in. Sleeve-All Anchors (50 per Box),19693,19.95,,Default Title,https://ihlcanada.com/products/simpson-3-8in-x-3in-sleeve-all-anchors-50-pack,2026-05-31T12:06:32.624105
IHL Canada,Fasteners,H Paulin #14-16 x 1-3/8 in. Plastic Conical Concrete Anchors (250-Jug),10088,11.95,,Default Title,https://ihlcanada.com/products/h-paulin-14-16-x-1-3-8-in-conical-concrete-anchors-250-pack,2026-05-31T12:06:32.624107
IHL Canada,Fasteners,DuraDrive 1-1/4 in 16 Gauge Galvanized Finish Nails - 2500 Brads/Pack,14461,5.69,,Default Title,https://ihlcanada.com/products/duradrive-1-1-4-in-16-gauge-galvanized-brad-nails-2-500-pack,2026-05-31T12:06:32.624110
IHL Canada,Fasteners,DuraDrive 2-1/2 in Steel Bright Ardox Spiral Nails - 50 lb/Box,14431,47.95,,Default Title,https://ihlcanada.com/products/duradrive-2-1-2-in-ardox-nails-50-lb-per-box,2026-05-31T12:06:32.624112
IHL Canada,Fasteners,DuraDrive 1-7/8 in x 0.3 in Bright Flat Head Fluted Drive Pins,11683,8.95,,Default Title,https://ihlcanada.com/products/duradrive-1-7-8-in-x-0-300-in-concrete-pins-for-concrete-and-steel-100-pack,2026-05-31T12:06:32.624114
IHL Canada,Fasteners,DuraDrive 2 in 9 Gauge Bright Concrete Nails - 4.5 lb/Box,14533,6.95,,Default Title,https://ihlcanada.com/products/duradrive-2-in-concrete-nails-4-5-lb-per-box,2026-05-31T12:06:32.624116
IHL Canada,Fasteners,"DuraDrive 2 in. x 0.091 in. Cold-Dipped Galvanized Spiral Shank Coil Framing Nails (4,500-Box)",14501,30.95,,Default Title,https://ihlcanada.com/products/duradrive-2-in-x-0-091-in-cold-dipped-galvanized-spiral-shank-coil-framing-nails-4-500-box,2026-05-31T12:06:32.624118
IHL Canada,Fasteners,"H Paulin #10 x 5/8 in. Pan Head Socket Metal Screws (1,000-Jug)",16088,30.95,,Default Title,https://ihlcanada.com/products/h-paulin-10-x-5-8-in-pan-head-socket-metal-screws-1-000-jug,2026-05-31T12:06:32.624121
IHL Canada,Fasteners,H Paulin #6 x 1/2 in. Zinc Coated Pan Head Square Drive Interior Metal Screws (900-Jug),16092,14.95,,Default Title,https://ihlcanada.com/products/h-paulin-6-x-1-2-in-zinc-coated-pan-head-square-drive-interior-metal-screws-900-jug,2026-05-31T12:06:32.624123
IHL Canada,Fasteners,"Carriage Bolts 1/2"" X 8"" HDG",10723,99.95,,Default Title,https://ihlcanada.com/products/paulin-b852-603-1-2-in-x-8-in-zinc-plated-carriage-bolt-80-pack,2026-05-31T12:06:32.624125
IHL Canada,Fasteners,DuraDrive 1 in. Electro Galvanized Steel Coated Smooth Shank Roofing Nails (50 lb. per Box),14567,36.95,,Default Title,https://ihlcanada.com/products/duradrive-electro-galvanized-steel-coated-smooth-shank-roofing-nails,2026-05-31T12:06:32.624127
IHL Canada,Fasteners,DuraDrive 2 in 9 Gauge Bright Concrete Nails - 50 lb/Box,14538,66.95,,Default Title,https://ihlcanada.com/products/duradrive-2-in-concrete-nails-50-lb-per-box,2026-05-31T12:06:32.624130
IHL Canada,Fasteners,"DuraDrive #8 x 3 in. Fine Thread Drywall Screws (2,000 Per Box)",16020,38.95,,Default Title,https://ihlcanada.com/products/duradrive-8-x-3-in-black-phosphate-coated-bugle-head-phillips-head-fine-thread-drywall-screws-2-000-box,2026-05-31T12:06:32.624132
IHL Canada,Fasteners,H Paulin #6-8 x 3/4 in. Plastic Conical Concrete Anchors (900-Jug),10089,11.95,,Default Title,https://ihlcanada.com/products/copy-of-h-paulin-8-10-x-7-8-in-plastic-conical-concrete-anchors-900-jug,2026-05-31T12:06:32.624134
IHL Canada,Fasteners,The Hillman Group Paulin 537-099 #6 3/8 in Zinc Metal Screw,16094,15.95,,Default Title,https://ihlcanada.com/products/h-paulin-6-x-3-8-in-pan-head-socket-metal-screws-1-000-per-jug,2026-05-31T12:06:32.624137
IHL Canada,Fasteners,DuraDrive 1-1/2 in 9 Gauge Bright Concrete Nails - 4.5 lb/Box,14527,9.95,,Default Title,https://ihlcanada.com/products/duradrive-1-1-2-in-concrete-nails-4-5-lb-per-box,2026-05-31T12:06:32.624139
IHL Canada,Fasteners,H Paulin 3/8 in. x 36 in. Zinc Coated Threaded Rod,15548,3.95,,Default Title,https://ihlcanada.com/products/h-paulin-3-8-in-x-36-in-zinc-coated-threaded-rod,2026-05-31T12:06:32.624141
IHL Canada,Fasteners,H Paulin #7 x 2-1/4 in. Zinc Coated Flat Head Phillips Drive Self-Drilling Drywall Screws (300-Jug),19314,17.95,,Default Title,https://ihlcanada.com/products/h-paulin-7-x-2-1-4-in-zinc-coated-flat-head-phillips-drive-self-drilling-drywall-screws-300-jug,2026-05-31T12:06:32.624143
IHL Canada,Fasteners,The Hillman Group Paulin 537-214 #10 1-1/4 in Zinc Metal Screw,16144,26.95,,Default Title,https://ihlcanada.com/products/h-paulin-10-x-1-1-4-in-pan-head-socket-drill-x-metal-screws-500-per-jug,2026-05-31T12:06:32.624146
IHL Canada,Fasteners,The Hillman Group Paulin 537-210 #10 1/2 in Zinc Metal Screw,16145,36.95,,Default Title,https://ihlcanada.com/products/h-paulin-10-x-1-2-in-pan-head-socket-drill-x-metal-screws-1-000-per-jug,2026-05-31T12:06:32.624148
IHL Canada,Fasteners,H Paulin #12 x 1 in. Zinc Coated Hex Head Interior Metal Screws (450-Jug),16136,29.95,,Default Title,https://ihlcanada.com/products/h-paulin-12-x-1-in-zinc-coated-hex-head-interior-metal-screws-450-jug,2026-05-31T12:06:32.624150
IHL Canada,Fasteners,H Paulin 5/16 in. Zinc Coated Fender Washers (200-Jug),17867,8.95,,Default Title,https://ihlcanada.com/products/h-paulin-5-16-in-zinc-coated-fender-washers-200-jug,2026-05-31T12:06:32.624152
IHL Canada,Fasteners,"H Paulin #8 x 5/8 in. Zinc Coated Hex Head Self-Drilling Drill-X Interior Metal Screws (1,000-Jug)",16043,33.95,,Default Title,https://ihlcanada.com/products/h-paulin-8-x-5-8-in-zinc-coated-hex-head-self-drilling-drill-x-interior-metal-screws-1-000-jug,2026-05-31T12:06:32.624154
IHL Canada,Fasteners,H Paulin #8 x 3 in. Low Root Brown Coated Flat Head Square Drive Pressure Treated Cedar Decking Screws (200-Jug),16064,21.95,,Default Title,https://ihlcanada.com/products/h-paulin-8-x-3-in-low-root-brown-coated-flat-head-square-drive-pressure-treated-cedar-decking-screws-200-jug,2026-05-31T12:06:32.624157
IHL Canada,Fasteners,"H Paulin #10 x 1/2 in. Zinc Coated Hex Head Self-Drilling Drill-X Exterior Metal Screws (1,000-Jug)",16132,29.95,,Default Title,https://ihlcanada.com/products/h-paulin-10-x-1-2-in-zinc-coated-hex-head-self-drilling-drill-x-exterior-metal-screws-1-000-jug,2026-05-31T12:06:32.624159
IHL Canada,Fasteners,DuraDrive 1 in 16 Gauge Galvanized Finish Nails - 2500 Brads/Pack,14463,4.95,,Default Title,https://ihlcanada.com/products/duradrive-1-in-16-gauge-galvanized-brad-nails-2-500-pack,2026-05-31T12:06:32.624161
IHL Canada,Fasteners,"DuraDrive #7 x 2-1/2 in. Fine Thread Drywall Screws (2,500 Per Box)",16018,37.95,,Default Title,https://ihlcanada.com/products/duradrive-7-x-2-1-2-in-black-phosphate-coated-bugle-head-phillips-drive-fine-thread-drywall-screws-2-500-box,2026-05-31T12:06:32.624164
IHL Canada,Fasteners,DuraDrive 2 in Steel Electro-Galvanized Roofing Nails - 50 lb/Box,14574,44.95,,Default Title,https://ihlcanada.com/products/duradrive-2-in-electro-galvanized-steel-spiral-roofing-nails-50-lb-per-box,2026-05-31T12:06:32.624166
IHL Canada,Fasteners,H Paulin 1/2 in. x 5 in. Zinc Plated Hex Bolt (125-Box),19214,109.95,,Default Title,https://ihlcanada.com/products/h-paulin-1-2-in-x-5-in-zinc-plated-hex-bolt-125-box,2026-05-31T12:06:32.624168
IHL Canada,Fasteners,DuraDrive 1-1/2 in Thin Smooth Shank Bright Common Nails - 50 lb/Box,14515,57.15,,Default Title,https://ihlcanada.com/products/duradrive-1-1-2-in-common-nails-50-lb-per-box,2026-05-31T12:06:32.624170
IHL Canada,Fasteners,DuraDrive 1-1/4 in. Concrete Nails (50 lb. per Box),14530,78.95,,Default Title,https://ihlcanada.com/products/duradrive-1-1-4-in-concrete-nails-50-lb-per-box,2026-05-31T12:06:32.624173
IHL Canada,Fasteners,DuraDrive 8 in Steel Bright Ardox Spiral Nails - 50 lb/Box,14446,45.95,,Default Title,https://ihlcanada.com/products/duradrive-8-in-ardox-nails-50-lb-per-box,2026-05-31T12:06:32.624175
IHL Canada,Fasteners,The Hillman Group Paulin 537-102 #6 3/4 in Zinc Metal Screw,16093,27.95,,Default Title,https://ihlcanada.com/products/h-paulin-6-x-3-4-in-pan-head-socket-metal-screws-1-000-per-jug,2026-05-31T12:06:32.624177
IHL Canada,Fasteners,H Paulin 5/16 in. Zinc Coated Flat Washers (200-Jug),17871,9.95,,Default Title,https://ihlcanada.com/products/h-paulin-5-16-in-zinc-coated-flat-washers-200-jug,2026-05-31T12:06:32.624179
IHL Canada,Fasteners,H Paulin #10 x 1-1/4 in. Zinc Coated Flat Head Square Drive Interior Wood Screws (600-Jug),16177,27.95,,Default Title,https://ihlcanada.com/products/h-paulin-10-x-1-1-4-in-zinc-coated-flat-head-square-drive-interior-wood-screws-600-jug,2026-05-31T12:06:32.624182
IHL Canada,Fasteners,"DuraDrive 2 in. x 1/2 in. Crown BCS1516 Series Galvanized Steel Coated Flooring Staples (5,000-Pack)",17133,46.99,,Default Title,https://ihlcanada.com/products/duradrive-2-in-x-1-2-in-crown-bcs1516-series-galvanized-steel-coated-flooring-staples-5-000-pack,2026-05-31T12:06:32.624184
IHL Canada,Fasteners,Papco 5/8 in. Grade-8 Zinc Plated Hexagon Nuts (25-Pack),14642,9.25,,Default Title,https://ihlcanada.com/products/papco-5-8-in-grade-8-zinc-plated-hexagon-nuts-25-pack,2026-05-31T12:06:32.624186
IHL Canada,Fasteners,DuraDrive 2-3/4 in 9 Gauge Bright Concrete Nails - 4.5 lb/Box,14536,6.95,,Default Title,https://ihlcanada.com/products/duradrive-2-3-4-in-concrete-nails-4-5-lb-per-box,2026-05-31T12:06:32.624188
IHL Canada,Fasteners,DEWALT 50504-PWR Green 0.22-Caliber Short Single Low Velocity Power Load Shots (100-Pack),16703,19.95,,Default Title,https://ihlcanada.com/products/dewalt-50504-pwr-green-0-22-caliber-short-single-low-velocity-power-load-shots-100-pack,2026-05-31T12:06:32.624190
IHL Canada,Fasteners,DuraDrive 3/4 in. x .300 in. Bright Finish Flat Head Fluted Concrete and Steel Drive Pins (100-Pack),11693,5.93,,Default Title,https://ihlcanada.com/products/duradrive-0-300-in-bright-finish-flat-head-fluted-concrete-and-steel-drive-pins-100-pack,2026-05-31T12:06:32.624192
IHL Canada,Fasteners,H Paulin #10 x 1-3/4 in. Zinc Coated Flat Head Square Drive Wood Screws (400-Jug),16178,33.95,,Default Title,https://ihlcanada.com/products/h-paulin-10-x-1-3-4-in-zinc-coated-flat-head-square-drive-wood-screws-400-jug,2026-05-31T12:06:32.624195
IHL Canada,Fasteners,DuraDrive 10 in Thin Smooth Shank Bright Common Nails - 50 lb/Box,14514,62.65,,Default Title,https://ihlcanada.com/products/duradrive-10-in-common-nails-50-lb-per-box,2026-05-31T12:06:32.624197
IHL Canada,Fasteners,"DuraDrive 1-3/4 in. x 1/2 in. Crown BCS1500 Series Galvanzied Steel Coated Staples (5,000-Pack)",17132,41.4,,Default Title,https://ihlcanada.com/products/duradrive-1-3-4-in-x-1-2-in-crown-bcs1500-series-galvanzied-steel-coated-staples-5-000-pack,2026-05-31T12:06:32.624200
IHL Canada,Fasteners,H Paulin #8 x 3/8 in. Zinc Coated Pan Head Square Drive Interior Metal Screws (800-Jug),16101,15.95,,Default Title,https://ihlcanada.com/products/h-paulin-zinc-coated-pan-head-square-drive-interior-metal-screws-800-jug,2026-05-31T12:06:32.624202
IHL Canada,Fasteners,DuraDrive 1-1/2 in 9 Gauge Bright Concrete Nails - 50 lb/Box,14528,64.95,,Default Title,https://ihlcanada.com/products/duradrive-1-1-2-in-concrete-nails-50-lb-per-box,2026-05-31T12:06:32.624204
IHL Canada,Fasteners,Paulin 5/8 in. Gold Zinc Plated Spring Lock Washers (50-Pack),17877,14.95,,Default Title,https://ihlcanada.com/products/tbd-20,2026-05-31T12:06:32.624207
IHL Canada,Fasteners,H Paulin #10 x 3/4 in. Zinc Coated Flat Head Square Drive Interior Wood Screws (850-Jug),16182,29.95,,Default Title,https://ihlcanada.com/products/h-paulin-10-x-3-4-in-zinc-coated-flat-head-square-drive-interior-wood-screws-850-jug,2026-05-31T12:06:32.624209
IHL Canada,Fasteners,The Hillman Group Paulin 537-101 #6 5/8 in Zinc Metal Screw,16095,24.59,,Default Title,https://ihlcanada.com/products/h-paulin-6-x-5-8-in-pan-head-socket-metal-screws-800-per-jug,2026-05-31T12:06:32.624211
IHL Canada,Fasteners,"DuraDrive #8 x 2-5/8 in. Tek Point Fine Thread Drywall Screws (3,000 Per Box)",16030,59.95,,Default Title,https://ihlcanada.com/products/duradrive-8-x-2-5-8-in-zinc-coated-flat-head-phillips-drive-tek-point-drywall-screws-3-000-box,2026-05-31T12:06:32.624213
IHL Canada,Fasteners,DuraDrive 6 in Steel Bright Ardox Spiral Nails - 50 lb/Box,14445,45.95,,Default Title,https://ihlcanada.com/products/duradrive-6-in-ardox-nails-50-lb-per-box,2026-05-31T12:06:32.624215
IHL Canada,Fasteners,DuraDrive 3-1/2 in. HDG Ardox Nails (50 lb. per Box),14454,98.95,,Default Title,https://ihlcanada.com/products/duradrive-3-1-2-in-hdg-ardox-nails-50-lb-per-box,2026-05-31T12:06:32.624218
IHL Canada,Fasteners,H Paulin #8 x 5/8 in. Zinc Coated Flat Head Square Drive Wood Screws (700-Jug),16186,18.95,,Default Title,https://ihlcanada.com/products/h-paulin-8-x-5-8-in-zinc-coated-flat-head-square-drive-wood-screws-700-jug,2026-05-31T12:06:32.624220
IHL Canada,Fasteners,DuraDrive 1-1/2 in x 0.3 in Bright Flat Head Fluted Drive Pins,11680,54.99,,Default Title,https://ihlcanada.com/products/duradrive-1-1-2-in-x-0-300-in-concrete-pins-for-concrete-and-steel-1-000-pack,2026-05-31T12:06:32.624222
IHL Canada,Fasteners,H Paulin #10-12 x 1 in. Plastic Conical Concrete Anchors (500-Jug),10087,12.95,,Default Title,https://ihlcanada.com/products/h-paulin-10-12-x-1-in-plastic-conical-concrete-anchors-500-pack,2026-05-31T12:06:32.624225
IHL Canada,Fasteners,"DuraDrive 1 in. x 1/2 in. Crown 16-Gauge GS Series Galvanized Steel Coated Staples (10,000-Pack)",17138,21.79,,Default Title,https://ihlcanada.com/products/duradrive-1-in-x-1-2-in-crown-16-gauge-gs-series-galvanized-steel-coated-staples-10-000-pack,2026-05-31T12:06:32.624227
IHL Canada,Fasteners,H Paulin #7 x 2-1/2 in. Zinc Coated Flat Head Phillips Drive Self-Drilling Drywall Screws (250-Jug),19313,18.95,,Default Title,https://ihlcanada.com/products/h-paulin-7-x-2-1-2-in-zinc-coated-flat-head-phillips-drive-self-drilling-drywall-screws-250-jug,2026-05-31T12:06:32.624229
IHL Canada,Fasteners,DuraDrive 4 in Thin Smooth Shank Bright Common Nails - 50 lb/Box,14523,47.25,,Default Title,https://ihlcanada.com/products/duradrive-4-in-common-nails-50-lb-per-box,2026-05-31T12:06:32.624231
IHL Canada,Fasteners,"DuraDrive 1-3/4 in. x 1/2 in. Crown 16-Gauge GS Series Paslode Galvanized Steel Coated Staples (10,000 - Pack)",17137,55.99,,Default Title,https://ihlcanada.com/products/duradrive-1-3-4-in-x-1-2-in-crown-16-gauge-gs-series-paslode-galvanized-steel-coated-staples-10-000-pack,2026-05-31T12:06:32.624234
IHL Canada,Fasteners,DEWALT 50502-PWR Brown 0.22-Caliber Short Single Low Velocity Power Load Shots (100-Pack),16702,19.95,,Default Title,https://ihlcanada.com/products/dewalt-50502-pwr-brown-0-22-caliber-short-single-low-velocity-power-load-shots-100-pack,2026-05-31T12:06:32.624236
IHL Canada,Fasteners,H Paulin #7 x 2-1/4 in. Black Phosphate Coated Flat Head Phillips Drive Fine Thread Drywall Trim Screws (375-Jug),18288,18.95,,Default Title,https://ihlcanada.com/products/h-paulin-7-x-2-1-4-in-black-phosphate-coated-flat-head-phillips-drive-fine-thread-drywall-trim-screws-375-jug,2026-05-31T12:06:32.624238
IHL Canada,Fasteners,DuraDrive 2-3/4 in 9 Gauge Bright Concrete Nails - 50 lb/Box,14537,78.95,,Default Title,https://ihlcanada.com/products/duradrive-2-3-4-in-concrete-nails-50-lb-per-box,2026-05-31T12:06:32.624241
IHL Canada,Nails,"DuraDrive 3-1/4 in. 34-Degree Smooth Paper Strip Nails (3,000-Box)",14584,30.95,,Default Title,https://ihlcanada.com/products/duradrive-3-1-4-in-x-0-120-34-degree-smooth-paper-strip-nail-3-000-per-box,2026-05-31T12:06:34.043425
IHL Canada,Nails,DuraDrive 3-1/4 in. Coil Framing Nails (4050-Box),14498,34.95,,Default Title,https://ihlcanada.com/products/duradrive-3-1-4-in-x-0-113-in-flat-top-coil-framing-nails-4-050-box,2026-05-31T12:06:34.043452
IHL Canada,Nails,DuraDrive 2-1/4 in 0.099 in Flat Top Premium Coil Framing Nails - 4500/Box,14496,22.95,,Default Title,https://ihlcanada.com/products/duradrive-2-1-4-in-x-0-099-in-coil-framing-nails-4-500-per-box,2026-05-31T12:06:34.043455
IHL Canada,Nails,DuraDrive 3/4 in. x 24 in. Round Steel Nail Forming Stake (10-Pack),12722,29.95,,Default Title,https://ihlcanada.com/products/copy-of-duradrive-3-4-in-x-18-in-round-steel-nail-forming-stake-10-pack,2026-05-31T12:06:34.043457
IHL Canada,Nails,"DuraDrive 2-3/8 in. x 0.113 in. 34-Degree Smooth Paper Strip Nails (5,000-Box)",14579,38.45,,Default Title,https://ihlcanada.com/products/duradrive-34-degree-angled-galvanized-smooth-shank-paper-strip-nails,2026-05-31T12:06:34.043459
IHL Canada,Nails,"DuraDrive 1-1/4 in. Coil Roofing Nails (7,200 Per Box)",14512,21.25,,Default Title,https://ihlcanada.com/products/duradrive-1-1-4-in-x-0-120-in-zinc-chromate-coated-smooth-shank-coil-roofing-nail-7-200-box,2026-05-31T12:06:34.043462
IHL Canada,Nails,DuraDrive 3/4 in. x 18 in. Round Steel Nail Forming Stake (10-Pack),12721,23.95,,Default Title,https://ihlcanada.com/products/duradrive-3-4-in-diameter-round-steel-forming-stake-nail-10-pack,2026-05-31T12:06:34.043464
IHL Canada,Nails,DuraDrive 3/4 in. x 36 in. Round Steel Nail Forming Stake (10-Pack),28563,42.95,,Default Title,https://ihlcanada.com/products/copy-of-duradrive-3-4-in-x-18-in-round-steel-nail-forming-stake-10-pack-1,2026-05-31T12:06:34.043467
IHL Canada,Nails,DuraDrive 2 in. Common Nails 50Lbs,14519,34.95,,Default Title,https://ihlcanada.com/products/duradrive-2-in-common-nails-50-lb-per-box,2026-05-31T12:06:34.043469
IHL Canada,Nails,DuraDrive 2-3/4 in. Duplex Nails 50Lbs,14543,34.95,,Default Title,https://ihlcanada.com/products/duradrive-2-3-4-in-9-gauge-double-headed-nails-50-lb-per-box,2026-05-31T12:06:34.043472
IHL Canada,Nails,DuraDrive GSN40 1/2 in. to 1-5/8 in. Gas Concrete Nailer,14550,399.0,,Default Title,https://ihlcanada.com/products/duradrive-gsn40-1-2-in-x-1-5-8-in-cordless-gas-powered-concrete-pins-nailer,2026-05-31T12:06:34.043474
IHL Canada,Nails,DuraDrive 3-1/4 in Steel Bright Ardox Spiral Nails - 50 lb/Box,14439,43.95,,Default Title,https://ihlcanada.com/products/duradrive-3-1-4-in-ardox-nails-50-lb-per-box,2026-05-31T12:06:34.043476
IHL Canada,Nails,DuraDrive 3-1/2 in. Common Nails 50Lbs,14522,34.95,,Default Title,https://ihlcanada.com/products/duradrive-3-1-2-in-common-nails-50-lb-per-box,2026-05-31T12:06:34.043479
IHL Canada,Nails,DuraDrive 2-1/2 in 0.099 in Flat Top Premium Coil Framing Nails - 4500/Box,14494,23.95,,Default Title,https://ihlcanada.com/products/duradrive-2-1-2-in-premium-coil-framing-nails-4-500-per-box,2026-05-31T12:06:34.043481
IHL Canada,Nails,DuraDrive 154mm Concrete Nailer Gas Fuel Cell (2-Pack),12731,12.99,,Default Title,https://ihlcanada.com/products/duradrive-154mm-concrete-pins-gas-nailer-fuel-cell-2-pack,2026-05-31T12:06:34.043483
IHL Canada,Nails,DuraDrive 3-1/2 in. 6-Gauge Double Head Nails (50 lb. per Box),14545,46.15,,Default Title,https://ihlcanada.com/products/duradrive-3-1-2-in-6-gauge-double-head-nails-50-lb-per-box,2026-05-31T12:06:34.043486
IHL Canada,Nails,DuraDrive 2-1/2 in Plastic Cap Insulation Nails - 2000/Pack,14557,27.95,,Default Title,https://ihlcanada.com/products/duradrive-2-1-2-in-plastic-cap-spiral-insulation-nails-2-000-pack,2026-05-31T12:06:34.043488
IHL Canada,Nails,DuraDrive 3 in Thin Smooth Shank Bright Common Nails - 50 lb/Box,14521,47.25,,Default Title,https://ihlcanada.com/products/duradrive-3-in-common-nails-50-lb-per-box,2026-05-31T12:06:34.043490
IHL Canada,Nails,"DuraDrive 3 in. 34-Degree Smooth Paper Strip Nails (3,000-Box)",21652,31.85,,Default Title,https://ihlcanada.com/products/duradrive-3-in-x-0-120-in-34-degree-smooth-paper-strip-nails-3-000-per-box,2026-05-31T12:06:34.043493
IHL Canada,Nails,DuraDrive 3 in. Duplex Nails 50Lbs,14544,34.95,,Default Title,https://ihlcanada.com/products/duradrive-3-in-8-gauge-double-headed-nails-50-lb-per-box,2026-05-31T12:06:34.043495
IHL Canada,Nails,"DuraDrive 3 in. Plastic Cap Ring Shank Nails (2,000-Box)",14556,29.95,,Default Title,https://ihlcanada.com/products/duradrive-3-in-plastic-cap-ring-shank-nails-2-000-box,2026-05-31T12:06:34.043498
IHL Canada,Nails,DuraDrive 1-1/4 in 9 Gauge Bright Concrete Nails - 4.5 lb/Box,14529,9.95,,Default Title,https://ihlcanada.com/products/duradrive-1-1-4-in-concrete-nails-4-5-lb-per-box,2026-05-31T12:06:34.043500
IHL Canada,Nails,DuraDrive 2-1/4 in Steel Bright Ardox Spiral Nails - 50 lb/Box,14433,44.95,,Default Title,https://ihlcanada.com/products/duradrive-2-1-4-in-ardox-nails-50-lb-per-box,2026-05-31T12:06:34.043503
IHL Canada,Nails,DuraDrive 3 in 8 Gauge Bright Concrete Nails - 50 lb/Pack,14541,78.95,,Default Title,https://ihlcanada.com/products/duradrive-3-in-concrete-nails-50-lb-per-box,2026-05-31T12:06:34.043507
IHL Canada,Nails,DuraDrive 2 in Steel Bright Ardox Spiral Nails - 50 lb/Box,14430,49.5,,Default Title,https://ihlcanada.com/products/duradrive-2-in-ardox-nails-50-lb-per-box,2026-05-31T12:06:34.043509
IHL Canada,Nails,"DuraDrive 2 in. 16-Gauge L-Cleat Flooring Nails (1,000-Pack)",14554,14.89,,Default Title,https://ihlcanada.com/products/duradrive-2-in-16-gauge-l-cleat-flooring-nails-1-000-pack,2026-05-31T12:06:34.043513
IHL Canada,Nails,DuraDrive 2-1/2 in Thin Smooth Shank Bright Common Nails - 50 lb/Box,14520,46.15,,Default Title,https://ihlcanada.com/products/duradrive-2-1-2-in-common-nails-50-lb-per-box,2026-05-31T12:06:34.043516
IHL Canada,Nails,DuraDrive 3 in Steel Bright Ardox Spiral Nails - 50 lb/Box,14436,45.95,,Default Title,https://ihlcanada.com/products/duradrive-3-in-ardox-nails-50-lb-per-box,2026-05-31T12:06:34.043518
IHL Canada,Nails,DuraDrive 2-1/4 in. 10-Gauge Smooth Finish Double Head Nails (50 lb. per Box),14542,54.95,,Default Title,https://ihlcanada.com/products/duradrive-2-1-4-in-10-gauge-smooth-finish-double-head-nails-50-lb-per-box,2026-05-31T12:06:34.043520
IHL Canada,Nails,"DuraDrive 2-3/8 in. 34-Degree Bright Ring Shank Paper Strip Nails (5,000-Box)",14593,45.95,,Default Title,https://ihlcanada.com/products/duradrive-2-3-8-in-34-degree-bright-ring-shank-paper-strip-nails-5-000-box,2026-05-31T12:06:34.043522
IHL Canada,Nails,DuraDrive 12 in Thin Smooth Shank Bright Common Nails - 50 lb/Box,14518,45.05,,Default Title,https://ihlcanada.com/products/duradrive-12-in-common-nails-50-lb-per-box,2026-05-31T12:06:34.043525
IHL Canada,Nails,"DuraDrive 1-1/2 in. Plastic Cap Spiral Shank Insulation Nails (2,000-Box)",31628,24.95,,Default Title,https://ihlcanada.com/products/duradrive-1-1-2-in-plastic-cap-spiral-shank-insulation-nails-2-000-box,2026-05-31T12:06:34.043527
IHL Canada,Nails,"DuraDrive 2 in. Plastic Cap Spiral Shank Insulation Nails (2,000-Box)",14559,24.95,,Default Title,https://ihlcanada.com/products/duradrive-plastic-cap-spiral-shank-insulation-roofing-nails,2026-05-31T12:06:34.043529
IHL Canada,Nails,DuraDrive 1-1/4 in. Bright Finish Thin Smooth Shank Common Nails (50 lb. per Box),14517,58.25,,Default Title,https://ihlcanada.com/products/duradrive-bright-finish-thin-smooth-shank-common-nails-50-lb-per-box,2026-05-31T12:06:34.043532
IHL Canada,Nails,🎁 DuraDrive GSN40 1/2 in. to 1-5/8 in. Gas Concrete Nailer (100% off),14550,0.0,,Default Title,https://ihlcanada.com/products/duradrive-gsn40-1-2-in-x-1-5-8-in-cordless-gas-powered-concrete-pins-nailer-sca_clone_freegift,2026-05-31T12:06:34.043534
IHL Canada,Nails,DuraDrive 15 in. Double-Ended Nail Puller,27217,7.49,,Default Title,https://ihlcanada.com/products/duradrive-15-in-double-ended-nail-puller,2026-05-31T12:06:34.043537
IHL Canada,Nails,DuraDrive 3-1/2 in Steel Bright Ardox Spiral Nails - 50 lb/Box,14437,46.95,,Default Title,https://ihlcanada.com/products/duradrive-3-1-2-in-ardox-nails-50-lb-per-box,2026-05-31T12:06:34.043539
IHL Canada,Nails,DuraDrive 3 in 8 Gauge Bright Concrete Nails - 4.5 lb/Pack,14539,9.95,,Default Title,https://ihlcanada.com/products/duradrive-3-in-concrete-nails-4-5-lb-per-box,2026-05-31T12:06:34.043541
IHL Canada,Nails,DuraDrive 5 in Steel Bright Ardox Spiral Nails - 50 lb/Box,14444,59.75,,Default Title,https://ihlcanada.com/products/duradrive-5-in-ardox-nails-50-lb-per-box,2026-05-31T12:06:34.043544
IHL Canada,Nails,DuraDrive 2-1/4 in 9 Gauge Bright Concrete Nails - 4.5 lb/Box,14535,6.95,,Default Title,https://ihlcanada.com/products/duradrive-2-1-4-in-concrete-nails-4-5-lb-per-box,2026-05-31T12:06:34.043546
IHL Canada,Nails,DuraDrive 3/8 in. x 2 in. Mushroom Head Hammer Strike Nail Anchor (25-Pack),31748,15.95,,Default Title,https://ihlcanada.com/products/duradrive-3-8in-mushroom-head-hammer-strike-anchor-100-pack,2026-05-31T12:06:34.043548
IHL Canada,Nails,DuraDrive 12 in. Ardox Nails (50 lb. per Box),14429,58.25,,Default Title,https://ihlcanada.com/products/duradrive-12-in-ardox-nails-50-lb-per-box,2026-05-31T12:06:34.043551
IHL Canada,Nails,DuraDrive 2-1/2 in Bright Concrete Nails - 4.5 lb/Pack,14534,7.49,,Default Title,https://ihlcanada.com/products/duradrive-2-1-2-in-concrete-nails-4-5-lb-per-box,2026-05-31T12:06:34.043553
IHL Canada,Nails,DuraDrive 1-3/4 in 8 Gauge Bright Concrete Nails - 50 lb/Pack,14532,66.95,,Default Title,https://ihlcanada.com/products/duradrive-1-3-4-in-concrete-nails-50-lb-per-box,2026-05-31T12:06:34.043555
IHL Canada,Nails,DuraDrive 10 in Steel Bright Ardox Spiral Nails - 50 lb/Box,14424,62.49,,Default Title,https://ihlcanada.com/products/duradrive-10-in-ardox-nails-50-lb-per-box,2026-05-31T12:06:34.043558
IHL Canada,Nails,"DuraDrive 2 in. x 0.099 in. Flat Top Premium Framing Nails (4,500-Box)",14497,19.95,,Default Title,https://ihlcanada.com/products/duradrive-0-099-in-flat-top-premium-coil-framing-nails,2026-05-31T12:06:34.043560
IHL Canada,Nails,DuraDrive 1 in. 9-Gauge Bright Finish Fluted Spiral Shank Concrete Nails (4.5 lb. per Box),14526,6.95,,Default Title,https://ihlcanada.com/products/duradrive-9-gauge-bright-finish-fluted-spiral-shank-concrete-nails,2026-05-31T12:06:34.043562
IHL Canada,Nails,"DuraDrive 1-1/4 in. 18-Gauge Bright Finish L-Cleat Flooring Nails (1,000-Pack)",14553,10.49,,Default Title,https://ihlcanada.com/products/duradrive-1-1-4-in-18-gauge-bright-finish-l-cleat-flooring-nails-1-000-pack,2026-05-31T12:06:34.043564
IHL Canada,Nails,DuraDrive PFCN50 2 in. Mallet Actuated L-Cleat Flooring Nailer,11578,325.0,,Default Title,https://ihlcanada.com/products/duradrive-pfcn50-2-in-mallet-actuated-l-cleat-flooring-nailer,2026-05-31T12:06:34.043567
IHL Canada,Nails,DuraDrive 3/8 in 3 in Steel Hammer Strike Nail Anchor - 25/Pack,31750,19.95,,Default Title,https://ihlcanada.com/products/duradrive-3-8-in-x-3-in-carbon-steel-mushroom-head-hammer-strike-nail-strike-anchor-100-pack,2026-05-31T12:06:34.043569
IHL Canada,Nails,DuraDrive 3/16 in 3 in Steel Hammer Strike Nail Anchor - 100/Pack,31739,18.95,,Default Title,https://ihlcanada.com/products/duradrive-3-16-in-x-3-in-carbon-steel-mushroom-head-hammer-strike-nail-strike-anchor-100-pack,2026-05-31T12:06:34.043572
IHL Canada,Nails,DuraDrive 3/8 in 1-3/4 in Steel Pipe Internally Hammer Strike Nail Anchor - 50/Pack,31753,32.95,,Default Title,https://ihlcanada.com/products/duradrive-3-8-in-pipe-hammer-internally-threaded-strike-nail-anchor,2026-05-31T12:06:34.043574
IHL Canada,Nails,DuraDrive 3/8 in 4 in Steel Hammer Strike Nail Anchor - 25/Pack,31751,21.95,,Default Title,https://ihlcanada.com/products/duradrive-3-8-in-x-4-in-carbon-steel-mushroom-head-hammer-strike-nail-strike-anchor-100-pack,2026-05-31T12:06:34.043576
IHL Canada,Nails,DuraDrive 3/16 in 2-1/2 in Steel Hammer Strike Nail Anchor - 100/Pack,31738,16.95,,Default Title,https://ihlcanada.com/products/duradrive-3-16-in-x-2-1-2-in-carbon-steel-mushroom-head-hammer-strike-nail-strike-anchor-100-pack,2026-05-31T12:06:34.043579
IHL Canada,Nails,DuraDrive 3/16 in 2 in Steel Hammer Strike Nail Anchor - 100/Pack,31737,15.95,,Default Title,https://ihlcanada.com/products/duradrive-3-16-in-x-2-in-carbon-steel-mushroom-head-hammer-strike-nail-strike-anchor-100-pack,2026-05-31T12:06:34.043581
IHL Canada,Nails,DuraDrive 3/8 in 2-1/2 in Steel Hammer Strike Nail Anchor - 25/Pack,31749,16.95,,Default Title,https://ihlcanada.com/products/duradrive-3-8-in-x-2-1-2-in-carbon-steel-mushroom-head-hammer-strike-nail-strike-anchor-100-pack,2026-05-31T12:06:34.043583
IHL Canada,Nails,DuraDrive 3/16 in 4 in Steel Hammer Strike Nail Anchor - 100/Pack,31740,24.95,,Default Title,https://ihlcanada.com/products/duradrive-3-16-in-x-4-in-carbon-steel-mushroom-head-hammer-strike-nail-strike-anchor-100-pack,2026-05-31T12:06:34.043586
IHL Canada,Nails,DuraDrive 6 in Steel Bright Ardox Spiral Nails - 50 lb/Box,14445,45.95,,Default Title,https://ihlcanada.com/products/duradrive-6-in-ardox-nails-50-lb-per-box,2026-05-31T12:06:34.043588
IHL Canada,Nails,DuraDrive 2-3/4 in 9 Gauge Bright Concrete Nails - 4.5 lb/Box,14536,6.95,,Default Title,https://ihlcanada.com/products/duradrive-2-3-4-in-concrete-nails-4-5-lb-per-box,2026-05-31T12:06:34.043590
IHL Canada,Nails,DuraDrive 8 in Steel Bright Ardox Spiral Nails - 50 lb/Box,14446,45.95,,Default Title,https://ihlcanada.com/products/duradrive-8-in-ardox-nails-50-lb-per-box,2026-05-31T12:06:34.043593
IHL Canada,Nails,DuraDrive 3-1/2 in. HDG Ardox Nails (50 lb. per Box),14454,98.95,,Default Title,https://ihlcanada.com/products/duradrive-3-1-2-in-hdg-ardox-nails-50-lb-per-box,2026-05-31T12:06:34.043595
IHL Canada,Nails,DuraDrive 2-3/4 in 9 Gauge Bright Concrete Nails - 50 lb/Box,14537,78.95,,Default Title,https://ihlcanada.com/products/duradrive-2-3-4-in-concrete-nails-50-lb-per-box,2026-05-31T12:06:34.043597
IHL Canada,Nails,DuraDrive 4 in Thin Smooth Shank Bright Common Nails - 50 lb/Box,14523,47.25,,Default Title,https://ihlcanada.com/products/duradrive-4-in-common-nails-50-lb-per-box,2026-05-31T12:06:34.043599
IHL Canada,Nails,DuraDrive 4 in Steel Bright Ardox Spiral Nails - 50 lb/Box,14442,59.75,,Default Title,https://ihlcanada.com/products/duradrive-4-in-ardox-nails-50-lb-per-box,2026-05-31T12:06:34.043602
IHL Canada,Nails,DuraDrive 3/16 in. x 1-1/2 in. Mushroom Head Hammer Strike Nail Anchor (100-Pack),31736,13.95,,Default Title,https://ihlcanada.com/products/duradrive-3-16in-mushroom-head-hammer-strike-anchor-100-pack,2026-05-31T12:06:34.043604
IHL Canada,Nails,DuraDrive 1/4 in 3 in Steel Hammer Strike Nail Anchor - 100/Pack,31745,28.95,,Default Title,https://ihlcanada.com/products/duradrive-1-4-in-x-3-in-carbon-steel-mushroom-head-hammer-strike-nail-strike-anchor-100-pack,2026-05-31T12:06:34.043606
IHL Canada,Nails,DuraDrive 1/4 in 4 in Steel Hammer Strike Nail Anchor - 100/Pack,31747,32.95,,Default Title,https://ihlcanada.com/products/duradrive-1-4-in-x-4-in-carbon-steel-mushroom-head-hammer-strike-nail-strike-anchor-100-pack,2026-05-31T12:06:34.043608
IHL Canada,Nails,DuraDrive 1/4 in 2 in Steel Hammer Strike Nail Anchor - 100/Pack,31743,17.95,,Default Title,https://ihlcanada.com/products/duradrive-1-4-in-x-2-in-carbon-steel-mushroom-head-hammer-strike-nail-strike-anchor-100-pack,2026-05-31T12:06:34.043611
IHL Canada,Nails,DuraDrive 1/4 in 1-1/8 in Steel Tie Wire Head Hammer Strike Nail Anchor - 100/Pack,31755,24.49,,Default Title,https://ihlcanada.com/products/duradrive-1-4-in-carbon-steel-tie-wire-head-hammer-strike-anchor,2026-05-31T12:06:34.043613
IHL Canada,Nails,DuraDrive 1/4 in 3-1/2 in Steel Hammer Strike Nail Anchor - 100/Pack,31746,29.95,,Default Title,https://ihlcanada.com/products/duradrive-1-4-in-x-3-1-2-in-carbon-steel-mushroom-head-hammer-strike-nail-strike-anchor-100-pack,2026-05-31T12:06:34.043615
IHL Canada,Nails,DuraDrive 1/4 in 2-1/2 in Steel Hammer Strike Nail Anchor - 100/Pack,31744,24.95,,Default Title,https://ihlcanada.com/products/duradrive-1-4-in-x-2-1-2-in-carbon-steel-mushroom-head-hammer-strike-nail-strike-anchor-100-pack,2026-05-31T12:06:34.043618
IHL Canada,Nails,DuraDrive 1/4 in 1-1/2 in Steel Hammer Strike Nail Anchor - 100/Pack,31742,15.95,,Default Title,https://ihlcanada.com/products/duradrive-1-4-in-x-1-1-2-in-carbon-steel-mushroom-head-hammer-strike-nail-strike-anchor-100-pack,2026-05-31T12:06:34.043620
IHL Canada,Nails,DuraDrive 1-1/2 in 9 Gauge Bright Concrete Nails - 50 lb/Box,14528,64.95,,Default Title,https://ihlcanada.com/products/duradrive-1-1-2-in-concrete-nails-50-lb-per-box,2026-05-31T12:06:34.043623
IHL Canada,Nails,DuraDrive 1-1/4 in. Concrete Nails (50 lb. per Box),14530,78.95,,Default Title,https://ihlcanada.com/products/duradrive-1-1-4-in-concrete-nails-50-lb-per-box,2026-05-31T12:06:34.043625
IHL Canada,Nails,DuraDrive 2 in 9 Gauge Bright Concrete Nails - 50 lb/Box,14538,66.95,,Default Title,https://ihlcanada.com/products/duradrive-2-in-concrete-nails-50-lb-per-box,2026-05-31T12:06:34.043628
IHL Canada,Nails,DuraDrive 10 in Thin Smooth Shank Bright Common Nails - 50 lb/Box,14514,62.65,,Default Title,https://ihlcanada.com/products/duradrive-10-in-common-nails-50-lb-per-box,2026-05-31T12:06:34.043630
IHL Canada,Nails,DuraDrive 1-1/2 in Thin Smooth Shank Bright Common Nails - 50 lb/Box,14515,57.15,,Default Title,https://ihlcanada.com/products/duradrive-1-1-2-in-common-nails-50-lb-per-box,2026-05-31T12:06:34.043632
IHL Canada,Nails,DuraDrive 2 in 9 Gauge Bright Concrete Nails - 4.5 lb/Box,14533,6.95,,Default Title,https://ihlcanada.com/products/duradrive-2-in-concrete-nails-4-5-lb-per-box,2026-05-31T12:06:34.043635
IHL Canada,Nails,DuraDrive 1-1/2 in 9 Gauge Bright Concrete Nails - 4.5 lb/Box,14527,9.95,,Default Title,https://ihlcanada.com/products/duradrive-1-1-2-in-concrete-nails-4-5-lb-per-box,2026-05-31T12:06:34.043637
IHL Canada,Nails,DuraDrive 2-1/2 in Steel Bright Ardox Spiral Nails - 50 lb/Box,14431,47.95,,Default Title,https://ihlcanada.com/products/duradrive-2-1-2-in-ardox-nails-50-lb-per-box,2026-05-31T12:06:34.043639
IHL Canada,Nails,DuraDrive 1/4 in. x 1-1/4 in. Mushroom Head Hammer Strike Nail Anchor (100-Pack),31741,13.95,,Default Title,https://ihlcanada.com/products/duradrive-1-4in-mushroom-head-hammer-strike-anchor-100-pack,2026-05-31T12:06:34.043642
IHL Canada,Nails,DuraDrive 1-3/4 in. 8-Gauge Bright Finish Fluted Spiral Shank Concrete Nails (4.5 lb. per Box),14531,6.95,,Default Title,https://ihlcanada.com/products/duradrive-8-gauge-bright-finish-fluted-spiral-shank-concrete-nails,2026-05-31T12:06:34.043644
IHL Canada,Nails,DuraDrive #6 x 2 in. Blue Coated Ringed Shank Drywall Nails (50 lb. per Box),14548,70.95,,Default Title,https://ihlcanada.com/products/duradrive-6-x-2-in-blue-coated-ringed-shank-drywall-nails-50-lb-per-box,2026-05-31T12:06:34.043647
IHL Canada,Nails,"DuraDrive 2 in. Plastic Cap Ring Shank Insulation Nails (2,000-Box)",14555,24.95,,Default Title,https://ihlcanada.com/products/duradrive-2-in-plastic-cap-ring-shank-insulation-nails-2-000-box,2026-05-31T12:06:34.043649
IHL Canada,Adhesives,Selsil Gap Pro 280 ml White Siliconized Acrylic Latex Caulk,34788,2.35,,Default Title,https://ihlcanada.com/products/selsil-gap-plus-siliconized-acrylic-sealant-white-280ml,2026-05-31T12:06:35.444790
IHL Canada,Adhesives,"Selsil 280mL Kitchen & Bath 100% Silicone, Translucent",27740,5.99,,Default Title,https://ihlcanada.com/products/selsil-280ml-translucent-kitchen-and-bath-silicone-sealant,2026-05-31T12:06:35.444802
IHL Canada,Adhesives,"Selsil 280mL General Purpose 100% Silicone, Translucent",28153,5.75,,Default Title,https://ihlcanada.com/products/copy-of-selsil-280-ml-black-general-purpose-silicone-sealant-1,2026-05-31T12:06:35.444805
IHL Canada,Adhesives,"Selsil 280mL Kitchen & Bath 100% Silicone, White",27739,5.99,,Default Title,https://ihlcanada.com/products/copy-of-selsil-280-ml-almond-kitchen-and-bath-silicone-sealant-1,2026-05-31T12:06:35.444808
IHL Canada,Adhesives,"Selsil 280 ml Exterior 100% Silicone, Translucent",27736,5.99,,Default Title,https://ihlcanada.com/products/selsil-280ml-translucent-premium-exterior-silicone-glazing-siding-and-pipes,2026-05-31T12:06:35.444810
IHL Canada,Adhesives,Selsil OctoSPEED 290 ml White Construction Adhesive,30113,8.49,,Default Title,https://ihlcanada.com/products/selsil-290ml-white-octospeed-construction-adhesive,2026-05-31T12:06:35.444813
IHL Canada,Adhesives,"Selsil 280mL General Purpose 100% Silicone, White",28152,5.75,,Default Title,https://ihlcanada.com/products/copy-of-selsil-280-ml-black-general-purpose-silicone-sealant-2,2026-05-31T12:06:35.444815
IHL Canada,Adhesives,"Selsil 280mL Kitchen & Bath 100% Silicone, Almond",30143,5.99,,Default Title,https://ihlcanada.com/products/selsil-280ml-kitchen-and-bath-silicone-sealant,2026-05-31T12:06:35.444818
IHL Canada,Adhesives,Selsil OctoTACK 290 ml White Construction Adhesive,30114,7.99,,Default Title,https://ihlcanada.com/products/selsil-290ml-white-octotack-construction-adhesive,2026-05-31T12:06:35.444820
IHL Canada,Adhesives,Selsil Octomax 290 mL Black Multi-Purpose Adhesive Sealant,28688,5.99,,Default Title,https://ihlcanada.com/products/copy-of-selsil-290ml-sandalwood-octomax-multi-purpose-adhesive-sealant-2,2026-05-31T12:06:35.444823
IHL Canada,Adhesives,Selsil 290mL OCTOCLEAR Adhesive Sealant,30111,7.99,,Default Title,https://ihlcanada.com/products/selsil-290ml-octoclear-adhesive-sealant,2026-05-31T12:06:35.444825
IHL Canada,Adhesives,Selsil 17 oz. / 500 ml Spray Foam Gun Cleaner,28123,6.99,,Default Title,https://ihlcanada.com/products/selsil-500-ml-selfix-expanding-insulating-spray-foam-gun-grade-cleaner,2026-05-31T12:06:35.444827
IHL Canada,Adhesives,"Selsil 280mL General Purpose 100% Silicone, Grey",28692,5.75,,Default Title,https://ihlcanada.com/products/copy-of-selsil-280-ml-black-general-purpose-silicone-sealant,2026-05-31T12:06:35.444830
IHL Canada,Adhesives,Selsil Octomax 290 mL Sandalwood Multi-Purpose Adhesive Sealant,30103,5.99,,Default Title,https://ihlcanada.com/products/selsil-290ml-octomax-multi-purpose-adhesive-sealant,2026-05-31T12:06:35.444832
IHL Canada,Adhesives,Selsil Octomax 290 mL White Multi-Purpose Adhesive Sealant,30101,5.99,,Default Title,https://ihlcanada.com/products/copy-of-selsil-290ml-sandalwood-octomax-multi-purpose-adhesive-sealant,2026-05-31T12:06:35.444835
IHL Canada,Adhesives,Selsil OctoFLEX 290 ml Grey General Purpose Sealant,30142,3.99,,Default Title,https://ihlcanada.com/products/selsil-290ml-octoflex-general-purpose-sealant,2026-05-31T12:06:35.444837
IHL Canada,Adhesives,Selsil OctoFLEX 290 ml White General Purpose Sealant,30110,5.99,,Default Title,https://ihlcanada.com/products/copy-of-selsil-290ml-grey-octoflex-general-purpose-sealant,2026-05-31T12:06:35.444840
IHL Canada,Adhesives,Selsil 600 ml Grey Masonry and Metal Expanding Joints Polyurethane Adhesive Sealant Sausage,30385,9.99,,Default Title,https://ihlcanada.com/products/selsil-masonry-metal-expanding-joint-adhesive-sealant-sausage,2026-05-31T12:06:35.444842
IHL Canada,Adhesives,Selsil 600 ml Black Masonry and Metal Expanding Joints Polyurethane Adhesive Sealant Sausage,30389,9.99,,Default Title,https://ihlcanada.com/products/copy-of-selsil-600-ml-grey-masonry-and-metal-expanding-joints-polyurethane-adhesive-sealant-sausage,2026-05-31T12:06:35.444845
IHL Canada,Adhesives,Selsil Ninja Large MDF Rapid Adhesive Super Glue,28124,9.99,,Default Title,https://ihlcanada.com/products/selsil-ninja-mdf-super-glue,2026-05-31T12:06:35.444847
IHL Canada,Adhesives,"Selsil 280mL General Purpose 100% Silicone, Black",30106,5.75,,Default Title,https://ihlcanada.com/products/selsil-280ml-general-purpose-silicone-sealant,2026-05-31T12:06:35.444849
IHL Canada,Adhesives,Selsil 600 ml Bronze Masonry and Metal Expanding Joints Polyurethane Adhesive Sealant Sausage,35281,9.99,,Default Title,https://ihlcanada.com/products/selsil-pu-sealant-40-shore-sausage-bronze-600ml,2026-05-31T12:06:35.444852
IHL Canada,Adhesives,Selsil 600 ml Sandalwood Masonry and Metal Expanding Joints Polyurethane Adhesive Sealant Sausage,30697,9.99,,Default Title,https://ihlcanada.com/products/copy-of-selsil-600-ml-grey-masonry-and-metal-expanding-joints-polyurethane-adhesive-sealant-sausage-1,2026-05-31T12:06:35.444854
IHL Canada,Adhesives,Selsil 600 ml White Masonry and Metal Expanding Joints Polyurethane Adhesive Sealant Sausage,30104,9.99,,Default Title,https://ihlcanada.com/products/copy-of-selsil-600-ml-grey-masonry-and-metal-expanding-joints-polyurethane-adhesive-sealant-sausage-3,2026-05-31T12:06:35.444856
IHL Canada,Adhesives,Selsil 600 ml Limestone Masonry and Metal Expanding Joints Polyurethane Adhesive Sealant Sausage,30105,9.99,,Default Title,https://ihlcanada.com/products/copy-of-selsil-600-ml-grey-masonry-and-metal-expanding-joints-polyurethane-adhesive-sealant-sausage-2,2026-05-31T12:06:35.444858
IHL Canada,Adhesives,Selsil PAK 500g Miracle Multi Purpose Cleaning Paste,34640,6.99,,Default Title,https://ihlcanada.com/products/selsil-pak-miracle-multi-purpose-cleaning-paste-500g,2026-05-31T12:06:35.444861
IHL Canada,Adhesives,Selsil Multi-Purpose Spray Adhesive Glue 600 ml / 20 oz,35432,14.99,,Default Title,https://ihlcanada.com/products/selsil-mp-spray,2026-05-31T12:06:35.444863
IHL Canada,Adhesives,Selsil Pro Multi-Purpose Lubricant Spray 400ml,28125,5.99,,Default Title,https://ihlcanada.com/products/selsil-400ml-multi-usage-penetrating-oil-spray,2026-05-31T12:06:35.444866
IHL Canada,Adhesives,Selsil D3 5 kg Carpenters Super Wood Glue,28147,25.95,,Default Title,https://ihlcanada.com/products/selsil-d3-carpenters-super-wood-glue,2026-05-31T12:06:35.444868
IHL Canada,Adhesives,Selsil D3 20 kg Carpenters Super Wood Glue,28148,79.95,,Default Title,https://ihlcanada.com/products/selsil-d3-20kg-carpenters-super-wood-glue,2026-05-31T12:06:35.444871
IHL Canada,Adhesives,Selsil PAK 16 oz. Miracle Multi-Purpose Spray Cleaner,35292,5.99,,Default Title,https://ihlcanada.com/products/selsil-pak-mult-purpose-cleaner-spray-16oz,2026-05-31T12:06:35.444873
IHL Canada,Safety,DuraDrive HI-VIS Safety Hoodie,35837,29.99,,Black,https://ihlcanada.com/products/duradrive-hi-vis-pullover-safety-hoodie,2026-05-31T12:06:37.009259
IHL Canada,Safety,DuraDrive HI-VIS Safety Hoodie,35837,29.99,,Black,https://ihlcanada.com/products/duradrive-hi-vis-pullover-safety-hoodie,2026-05-31T12:06:37.009272
IHL Canada,Safety,DuraDrive HI-VIS Safety Hoodie,35837,29.99,,Black,https://ihlcanada.com/products/duradrive-hi-vis-pullover-safety-hoodie,2026-05-31T12:06:37.009275
IHL Canada,Safety,DuraDrive HI-VIS Safety Hoodie,35837,29.99,,Black,https://ihlcanada.com/products/duradrive-hi-vis-pullover-safety-hoodie,2026-05-31T12:06:37.009277
IHL Canada,Safety,DuraDrive HI-VIS Safety Hoodie,35837,29.99,,Black,https://ihlcanada.com/products/duradrive-hi-vis-pullover-safety-hoodie,2026-05-31T12:06:37.009279
IHL Canada,Safety,DuraDrive HI-VIS Safety Hoodie,35837,29.99,,Black,https://ihlcanada.com/products/duradrive-hi-vis-pullover-safety-hoodie,2026-05-31T12:06:37.009281
IHL Canada,Safety,DuraDrive HI-VIS Safety Hoodie,35837,29.99,,Orange,https://ihlcanada.com/products/duradrive-hi-vis-pullover-safety-hoodie,2026-05-31T12:06:37.009284
IHL Canada,Safety,DuraDrive HI-VIS Safety Hoodie,35837,29.99,,Orange,https://ihlcanada.com/products/duradrive-hi-vis-pullover-safety-hoodie,2026-05-31T12:06:37.009286
IHL Canada,Safety,DuraDrive HI-VIS Safety Hoodie,35837,29.99,,Orange,https://ihlcanada.com/products/duradrive-hi-vis-pullover-safety-hoodie,2026-05-31T12:06:37.009288
IHL Canada,Safety,DuraDrive HI-VIS Safety Hoodie,35837,29.99,,Orange,https://ihlcanada.com/products/duradrive-hi-vis-pullover-safety-hoodie,2026-05-31T12:06:37.009290
IHL Canada,Safety,DuraDrive HI-VIS Safety Hoodie,35837,29.99,,Orange,https://ihlcanada.com/products/duradrive-hi-vis-pullover-safety-hoodie,2026-05-31T12:06:37.009293
IHL Canada,Safety,DuraDrive HI-VIS Safety Hoodie,35837,29.99,,Orange,https://ihlcanada.com/products/duradrive-hi-vis-pullover-safety-hoodie,2026-05-31T12:06:37.009295
IHL Canada,Safety,DuraDrive Hi-Vis Ripstop Insulated Winter Jacket - Water Resistant,35537,69.95,,Orange,https://ihlcanada.com/products/duradrive-hi-vis-ripstop-parka,2026-05-31T12:06:37.009298
IHL Canada,Safety,DuraDrive Hi-Vis Ripstop Insulated Winter Jacket - Water Resistant,35537,69.95,,Orange,https://ihlcanada.com/products/duradrive-hi-vis-ripstop-parka,2026-05-31T12:06:37.009300
IHL Canada,Safety,DuraDrive Hi-Vis Ripstop Insulated Winter Jacket - Water Resistant,35537,69.95,,Orange,https://ihlcanada.com/products/duradrive-hi-vis-ripstop-parka,2026-05-31T12:06:37.009302
IHL Canada,Safety,DuraDrive Hi-Vis Ripstop Insulated Winter Jacket - Water Resistant,35537,69.95,,Orange,https://ihlcanada.com/products/duradrive-hi-vis-ripstop-parka,2026-05-31T12:06:37.009305
IHL Canada,Safety,DuraDrive Hi-Vis Ripstop Insulated Winter Jacket - Water Resistant,35537,69.95,,Orange,https://ihlcanada.com/products/duradrive-hi-vis-ripstop-parka,2026-05-31T12:06:37.009307
IHL Canada,Safety,DuraDrive Hi-Vis Ripstop Insulated Winter Jacket - Water Resistant,35537,69.95,,Orange,https://ihlcanada.com/products/duradrive-hi-vis-ripstop-parka,2026-05-31T12:06:37.009309
IHL Canada,Safety,DuraDrive Hi-Vis Ripstop Insulated Winter Jacket - Water Resistant,35537,69.95,,Yellow,https://ihlcanada.com/products/duradrive-hi-vis-ripstop-parka,2026-05-31T12:06:37.009311
IHL Canada,Safety,DuraDrive Hi-Vis Ripstop Insulated Winter Jacket - Water Resistant,35537,69.95,,Yellow,https://ihlcanada.com/products/duradrive-hi-vis-ripstop-parka,2026-05-31T12:06:37.009314
IHL Canada,Safety,DuraDrive Hi-Vis Ripstop Insulated Winter Jacket - Water Resistant,35537,69.95,,Yellow,https://ihlcanada.com/products/duradrive-hi-vis-ripstop-parka,2026-05-31T12:06:37.009316
IHL Canada,Safety,DuraDrive Hi-Vis Ripstop Insulated Winter Jacket - Water Resistant,35537,69.95,,Yellow,https://ihlcanada.com/products/duradrive-hi-vis-ripstop-parka,2026-05-31T12:06:37.009318
IHL Canada,Safety,DuraDrive Hi-Vis Ripstop Insulated Winter Jacket - Water Resistant,35537,69.95,,Yellow,https://ihlcanada.com/products/duradrive-hi-vis-ripstop-parka,2026-05-31T12:06:37.009320
IHL Canada,Safety,DuraDrive Hi-Vis Ripstop Insulated Winter Jacket - Water Resistant,35537,69.95,,Yellow,https://ihlcanada.com/products/duradrive-hi-vis-ripstop-parka,2026-05-31T12:06:37.009322
IHL Canada,Safety,DuraDrive Hi-Vis Ripstop Insulated Winter Jacket - Water Resistant,35537,69.95,,Black,https://ihlcanada.com/products/duradrive-hi-vis-ripstop-parka,2026-05-31T12:06:37.009324
IHL Canada,Safety,DuraDrive Hi-Vis Ripstop Insulated Winter Jacket - Water Resistant,35537,69.95,,Black,https://ihlcanada.com/products/duradrive-hi-vis-ripstop-parka,2026-05-31T12:06:37.009327
IHL Canada,Safety,DuraDrive Hi-Vis Ripstop Insulated Winter Jacket - Water Resistant,35537,69.95,,Black,https://ihlcanada.com/products/duradrive-hi-vis-ripstop-parka,2026-05-31T12:06:37.009329
IHL Canada,Safety,DuraDrive Hi-Vis Ripstop Insulated Winter Jacket - Water Resistant,35537,69.95,,Black,https://ihlcanada.com/products/duradrive-hi-vis-ripstop-parka,2026-05-31T12:06:37.009331
IHL Canada,Safety,DuraDrive Hi-Vis Ripstop Insulated Winter Jacket - Water Resistant,35537,69.95,,Black,https://ihlcanada.com/products/duradrive-hi-vis-ripstop-parka,2026-05-31T12:06:37.009333
IHL Canada,Safety,DuraDrive Hi-Vis Ripstop Insulated Winter Jacket - Water Resistant,35537,69.95,,Black,https://ihlcanada.com/products/duradrive-hi-vis-ripstop-parka,2026-05-31T12:06:37.009335
IHL Canada,Safety,DuraDrive N95 NIOSH-Approved Industrial Disposable Dust Masks with Exhalation Valve (10-Pack),26869,12.95,,Default Title,https://ihlcanada.com/products/duradrive-niosh-approved-tc-84a-5409-n95-industrial-disposable-vented-respirator-with-exhalation-valve-10-pack,2026-05-31T12:06:37.009337
IHL Canada,Safety,DuraDrive Hi-Vis Navy Short Sleeve Cooling Safety T-Shirt,29033,11.99,,XS,https://ihlcanada.com/products/duradrive-hi-vis-navy-short-sleeve-cooling-safety-t-shirt,2026-05-31T12:06:37.009340
IHL Canada,Safety,DuraDrive Hi-Vis Navy Short Sleeve Cooling Safety T-Shirt,29033,11.99,,S,https://ihlcanada.com/products/duradrive-hi-vis-navy-short-sleeve-cooling-safety-t-shirt,2026-05-31T12:06:37.009342
IHL Canada,Safety,DuraDrive Hi-Vis Navy Short Sleeve Cooling Safety T-Shirt,29033,11.99,,M,https://ihlcanada.com/products/duradrive-hi-vis-navy-short-sleeve-cooling-safety-t-shirt,2026-05-31T12:06:37.009344
IHL Canada,Safety,DuraDrive Hi-Vis Navy Short Sleeve Cooling Safety T-Shirt,29033,11.99,,L,https://ihlcanada.com/products/duradrive-hi-vis-navy-short-sleeve-cooling-safety-t-shirt,2026-05-31T12:06:37.009346
IHL Canada,Safety,DuraDrive Hi-Vis Navy Short Sleeve Cooling Safety T-Shirt,29033,11.99,,XL,https://ihlcanada.com/products/duradrive-hi-vis-navy-short-sleeve-cooling-safety-t-shirt,2026-05-31T12:06:37.009348
IHL Canada,Safety,DuraDrive Hi-Vis Navy Short Sleeve Cooling Safety T-Shirt,29033,11.99,,2XL,https://ihlcanada.com/products/duradrive-hi-vis-navy-short-sleeve-cooling-safety-t-shirt,2026-05-31T12:06:37.009350
IHL Canada,Safety,DuraDrive Hi-Vis Navy Short Sleeve Cooling Safety T-Shirt,29033,11.99,,3XL,https://ihlcanada.com/products/duradrive-hi-vis-navy-short-sleeve-cooling-safety-t-shirt,2026-05-31T12:06:37.009352
IHL Canada,Safety,DuraDrive CSA Type 1 Class E Hard Hat,26687,11.99,,White,https://ihlcanada.com/products/duradrive-csa-type-1-class-e-hard-hat,2026-05-31T12:06:37.009355
IHL Canada,Safety,DuraDrive CSA Type 1 Class E Hard Hat,26687,11.99,,Red,https://ihlcanada.com/products/duradrive-csa-type-1-class-e-hard-hat,2026-05-31T12:06:37.009357
IHL Canada,Safety,DuraDrive CSA Type 1 Class E Hard Hat,26687,11.99,,Black,https://ihlcanada.com/products/duradrive-csa-type-1-class-e-hard-hat,2026-05-31T12:06:37.009359
IHL Canada,Safety,DuraDrive CSA Type 1 Class E Hard Hat,26687,11.99,,grey,https://ihlcanada.com/products/duradrive-csa-type-1-class-e-hard-hat,2026-05-31T12:06:37.009361
IHL Canada,Safety,DuraDrive CSA Type 1 Class E Hard Hat,26687,11.99,,Navy,https://ihlcanada.com/products/duradrive-csa-type-1-class-e-hard-hat,2026-05-31T12:06:37.009364
IHL Canada,Safety,DuraDrive CSA Type 1 Class E Hard Hat,26687,11.99,,orange,https://ihlcanada.com/products/duradrive-csa-type-1-class-e-hard-hat,2026-05-31T12:06:37.009366
IHL Canada,Safety,DuraDrive CSA Type 1 Class E Hard Hat,26687,11.99,,Sky Blue,https://ihlcanada.com/products/duradrive-csa-type-1-class-e-hard-hat,2026-05-31T12:06:37.009368
IHL Canada,Safety,DuraDrive CSA Type 1 Class E Hard Hat,26687,11.99,,yellow,https://ihlcanada.com/products/duradrive-csa-type-1-class-e-hard-hat,2026-05-31T12:06:37.009370
IHL Canada,Safety,DuraDrive N95 NIOSH-Approved Industrial Disposable Non-Vented Dust Mask (20-Pack),26868,11.95,,Default Title,https://ihlcanada.com/products/duradrive-niosh-approved-tc-84a-5408-n95-industrial-disposable-non-vented-respirator-20-pack,2026-05-31T12:06:37.009372
IHL Canada,Safety,DuraDrive Orange Disposable Uncorded Foam Earplug with 32 dB NRR (200-Pair),22876,18.99,,Default Title,https://ihlcanada.com/products/duradrive-orange-disposable-uncorded-foam-earplug-with-32-db-nrr-200-pair,2026-05-31T12:06:37.009374
IHL Canada,Safety,DuraDrive Clear Lens Frameless Sport Shaped Safety Glasses,27562,1.99,,Default Title,https://ihlcanada.com/products/duradrive-frameless-sport-shaped-safety-glasses,2026-05-31T12:06:37.009377
IHL Canada,Safety,DuraDrive Men's 4 in. Hi-Vis Reflective Stripes Hooded Jacket,23275,32.99,,Black,https://ihlcanada.com/products/duradrive-mens-4-in-hi-vis-reflective-stripes-hooded-jacket,2026-05-31T12:06:37.009379
IHL Canada,Safety,DuraDrive Men's 4 in. Hi-Vis Reflective Stripes Hooded Jacket,23275,32.99,,Black,https://ihlcanada.com/products/duradrive-mens-4-in-hi-vis-reflective-stripes-hooded-jacket,2026-05-31T12:06:37.009381
IHL Canada,Safety,DuraDrive Men's 4 in. Hi-Vis Reflective Stripes Hooded Jacket,23275,32.99,,Black,https://ihlcanada.com/products/duradrive-mens-4-in-hi-vis-reflective-stripes-hooded-jacket,2026-05-31T12:06:37.009383
IHL Canada,Safety,DuraDrive Men's 4 in. Hi-Vis Reflective Stripes Hooded Jacket,23275,32.99,,Black,https://ihlcanada.com/products/duradrive-mens-4-in-hi-vis-reflective-stripes-hooded-jacket,2026-05-31T12:06:37.009386
IHL Canada,Safety,DuraDrive Men's 4 in. Hi-Vis Reflective Stripes Hooded Jacket,23275,32.99,,Black,https://ihlcanada.com/products/duradrive-mens-4-in-hi-vis-reflective-stripes-hooded-jacket,2026-05-31T12:06:37.009388
IHL Canada,Safety,DuraDrive Men's 4 in. Hi-Vis Reflective Stripes Hooded Jacket,23275,32.99,,Black,https://ihlcanada.com/products/duradrive-mens-4-in-hi-vis-reflective-stripes-hooded-jacket,2026-05-31T12:06:37.009394
IHL Canada,Safety,DuraDrive Men's 4 in. Hi-Vis Reflective Stripes Hooded Jacket,23275,32.99,,Black,https://ihlcanada.com/products/duradrive-mens-4-in-hi-vis-reflective-stripes-hooded-jacket,2026-05-31T12:06:37.009396
IHL Canada,Safety,DuraDrive Men's 4 in. Hi-Vis Reflective Stripes Hooded Jacket,23275,32.99,,Navy,https://ihlcanada.com/products/duradrive-mens-4-in-hi-vis-reflective-stripes-hooded-jacket,2026-05-31T12:06:37.009398
IHL Canada,Safety,DuraDrive Men's 4 in. Hi-Vis Reflective Stripes Hooded Jacket,23275,32.99,,Navy,https://ihlcanada.com/products/duradrive-mens-4-in-hi-vis-reflective-stripes-hooded-jacket,2026-05-31T12:06:37.009401
IHL Canada,Safety,DuraDrive Men's 4 in. Hi-Vis Reflective Stripes Hooded Jacket,23275,32.99,,Navy,https://ihlcanada.com/products/duradrive-mens-4-in-hi-vis-reflective-stripes-hooded-jacket,2026-05-31T12:06:37.009403
IHL Canada,Safety,DuraDrive Men's 4 in. Hi-Vis Reflective Stripes Hooded Jacket,23275,32.99,,Navy,https://ihlcanada.com/products/duradrive-mens-4-in-hi-vis-reflective-stripes-hooded-jacket,2026-05-31T12:06:37.009405
IHL Canada,Safety,DuraDrive Men's 4 in. Hi-Vis Reflective Stripes Hooded Jacket,23275,32.99,,Navy,https://ihlcanada.com/products/duradrive-mens-4-in-hi-vis-reflective-stripes-hooded-jacket,2026-05-31T12:06:37.009408
IHL Canada,Safety,DuraDrive Men's 4 in. Hi-Vis Reflective Stripes Hooded Jacket,23275,32.99,,Navy,https://ihlcanada.com/products/duradrive-mens-4-in-hi-vis-reflective-stripes-hooded-jacket,2026-05-31T12:06:37.009410
IHL Canada,Safety,DuraDrive Men's 4 in. Hi-Vis Reflective Stripes Hooded Jacket,23275,32.99,,Orange,https://ihlcanada.com/products/duradrive-mens-4-in-hi-vis-reflective-stripes-hooded-jacket,2026-05-31T12:06:37.009412
IHL Canada,Safety,DuraDrive Men's 4 in. Hi-Vis Reflective Stripes Hooded Jacket,23275,32.99,,Orange,https://ihlcanada.com/products/duradrive-mens-4-in-hi-vis-reflective-stripes-hooded-jacket,2026-05-31T12:06:37.009414
IHL Canada,Safety,DuraDrive Men's 4 in. Hi-Vis Reflective Stripes Hooded Jacket,23275,32.99,,Orange,https://ihlcanada.com/products/duradrive-mens-4-in-hi-vis-reflective-stripes-hooded-jacket,2026-05-31T12:06:37.009416
IHL Canada,Safety,DuraDrive Men's 4 in. Hi-Vis Reflective Stripes Hooded Jacket,23275,32.99,,Orange,https://ihlcanada.com/products/duradrive-mens-4-in-hi-vis-reflective-stripes-hooded-jacket,2026-05-31T12:06:37.009418
IHL Canada,Safety,DuraDrive Men's 4 in. Hi-Vis Reflective Stripes Hooded Jacket,23275,32.99,,Orange,https://ihlcanada.com/products/duradrive-mens-4-in-hi-vis-reflective-stripes-hooded-jacket,2026-05-31T12:06:37.009420
IHL Canada,Safety,DuraDrive Men's 4 in. Hi-Vis Reflective Stripes Hooded Jacket,23275,32.99,,Orange,https://ihlcanada.com/products/duradrive-mens-4-in-hi-vis-reflective-stripes-hooded-jacket,2026-05-31T12:06:37.009423
IHL Canada,Safety,DuraDrive Men's 4 in. Hi-Vis Reflective Stripes Hooded Jacket,23275,32.99,,Orange,https://ihlcanada.com/products/duradrive-mens-4-in-hi-vis-reflective-stripes-hooded-jacket,2026-05-31T12:06:37.009425
IHL Canada,Safety,Ontario WSIB Regulation #A Deluxe First Aid Kit,12559,16.95,,Default Title,https://ihlcanada.com/products/ihl-ontario-wsib-deluxe-first-aid-kit,2026-05-31T12:06:37.009428
IHL Canada,Safety,"Dynamic HP542R Mont-Blanc Hard Hat, Type 2, Class E",13242,36.99,,Yellow,https://ihlcanada.com/products/dynamic-hp241r-mont-blanc-series-foam-lined-cap-style-hard-hat-with-ratchet-asni-z89-type-2-class-e-csa-z94-type-2-class-e,2026-05-31T12:06:37.009430
IHL Canada,Safety,"Dynamic HP542R Mont-Blanc Hard Hat, Type 2, Class E",13242,36.99,,White,https://ihlcanada.com/products/dynamic-hp241r-mont-blanc-series-foam-lined-cap-style-hard-hat-with-ratchet-asni-z89-type-2-class-e-csa-z94-type-2-class-e,2026-05-31T12:06:37.009445
IHL Canada,Safety,"Dynamic HP542R Mont-Blanc Hard Hat, Type 2, Class E",13242,36.99,,Green,https://ihlcanada.com/products/dynamic-hp241r-mont-blanc-series-foam-lined-cap-style-hard-hat-with-ratchet-asni-z89-type-2-class-e-csa-z94-type-2-class-e,2026-05-31T12:06:37.009448
IHL Canada,Safety,"Dynamic HP542R Mont-Blanc Hard Hat, Type 2, Class E",13242,36.99,,LightBlue,https://ihlcanada.com/products/dynamic-hp241r-mont-blanc-series-foam-lined-cap-style-hard-hat-with-ratchet-asni-z89-type-2-class-e-csa-z94-type-2-class-e,2026-05-31T12:06:37.009450
IHL Canada,Safety,"Dynamic HP542R Mont-Blanc Hard Hat, Type 2, Class E",13242,36.99,,Navy,https://ihlcanada.com/products/dynamic-hp241r-mont-blanc-series-foam-lined-cap-style-hard-hat-with-ratchet-asni-z89-type-2-class-e-csa-z94-type-2-class-e,2026-05-31T12:06:37.009452
IHL Canada,Safety,"Dynamic HP542R Mont-Blanc Hard Hat, Type 2, Class E",13242,36.99,,Orange,https://ihlcanada.com/products/dynamic-hp241r-mont-blanc-series-foam-lined-cap-style-hard-hat-with-ratchet-asni-z89-type-2-class-e-csa-z94-type-2-class-e,2026-05-31T12:06:37.009454
IHL Canada,Safety,"Dynamic HP542R Mont-Blanc Hard Hat, Type 2, Class E",13242,36.99,,Red,https://ihlcanada.com/products/dynamic-hp241r-mont-blanc-series-foam-lined-cap-style-hard-hat-with-ratchet-asni-z89-type-2-class-e-csa-z94-type-2-class-e,2026-05-31T12:06:37.009457
IHL Canada,Safety,"Dynamic HP542R Mont-Blanc Hard Hat, Type 2, Class E",13242,36.99,,RoyalBlue,https://ihlcanada.com/products/dynamic-hp241r-mont-blanc-series-foam-lined-cap-style-hard-hat-with-ratchet-asni-z89-type-2-class-e-csa-z94-type-2-class-e,2026-05-31T12:06:37.009460
IHL Canada,Safety,"Dynamic HP542R Mont-Blanc Hard Hat, Type 2, Class E",13242,36.99,,SkyBlue,https://ihlcanada.com/products/dynamic-hp241r-mont-blanc-series-foam-lined-cap-style-hard-hat-with-ratchet-asni-z89-type-2-class-e-csa-z94-type-2-class-e,2026-05-31T12:06:37.009462
IHL Canada,Safety,DuraDrive Men's Hi-Vis Class 2 Level 2 Tear-Away Safety Vest with Pockets,19943,13.95,,Orange,https://ihlcanada.com/products/duradrive-mens-hi-vis-class-2-level-2-tear-away-safety-vest-with-pockets,2026-05-31T12:06:37.009465
IHL Canada,Safety,DuraDrive Men's Hi-Vis Class 2 Level 2 Tear-Away Safety Vest with Pockets,19943,13.95,,Orange,https://ihlcanada.com/products/duradrive-mens-hi-vis-class-2-level-2-tear-away-safety-vest-with-pockets,2026-05-31T12:06:37.009467
IHL Canada,Safety,DuraDrive Men's Hi-Vis Class 2 Level 2 Tear-Away Safety Vest with Pockets,19943,13.95,,Orange,https://ihlcanada.com/products/duradrive-mens-hi-vis-class-2-level-2-tear-away-safety-vest-with-pockets,2026-05-31T12:06:37.009469
IHL Canada,Safety,DuraDrive Men's Hi-Vis Class 2 Level 2 Tear-Away Safety Vest with Pockets,19943,13.95,,Yellow,https://ihlcanada.com/products/duradrive-mens-hi-vis-class-2-level-2-tear-away-safety-vest-with-pockets,2026-05-31T12:06:37.009471
IHL Canada,Safety,DuraDrive Men's Hi-Vis Class 2 Level 2 Tear-Away Safety Vest with Pockets,19943,13.95,,Yellow,https://ihlcanada.com/products/duradrive-mens-hi-vis-class-2-level-2-tear-away-safety-vest-with-pockets,2026-05-31T12:06:37.009474
IHL Canada,Safety,DuraDrive Men's Hi-Vis Class 2 Level 2 Tear-Away Safety Vest with Pockets,19943,13.95,,Yellow,https://ihlcanada.com/products/duradrive-mens-hi-vis-class-2-level-2-tear-away-safety-vest-with-pockets,2026-05-31T12:06:37.009476
IHL Canada,Safety,DuraDrive Clear Lens Economy Frameless Safety Glasses,27565,1.49,,Default Title,https://ihlcanada.com/products/duradrive-economy-frameless-safety-glasses,2026-05-31T12:06:37.009479
IHL Canada,Safety,DuraDrive A07-28C Clear Lens Anti-Scratch Anti-Fog Safety Glasses with Removable Foam Gasket,29076,5.79,,Default Title,https://ihlcanada.com/products/duradrive-safety-glass-with-removable-foam-gasket,2026-05-31T12:06:37.009481
IHL Canada,Safety,DuraDrive Orange Disposable Corded Foam Earplug with 32 dB NRR (100-Pair),28213,18.99,,Default Title,https://ihlcanada.com/products/duradrive-orange-disposable-corded-foam-earplug-with-32-db-nrr-100-pair,2026-05-31T12:06:37.009483
IHL Canada,Safety,GVS Elipse SPR321 P100 Dust Filter (2-Pack),23708,19.99,,Default Title,https://ihlcanada.com/products/gvs-elipse-spr321-p100-elipse-replacement-filter-2-pack,2026-05-31T12:06:37.009486
IHL Canada,Safety,DURADRIVE 100% COTTON HI-VIS L/S T-SHIRT - ORANGE,32099,24.95,,Orange,https://ihlcanada.com/products/duradrive-hi-vis-t-shirt,2026-05-31T12:06:37.009488
IHL Canada,Safety,DURADRIVE 100% COTTON HI-VIS L/S T-SHIRT - ORANGE,32099,24.95,,Orange,https://ihlcanada.com/products/duradrive-hi-vis-t-shirt,2026-05-31T12:06:37.009491
IHL Canada,Safety,DURADRIVE 100% COTTON HI-VIS L/S T-SHIRT - ORANGE,32099,24.95,,Orange,https://ihlcanada.com/products/duradrive-hi-vis-t-shirt,2026-05-31T12:06:37.009493
IHL Canada,Safety,DURADRIVE 100% COTTON HI-VIS L/S T-SHIRT - ORANGE,32099,24.95,,Orange,https://ihlcanada.com/products/duradrive-hi-vis-t-shirt,2026-05-31T12:06:37.009496
IHL Canada,Safety,DURADRIVE 100% COTTON HI-VIS L/S T-SHIRT - ORANGE,32099,24.95,,Orange,https://ihlcanada.com/products/duradrive-hi-vis-t-shirt,2026-05-31T12:06:37.009498
IHL Canada,Safety,DURADRIVE 100% COTTON HI-VIS L/S T-SHIRT - ORANGE,32099,24.95,,Orange,https://ihlcanada.com/products/duradrive-hi-vis-t-shirt,2026-05-31T12:06:37.009500
IHL Canada,Safety,DURADRIVE 100% COTTON HI-VIS L/S T-SHIRT - ORANGE,32099,24.95,,Orange,https://ihlcanada.com/products/duradrive-hi-vis-t-shirt,2026-05-31T12:06:37.009502
IHL Canada,Safety,GVS Elipse SPR457 Half Mask Respirator with P100 Filters M/L,23707,49.99,,Default Title,https://ihlcanada.com/products/gvs-elipse-spr457-p100-medium-large-half-mask-respirator,2026-05-31T12:06:37.009505
IHL Canada,Safety,DuraDrive Clear Anti-Fog Adjustable Safety Glasses,31025,5.99,,Default Title,https://ihlcanada.com/products/duradrive-a07-62-adjustable-temple-safety-glasses-clear-lens-w-anti-fog,2026-05-31T12:06:37.009507
IHL Canada,Safety,DuraDrive Clear Lens Anti-Scratch Anti-Fog Wrap Around Safety Glasses,29109,2.79,,Default Title,https://ihlcanada.com/products/duradrive-a07-29c-wrap-around-safety-glasses,2026-05-31T12:06:37.009510
IHL Canada,Safety,DuraDrive Clear Anti-Scratch Nemesis Safety Glasses,29073,3.79,,Default Title,https://ihlcanada.com/products/duradrive-anti-scratch-nemsis-safety-glasses,2026-05-31T12:06:37.009512
IHL Canada,Safety,DuraDrive Smoke Anti-Scratch Nemesis Safety Glasses,29119,3.79,,Default Title,https://ihlcanada.com/products/duradrive-cs-013s-nemsis-safety-glasses-smoke-lens-anti-scratch-with-strap,2026-05-31T12:06:37.009514
IHL Canada,Safety,DURADRIVE 29035 HI-VIS COOLING CREW NECK SHORT SLEEVE DELUXE T-SHIRT YELLOW,29035,11.99,,S,https://ihlcanada.com/products/duradrive-29035-hi-vis-cooling-crew-neck-short-sleeve-deluxe-t-shirt-yellow,2026-05-31T12:06:37.009517
IHL Canada,Safety,DURADRIVE 29035 HI-VIS COOLING CREW NECK SHORT SLEEVE DELUXE T-SHIRT YELLOW,29035,11.99,,M,https://ihlcanada.com/products/duradrive-29035-hi-vis-cooling-crew-neck-short-sleeve-deluxe-t-shirt-yellow,2026-05-31T12:06:37.009519
IHL Canada,Safety,DURADRIVE 29035 HI-VIS COOLING CREW NECK SHORT SLEEVE DELUXE T-SHIRT YELLOW,29035,11.99,,L,https://ihlcanada.com/products/duradrive-29035-hi-vis-cooling-crew-neck-short-sleeve-deluxe-t-shirt-yellow,2026-05-31T12:06:37.009522
IHL Canada,Safety,DURADRIVE 29035 HI-VIS COOLING CREW NECK SHORT SLEEVE DELUXE T-SHIRT YELLOW,29035,11.99,,XL,https://ihlcanada.com/products/duradrive-29035-hi-vis-cooling-crew-neck-short-sleeve-deluxe-t-shirt-yellow,2026-05-31T12:06:37.009524
IHL Canada,Safety,DURADRIVE 29035 HI-VIS COOLING CREW NECK SHORT SLEEVE DELUXE T-SHIRT YELLOW,29035,11.99,,2XL,https://ihlcanada.com/products/duradrive-29035-hi-vis-cooling-crew-neck-short-sleeve-deluxe-t-shirt-yellow,2026-05-31T12:06:37.009526
IHL Canada,Safety,DURADRIVE 29035 HI-VIS COOLING CREW NECK SHORT SLEEVE DELUXE T-SHIRT YELLOW,29035,11.99,,3XL,https://ihlcanada.com/products/duradrive-29035-hi-vis-cooling-crew-neck-short-sleeve-deluxe-t-shirt-yellow,2026-05-31T12:06:37.009528
IHL Canada,Safety,DuraDrive PM8010 Hi-Vis Orange Soft Foam Adjustable Earmuffs,26685,16.99,,Default Title,https://ihlcanada.com/products/duradrive-pm8010-hi-vis-soft-foam-adjustable-earmuffs,2026-05-31T12:06:37.009531
IHL Canada,Safety,Wasip F4560701 Emergency Eyewash Station with 1-Litre Bottle,12551,19.95,,Default Title,https://ihlcanada.com/products/wasip-f4560701-emergency-eyewash-station-with-1-litre-bottle,2026-05-31T12:06:37.009533
IHL Canada,Safety,DuraDrive Orange Reusable Corded Triple-Flange Silicone Earplug with 25 dB NRR (200-Pair),28216,44.99,,Default Title,https://ihlcanada.com/products/duradrive-orange-reusable-corded-triple-flange-silicone-earplug-with-25-db-nrr-200-pair,2026-05-31T12:06:37.009536
IHL Canada,Safety,DuraDrive Smoked Lens Safety Glasses,27563,1.99,,Default Title,https://ihlcanada.com/products/duradrive-smoked-lens-safety-glasses,2026-05-31T12:06:37.009538
IHL Canada,Safety,GVS Elipse SPM001 Half Mask Respirator Blue Carry Case,27377,36.95,,Default Title,https://ihlcanada.com/products/gvs-elipse-spm001-half-mask-respirator-blue-carry-case,2026-05-31T12:06:37.009540
IHL Canada,Safety,DuraDrive 1428 Clear Lens Anti-Scratch Visitor Safety Glasses,29072,1.99,,Default Title,https://ihlcanada.com/products/duradrive-1428-clear-lens-anti-scratch-visitor-safety-glass,2026-05-31T12:06:37.009543
IHL Canada,Safety,Pyramex Proximity H2X Safety Glasses with Anti-Fog Clear Lens,22704,7.99,,Default Title,https://ihlcanada.com/products/pyramex-proximity-h2x-safety-glasses-with-anti-fog-clear-lens,2026-05-31T12:06:37.009545
IHL Canada,Safety,DuraDrive Anti-Fog Anti-Scratch Smoke Safety Glasses,29110,2.79,,Default Title,https://ihlcanada.com/products/duradrive-a07-29s-wrap-around-safety-glasses-smoke-lens-anti-scratch-anti-fog,2026-05-31T12:06:37.009547
IHL Canada,Safety,DuraDrive Orange Reusable Corded Triple-Flange Silicone Earplug with 25 dB NRR (100-Pairs),28217,44.99,,Default Title,https://ihlcanada.com/products/duradrive-orange-reusable-corded-triple-flange-silicone-earplug-with-25-db-nrr-100-pair,2026-05-31T12:06:37.009550
IHL Canada,Safety,Ontario #1 Deluxe First Aid Kit 6-15 11 in x 3.3 in,12557,52.49,,Default Title,https://ihlcanada.com/products/wasip-ontario-1-deluxe-first-aid-kit,2026-05-31T12:06:37.009553
IHL Canada,Safety,Pyramex GG504TSHIELD CAPSTONE SHIELD Clear H2X Anti-Fog Lens Goggles with Impact Protection Face Shield,12797,29.49,,Default Title,https://ihlcanada.com/products/pyramex-gg504tshield-capstone-shield-clear-h2x-anti-fog-lens-goggles-with-impact-protection-face-shield,2026-05-31T12:06:37.009555
IHL Canada,Safety,Peakworks FBH100002A Class A 3-Point Compliance Harness and Lanyard with Snap Hooks Kit,31804,114.99,,Default Title,https://ihlcanada.com/products/peakworks-pip11-6-compliance-fall-protection-harness-and-lanyard-combo-set,2026-05-31T12:06:37.009557
IHL Canada,Safety,DuraDrive Frameless Indoor/Outdoor Safety Glasses Mirror,26676,3.49,,Default Title,https://ihlcanada.com/products/duradrive-indoor-outdoor-mirror-lens-endeavor-plus-frameless-safety-glasses,2026-05-31T12:06:37.009560
IHL Canada,Safety,DuraDrive High Impact Safety Glasses Clear Lens,26671,1.99,,Default Title,https://ihlcanada.com/products/duradrive-neshoba-safety-glasses,2026-05-31T12:06:37.009562
IHL Canada,Safety,DuraDrive Smoked Lens Side Shields Top Guard Safety Glasses,27571,1.99,,Default Title,https://ihlcanada.com/products/duradrive-cs321b-smoked-lens-safety-glasses,2026-05-31T12:06:37.009565
IHL Canada,Safety,Wasip F4570301 1-Litre Emergency Eyewash Bottle (Empty) with Eye Cup,12548,12.5,,Default Title,https://ihlcanada.com/products/wasip-f4570301-1-litre-emergency-eyewash-bottle-with-eye-cup,2026-05-31T12:06:37.009567
IHL Canada,Safety,DuraDrive Clear Lens Side Shields Top Guard Safety Glasses,27570,1.99,,Default Title,https://ihlcanada.com/products/duradrive-side-shields-top-guard-safety-glasses,2026-05-31T12:06:37.009569
IHL Canada,Safety,GVS Elipse SPR451 Half Mask Respirator with P100 Filters S/M,23706,49.99,,Default Title,https://ihlcanada.com/products/gvs-elipse-spr451-p100-half-mask-small-medium-respirator,2026-05-31T12:06:37.009572
IHL Canada,Safety,DuraDrive A04-01C Clear Lens Anti-Scratch Anti-Fog Safety Goggle,29080,9.99,,Default Title,https://ihlcanada.com/products/duradrive-anti-scratch-anti-fog-safety-goggle,2026-05-31T12:06:37.009574
IHL Canada,Safety,Ontario #2 Deluxe First Aid Kit 6-15 12.5 in x 4.5 in,12558,95.0,,Default Title,https://ihlcanada.com/products/wasip-ontario-2-deluxe-first-aid-kit,2026-05-31T12:06:37.009576
IHL Canada,Safety,"TRAFFIC CONE 28 Inches PVC ORANGE PYLON W/BASE, 4 Inches HI COLLAR, 7LBS",36298,18.95,,Default Title,https://ihlcanada.com/products/traffic-cone-28-inches-pvc-orange-pylon-w-base-4-inches-hi-collar-7lbs,2026-05-31T12:06:37.009579
IHL Canada,Safety,Peakworks FBH10000ASA54406 Class A 5-Point Contractor Harness and Lanyard Kit,31803,89.99,,Default Title,https://ihlcanada.com/products/peakworks-fbh10000asa54406-class-a-universal-5-point-full-body-fall-safety-harness-and-lanyard-kit,2026-05-31T12:06:37.009581
IHL Canada,Safety,FALCON FSB5 5 oz. Sonic Blast Air Horn,26418,29.95,,Default Title,https://ihlcanada.com/products/falcon-fsb5-5-oz-sonic-blast-air-horn,2026-05-31T12:06:37.009584
IHL Canada,Safety,DuraDrive Smoked Frameless CSA Z94.3 Economy Safety Glasses,27566,1.49,,Default Title,https://ihlcanada.com/products/duradrive-economy-smoked-lens-safety-glasses,2026-05-31T12:06:37.009586
IHL Canada,Safety,Wasip F4501189 4-Litre First Aid Eyewash Sterile Solution Jug,12550,49.95,,Default Title,https://ihlcanada.com/products/wasip-f4501189-4-litre-first-aid-eyewash-sterile-solution-jug,2026-05-31T12:06:37.009588
IHL Canada,Safety,Pyramex HP141 SL Series Cap Style Hard Hat with Ratchet ASNI Z89 Type 1 Class E CSA Z94 Type 1 Class E,13214,14.99,,Blue,https://ihlcanada.com/products/pyramex-hp141-sl-series-cap-style-hard-hat-with-ratchet-asni-z89-type-1-class-e-csa-z94-type-1-class-e,2026-05-31T12:06:37.009591
IHL Canada,Safety,Pyramex HP141 SL Series Cap Style Hard Hat with Ratchet ASNI Z89 Type 1 Class E CSA Z94 Type 1 Class E,13214,14.99,,Flu.Orange,https://ihlcanada.com/products/pyramex-hp141-sl-series-cap-style-hard-hat-with-ratchet-asni-z89-type-1-class-e-csa-z94-type-1-class-e,2026-05-31T12:06:37.009593
IHL Canada,Safety,Pyramex HP141 SL Series Cap Style Hard Hat with Ratchet ASNI Z89 Type 1 Class E CSA Z94 Type 1 Class E,13214,14.99,,Green,https://ihlcanada.com/products/pyramex-hp141-sl-series-cap-style-hard-hat-with-ratchet-asni-z89-type-1-class-e-csa-z94-type-1-class-e,2026-05-31T12:06:37.009596
IHL Canada,Safety,Pyramex HP141 SL Series Cap Style Hard Hat with Ratchet ASNI Z89 Type 1 Class E CSA Z94 Type 1 Class E,13214,14.99,,Grey,https://ihlcanada.com/products/pyramex-hp141-sl-series-cap-style-hard-hat-with-ratchet-asni-z89-type-1-class-e-csa-z94-type-1-class-e,2026-05-31T12:06:37.009598
IHL Canada,Safety,Pyramex HP141 SL Series Cap Style Hard Hat with Ratchet ASNI Z89 Type 1 Class E CSA Z94 Type 1 Class E,13214,14.99,,HiVisGreen,https://ihlcanada.com/products/pyramex-hp141-sl-series-cap-style-hard-hat-with-ratchet-asni-z89-type-1-class-e-csa-z94-type-1-class-e,2026-05-31T12:06:37.009601
IHL Canada,Safety,Pyramex HP141 SL Series Cap Style Hard Hat with Ratchet ASNI Z89 Type 1 Class E CSA Z94 Type 1 Class E,13214,14.99,,Orange,https://ihlcanada.com/products/pyramex-hp141-sl-series-cap-style-hard-hat-with-ratchet-asni-z89-type-1-class-e-csa-z94-type-1-class-e,2026-05-31T12:06:37.009603
IHL Canada,Safety,Pyramex HP141 SL Series Cap Style Hard Hat with Ratchet ASNI Z89 Type 1 Class E CSA Z94 Type 1 Class E,13214,14.99,,Pink,https://ihlcanada.com/products/pyramex-hp141-sl-series-cap-style-hard-hat-with-ratchet-asni-z89-type-1-class-e-csa-z94-type-1-class-e,2026-05-31T12:06:37.009605
IHL Canada,Safety,Pyramex HP141 SL Series Cap Style Hard Hat with Ratchet ASNI Z89 Type 1 Class E CSA Z94 Type 1 Class E,13214,14.99,,Red,https://ihlcanada.com/products/pyramex-hp141-sl-series-cap-style-hard-hat-with-ratchet-asni-z89-type-1-class-e-csa-z94-type-1-class-e,2026-05-31T12:06:37.009607
IHL Canada,Safety,Pyramex HP141 SL Series Cap Style Hard Hat with Ratchet ASNI Z89 Type 1 Class E CSA Z94 Type 1 Class E,13214,14.99,,White,https://ihlcanada.com/products/pyramex-hp141-sl-series-cap-style-hard-hat-with-ratchet-asni-z89-type-1-class-e-csa-z94-type-1-class-e,2026-05-31T12:06:37.009609
IHL Canada,Safety,Pyramex HP141 SL Series Cap Style Hard Hat with Ratchet ASNI Z89 Type 1 Class E CSA Z94 Type 1 Class E,13214,14.99,,Yellow,https://ihlcanada.com/products/pyramex-hp141-sl-series-cap-style-hard-hat-with-ratchet-asni-z89-type-1-class-e-csa-z94-type-1-class-e,2026-05-31T12:06:37.009612
IHL Canada,Safety,North 550030L 5500 Series Large Dual Cartridge Elastomeric Half Mask Respirator (Respirator Only),18215,21.99,,Default Title,https://ihlcanada.com/products/north-550030l-5500-series-large-dual-cartridge-elastomeric-half-mask-respirator-respirator-only,2026-05-31T12:06:37.009614
IHL Canada,Safety,Dynamic SFY701 Kilimanjaro Full Brim Style Hard Hat with Ratchet ASNI Z89 Type 1 Class E CSA Z94 Type 1 Class E,13231,21.99,,Red,https://ihlcanada.com/products/dynamic-sfy701-kilimanjaro-full-brim-style-hard-hat-with-ratchet-asni-z89-type-1-class-e-csa-z94-type-1-class-e,2026-05-31T12:06:37.009616
IHL Canada,Safety,Dynamic SFY701 Kilimanjaro Full Brim Style Hard Hat with Ratchet ASNI Z89 Type 1 Class E CSA Z94 Type 1 Class E,13231,21.99,,White,https://ihlcanada.com/products/dynamic-sfy701-kilimanjaro-full-brim-style-hard-hat-with-ratchet-asni-z89-type-1-class-e-csa-z94-type-1-class-e,2026-05-31T12:06:37.009618
IHL Canada,Safety,Dynamic SFY701 Kilimanjaro Full Brim Style Hard Hat with Ratchet ASNI Z89 Type 1 Class E CSA Z94 Type 1 Class E,13231,21.99,,Yellow,https://ihlcanada.com/products/dynamic-sfy701-kilimanjaro-full-brim-style-hard-hat-with-ratchet-asni-z89-type-1-class-e-csa-z94-type-1-class-e,2026-05-31T12:06:37.009621
IHL Canada,Safety,DuraDrive Orange Reusable Corded Triple-Flange Silicone Earplug with 25 dB NRR (10-Pairs),34611,7.95,,Default Title,https://ihlcanada.com/products/duradrive-28217-10-silicone-earplug-with-cord-e-box-10-pair-pack,2026-05-31T12:06:37.009623
IHL Canada,Safety,DuraDrive Frameless Indoor/Outdoor Safety Glasses Clear,26674,2.99,,Default Title,https://ihlcanada.com/products/duradrive-endeavor-plus-frameless-safety-glasses,2026-05-31T12:06:37.009626
IHL Canada,Safety,DuraDrive Anti-Fog Semi-Frame Safety Glasses Smoke,26702,4.59,,Default Title,https://ihlcanada.com/products/duradrive-smoke-anti-fog-lens-everlite-lightweight-safety-glasses,2026-05-31T12:06:37.009628
IHL Canada,Safety,North 7581P100L Respirator Replacement Black and Magenta Organic Combination Gas and Vapor Cartridge,27376,34.95,,Default Title,https://ihlcanada.com/products/north-7581p100l-respirator-replacement-black-and-magenta-organic-combination-gas-and-vapor-cartridges-with-p100-particulate-filter-2-pack,2026-05-31T12:06:37.009630
IHL Canada,Safety,DuraDrive Orange Reusable Uncorded Triple-Flange Silicone Earplug with 25 dB NRR (200-Pair),28215,26.99,,Default Title,https://ihlcanada.com/products/duradrive-orange-reusable-uncorded-triple-flange-silicone-earplug-with-25-db-nrr-200-pair,2026-05-31T12:06:37.009633
IHL Canada,Safety,"Peakworks CP-12010-1 3/4"" Concrete Anchor for Fall Safety",10086,186.99,,Default Title,https://ihlcanada.com/products/peakworks-cp-12010-1-3-4-in-concrete-hole-anchor-for-fall-safety,2026-05-31T12:06:37.009635
IHL Canada,Safety,Peakworks FBH-60110A Class A 5-Point PeakPro Padded Harness w/Trauma Straps,13261,179.99,,Default Title,https://ihlcanada.com/products/peakworks-fbh-60110a-class-a-universal-5-point-back-support-and-lock-buckles-peakpro-full-body-fall-safety-harness,2026-05-31T12:06:37.009637
IHL Canada,Safety,Flame-Tamer 052047 Plastic Fire Extinguisher Tag 10-Pack,34444,8.9,,Default Title,https://ihlcanada.com/products/flame-tamer-052047-plastic-fire-extinguisher-tag-10-pack,2026-05-31T12:06:37.009640
IHL Canada,Safety,GVS Elipse SPR450 P100 Nuisance Odor Filter (2-Pack),23714,24.49,,Default Title,https://ihlcanada.com/products/gvs-elipse-spr450-p100-replacement-nuisance-odor-filter-2-pack,2026-05-31T12:06:37.009642
IHL Canada,Safety,Pyramex S9910ST Capture H2X Anti-Fog Clear Lens Safety Glasses,28550,5.99,,Default Title,https://ihlcanada.com/products/pyramex-s9910st-capture-h2x-anti-fog-clear-lens-safety-glasses,2026-05-31T12:06:37.009645
IHL Canada,Safety,"Stop and Slow Paddle Traffic Sign 18""",27487,87.95,,Default Title,https://ihlcanada.com/products/traffix-devices-18018-ss-hipdg-c5-stop-and-slow-paddle-traffic-sign,2026-05-31T12:06:37.009647
IHL Canada,Safety,DuraDrive A07-28S Smoke Lens Anti-Scratch Anti-Fog Safety Glasses with Removable Foam Gasket,29077,5.99,,Default Title,https://ihlcanada.com/products/duradrive-a07-28s-safety-glasses-with-removable-foam-gasket-smoke-lens-anti-scratch-anti-fog,2026-05-31T12:06:37.009649
IHL Canada,Safety,Pyramex Black Frame Safety Glasses with Ice Orange Mirror Lens,22706,8.75,,Default Title,https://ihlcanada.com/products/pyramex-black-frame-safety-glasses-with-ice-orange-mirror-lens,2026-05-31T12:06:37.009652
IHL Canada,Safety,DuraDrive Anti-Fog Semi-Frame Safety Glasses Clear,26677,4.39,,Default Title,https://ihlcanada.com/products/duradrive-anti-fog-everlite-plus-semi-frame-safety-glasses,2026-05-31T12:06:37.009654
IHL Canada,Safety,Wasip F1504760 7/8 in. x 3 in. First Aid Heavy-Weight Fabric Strip Adhesive Bandages (100-Pack),12539,7.85,,Default Title,https://ihlcanada.com/products/wasip-f1504760-7-8-in-x-3-in-first-aid-heavy-weight-fabric-strip-adhesive-bandages-100-pack,2026-05-31T12:06:37.009657
IHL Canada,Safety,North 75SCP100 Respirator Replacement Olive and Magenta Multi-Purpose Combination Gas and Vapor Cartridge with P100 Particulate Filter (2-Pack),12521,33.99,,Default Title,https://ihlcanada.com/products/north-75scp100-respirator-replacement-olive-and-magenta-multi-purpose-combination-gas-and-vapor-cartridge-with-p100-particulate-filter-2-pack,2026-05-31T12:06:37.009659
IHL Canada,Safety,NORTH 7506N95 PARTICULATE PREFIL,12529,17.95,,Default Title,https://ihlcanada.com/products/north-7506n95-particulate-prefil,2026-05-31T12:06:37.009661
IHL Canada,Safety,Pyramex Goliath Black Frame Safety Glasses with Ice Blue Mirror Lens,12810,9.99,,Default Title,https://ihlcanada.com/products/pyramex-goliath-black-frame-safety-glasses-with-ice-blue-mirror-lens,2026-05-31T12:06:37.009664
IHL Canada,Safety,Flame-Tamer 10 lb. ABC Fire Extinguisher,12444,89.95,,Default Title,https://ihlcanada.com/products/flame-tamer-10-lb-abc-fire-extinguisher,2026-05-31T12:06:37.009666
IHL Canada,Safety,Trafic Zone COB-TC-45HIP High Intensity Prismatic White 6 in Traffic Cone with HIP Collar,35835,14.95,,Default Title,https://ihlcanada.com/products/traffic-cone-18-inches-pvc-orange-pylon-w-base-6-inches-hi-collar-3lbs,2026-05-31T12:06:37.009669
IHL Canada,Safety,DYNAMIC FAEW001 30mL Sterile Isotonic Eyewash Solution,32429,6.45,,Default Title,https://ihlcanada.com/products/dynamic-faew001-30ml-sterile-isotonic-eyewash-solution,2026-05-31T12:06:37.009671
IHL Canada,Safety,"T-Top Stacker Traffic Cone 42"" w/Hi Band",34794,25.0,,Default Title,https://ihlcanada.com/products/copy-of-traffix-devices-42133-chip-42-in-stackable-white-reflective-grabber-traffic-delineator-cone,2026-05-31T12:06:37.009674
IHL Canada,Safety,DuraDrive High Impact Safety Glasses Smoke Lens,26673,2.19,,Default Title,https://ihlcanada.com/products/duradrive-smoke-lens-neshoba-safety-glasses,2026-05-31T12:06:37.009676
IHL Canada,Safety,DuraDrive Frameless CSA Z94.3 Indoor/Outdoor Economy Safety Glasses,27569,1.99,,Default Title,https://ihlcanada.com/products/duradrive-economy-indoor-outdoor-lens-safety-glasses,2026-05-31T12:06:37.009679
IHL Canada,Safety,DuraDrive Frameless Indoor/Outdoor Safety Glasses Smoke,26675,3.19,,Default Title,https://ihlcanada.com/products/duradrive-smoked-lens-endeavor-wraparound-frameless-safety-glasses,2026-05-31T12:06:37.009681
IHL Canada,Safety,DuraDrive A07-25S Smoke Lens Military Camo Colour Frame Anti-Scratch Nemesis Safety Glasses,29074,9.99,,Default Title,https://ihlcanada.com/products/duradrive-military-camo-color-frame-nemsis-safety-glass,2026-05-31T12:06:37.009684
IHL Canada,Safety,Pyramex Black Frame Safety Glasses with Gray Lens,22707,6.99,,Default Title,https://ihlcanada.com/products/pyramex-black-frame-safety-glasses-with-gray-lens,2026-05-31T12:06:37.009686
IHL Canada,Safety,Pyramex Gray Cap Mounted Earmuffs,22702,21.6,,Default Title,https://ihlcanada.com/products/pyramex-gray-cap-mounted-muff,2026-05-31T12:06:37.009688
IHL Canada,Safety,DuraDrive A04-01G Anti-Fog Anti-Scratch Smoke Polycarbonate Safety Goggle,29082,9.99,,Default Title,https://ihlcanada.com/products/duradrive-a04-01g-safety-goggle-foam-gasket-smoke-lens-anti-scratch-antifog,2026-05-31T12:06:37.009691
IHL Canada,Safety,DuraDrive Anti-Fog Semi-Frame Safety Glasses Mirror,26678,4.69,,Default Title,https://ihlcanada.com/products/duradrive-anti-fog-indoor-outdoor-lens-everlite-plus-semi-frame-safety-glasses,2026-05-31T12:06:37.009694
IHL Canada,Safety,Pyramex VGPME10 Clandestine Electronic Earmuffs,23793,54.99,,Default Title,https://ihlcanada.com/products/pyramex-vgpme10-clandestine-electronic-earmuffs,2026-05-31T12:06:37.009696
IHL Canada,Safety,North 7580P100 Respirator Replacement Magenta P100 Particulate Filter (2-Pack),12519,14.95,,Default Title,https://ihlcanada.com/products/north-7580p100-respirator-replacement-magenta-p100-particulate-filter-2-pack,2026-05-31T12:06:37.009698
IHL Canada,Safety,North 54001 Medium/Large Dual Cartridge Elastomeric Full Facepiece Mask Respirator (Respirator-Only),14280,179.95,,Default Title,https://ihlcanada.com/products/north-54001-medium-large-dual-cartridge-elastomeric-full-facepiece-mask-respirator-respirator-only,2026-05-31T12:06:37.009701
IHL Canada,Safety,North 760008A 7600 Series Medium/Large Dual Cartridge Premium Silicone High Impact Protection Full Facepiece Respirator (Respirator Only),14279,289.95,,Default Title,https://ihlcanada.com/products/north-760008a-7600-series-medium-large-dual-cartridge-premium-silicone-high-impact-protection-full-facepiece-respirator-respirator-only,2026-05-31T12:06:37.009703
IHL Canada,Safety,Flame-Tamer 5 lb. ABC Fire Extinguisher,12447,54.95,,Default Title,https://ihlcanada.com/products/flame-tamer-5-lb-abc-fire-extinguisher,2026-05-31T12:06:37.009705
IHL Canada,Safety,Traffic Rubber Cone Base Only 16lb,34795,21.95,,Default Title,https://ihlcanada.com/products/copy-of-t-top-stacker-traffic-cone-42-w-hi-band,2026-05-31T12:06:37.009708
IHL Canada,Safety,ISO-PYRAMID IMPACT & VIBRATION ISOLATION PAD 25MM THICK 1m x 1m SHEET 10.76 sq.ft,36644,82.95,,Default Title,https://ihlcanada.com/products/iso-pyramid-impact-vibration-isolation-pad-25mm-thick-1m-x-1m-sheet-10-76-sq-ft,2026-05-31T12:06:37.009710
IHL Canada,Safety,Peakworks SA-5402-6 6' E4 Single Shock Absorbing Lanyard with Form and Snap Hooks,31800,93.49,,Default Title,https://ihlcanada.com/products/peakworks-sa-5402-6-6-ft-e4-shock-absorbing-single-leg-fall-safety-lanyard-with-snap-and-form-hooks,2026-05-31T12:06:37.009713
IHL Canada,Safety,STIHL 7002 200 0054 WoodCutter Safety Kit,22561,129.0,,Default Title,https://ihlcanada.com/products/stihl-7002-200-0054-woodcutter-safety-kit,2026-05-31T12:06:37.009715
IHL Canada,Safety,Dynamic Safety EP1015P/40 Clear Replacement Polyethylene Face Shield Accessory (Shield Only),22234,10.95,,Default Title,https://ihlcanada.com/products/dynamic-safety-ep1015p-40-clear-replacement-polyethylene-face-shield-accessory-shield-only,2026-05-31T12:06:37.009718
IHL Canada,Safety,Pyramex GB10010TM Torser H2MAX Anti-Fog Clear Lens Safety Glasses,28552,12.95,,Default Title,https://ihlcanada.com/products/pyramex-gb10010tm-torser-h2max-anti-fog-clear-lens-safety-glasses,2026-05-31T12:06:37.009720
IHL Canada,Safety,Peakworks SA-6402-6 6' E6 Single Shock Absorbing Lanyard with Form and Snap Hook,27618,125.99,,Default Title,https://ihlcanada.com/products/peakworks-sa-7402-6-6-ft-e6-shock-absorbing-single-leg-fall-safety-lanyard-with-snap-and-form-hooks,2026-05-31T12:06:37.009722
IHL Canada,Safety,Pyramex Proximity H2X Safety Glasses with Anti-Fog Dark Gray Lens,22705,7.99,,Default Title,https://ihlcanada.com/products/pyramex-proximity-h2x-safety-glasses-with-anti-fog-dark-gray-lens,2026-05-31T12:06:37.009725
IHL Canada,Safety,Peakworks CP-03015-1 Twist Lock Carabiner for Fall Protection,13895,22.09,,Default Title,https://ihlcanada.com/products/peakworks-cp-03015-1-carabiner-twist-lock-for-fall-safety,2026-05-31T12:06:37.009727
IHL Canada,Safety,Wasip F2024701 1 in. x 5 Yds First Aid Medical Spooled Waterproof Adhesive Tape,12537,2.87,,Default Title,https://ihlcanada.com/products/wasip-f2024701-1-in-x-5-yds-first-aid-medical-spooled-waterproof-adhesive-tape,2026-05-31T12:06:37.009730
IHL Canada,Safety,Wasip F2520761 70% Isopropyl Alcohol Swab (200-Pack),12538,6.65,,Default Title,https://ihlcanada.com/products/wasip-f2520761-70-isopropyl-alcohol-swab-200-pack,2026-05-31T12:06:37.009732
IHL Canada,Safety,Wasip F5403101 118mL Cool Blaze Aloe Vera Burn Gel,18141,6.79,,Default Title,https://ihlcanada.com/products/wasip-f5403101-118ml-cool-blaze-aloe-vera-burn-gel,2026-05-31T12:06:37.009735
IHL Canada,Safety,Wasip F6525100 First Aid Red Whistle with Lanyard,17936,2.99,,Default Title,https://ihlcanada.com/products/wasip-f6525100-first-aid-red-whistle-with-lanyard,2026-05-31T12:06:37.009737
IHL Canada,Safety,Wasip F3001125 25g First Aid Cetrimide Anti-Septic and Burn Cream,12547,2.95,,Default Title,https://ihlcanada.com/products/wasip-f3001125-25g-first-aid-cetrimide-anti-septic-and-burn-cream,2026-05-31T12:06:37.009739
IHL Canada,Safety,"Peakworks WB-6020-M Padded Positioning Belt, Medium",10332,95.0,,Default Title,https://ihlcanada.com/products/peakworks-wb-6020-m-medium-padded-fall-safety-lumbar-support-positioning-safety-work-belt,2026-05-31T12:06:37.009742
IHL Canada,Safety,Peakworks VL-1122-100 100' Polysteel Vertical Lifeline W/Double Snap Hooks,14194,169.96,,Default Title,https://ihlcanada.com/products/copy-of-peakworks-vl-1122-30-30-ft-double-snap-hooks-vertical-fall-safety-lifeline-polysteel-rope-1,2026-05-31T12:06:37.009744
IHL Canada,Safety,Wasip F4002200 Rapid Relief Cold 31259 First Aid Instant Cold Ice Pack,11594,2.25,,Default Title,https://ihlcanada.com/products/wasip-f4002200-rapid-relief-cold-31259-first-aid-instant-cold-ice-pack,2026-05-31T12:06:37.009746
IHL Canada,Safety,Pyramex I-Force Dual Pane Safety Glasses with Clear Anti-Fog Lens,12811,28.49,,Default Title,https://ihlcanada.com/products/pyramex-i-force-dual-pane-safety-glasses-with-clear-anti-fog-lens,2026-05-31T12:06:37.009749
IHL Canada,Safety,Dynamic HP241R Whistler Series Cap Style Hard Hat with Ratchet ASNI Z89 Type 1 Class E CSA Z94 Type 1 Class E,13222,15.99,,Black,https://ihlcanada.com/products/dynamic-hp241r-whistler-series-cap-style-hard-hat-with-ratchet-asni-z89-type-1-class-e-csa-z94-type-1-class-e,2026-05-31T12:06:37.009751
IHL Canada,Safety,Dynamic HP241R Whistler Series Cap Style Hard Hat with Ratchet ASNI Z89 Type 1 Class E CSA Z94 Type 1 Class E,13222,15.99,,DarkGreen,https://ihlcanada.com/products/dynamic-hp241r-whistler-series-cap-style-hard-hat-with-ratchet-asni-z89-type-1-class-e-csa-z94-type-1-class-e,2026-05-31T12:06:37.009753
IHL Canada,Safety,Dynamic HP241R Whistler Series Cap Style Hard Hat with Ratchet ASNI Z89 Type 1 Class E CSA Z94 Type 1 Class E,13222,15.99,,Flu.Yellow,https://ihlcanada.com/products/dynamic-hp241r-whistler-series-cap-style-hard-hat-with-ratchet-asni-z89-type-1-class-e-csa-z94-type-1-class-e,2026-05-31T12:06:37.009756
IHL Canada,Safety,Dynamic HP241R Whistler Series Cap Style Hard Hat with Ratchet ASNI Z89 Type 1 Class E CSA Z94 Type 1 Class E,13222,15.99,,Gold,https://ihlcanada.com/products/dynamic-hp241r-whistler-series-cap-style-hard-hat-with-ratchet-asni-z89-type-1-class-e-csa-z94-type-1-class-e,2026-05-31T12:06:37.009758
IHL Canada,Safety,Dynamic HP241R Whistler Series Cap Style Hard Hat with Ratchet ASNI Z89 Type 1 Class E CSA Z94 Type 1 Class E,13222,15.99,,Grey,https://ihlcanada.com/products/dynamic-hp241r-whistler-series-cap-style-hard-hat-with-ratchet-asni-z89-type-1-class-e-csa-z94-type-1-class-e,2026-05-31T12:06:37.009760
IHL Canada,Safety,Dynamic HP241R Whistler Series Cap Style Hard Hat with Ratchet ASNI Z89 Type 1 Class E CSA Z94 Type 1 Class E,13222,15.99,,Navy,https://ihlcanada.com/products/dynamic-hp241r-whistler-series-cap-style-hard-hat-with-ratchet-asni-z89-type-1-class-e-csa-z94-type-1-class-e,2026-05-31T12:06:37.009762
IHL Canada,Safety,Dynamic HP241R Whistler Series Cap Style Hard Hat with Ratchet ASNI Z89 Type 1 Class E CSA Z94 Type 1 Class E,13222,15.99,,Orange,https://ihlcanada.com/products/dynamic-hp241r-whistler-series-cap-style-hard-hat-with-ratchet-asni-z89-type-1-class-e-csa-z94-type-1-class-e,2026-05-31T12:06:37.009765
IHL Canada,Safety,Dynamic HP241R Whistler Series Cap Style Hard Hat with Ratchet ASNI Z89 Type 1 Class E CSA Z94 Type 1 Class E,13222,15.99,,Red,https://ihlcanada.com/products/dynamic-hp241r-whistler-series-cap-style-hard-hat-with-ratchet-asni-z89-type-1-class-e-csa-z94-type-1-class-e,2026-05-31T12:06:37.009767
IHL Canada,Safety,Dynamic HP241R Whistler Series Cap Style Hard Hat with Ratchet ASNI Z89 Type 1 Class E CSA Z94 Type 1 Class E,13222,15.99,,SkyBlue,https://ihlcanada.com/products/dynamic-hp241r-whistler-series-cap-style-hard-hat-with-ratchet-asni-z89-type-1-class-e-csa-z94-type-1-class-e,2026-05-31T12:06:37.009769
IHL Canada,Safety,Dynamic HP241R Whistler Series Cap Style Hard Hat with Ratchet ASNI Z89 Type 1 Class E CSA Z94 Type 1 Class E,13222,15.99,,White,https://ihlcanada.com/products/dynamic-hp241r-whistler-series-cap-style-hard-hat-with-ratchet-asni-z89-type-1-class-e-csa-z94-type-1-class-e,2026-05-31T12:06:37.009771
IHL Canada,Safety,Dynamic HP241R Whistler Series Cap Style Hard Hat with Ratchet ASNI Z89 Type 1 Class E CSA Z94 Type 1 Class E,13222,15.99,,Yellow,https://ihlcanada.com/products/dynamic-hp241r-whistler-series-cap-style-hard-hat-with-ratchet-asni-z89-type-1-class-e-csa-z94-type-1-class-e,2026-05-31T12:06:37.009774
IHL Canada,Safety,Peakworks FBH-10020A Class A 5-Point Contractor Harness w/Grommet Leg,13259,64.59,,Default Title,https://ihlcanada.com/products/peakworks-fbh-10020a-class-a-universal-5-point-fall-safety-harness-with-grommet-leg-straps,2026-05-31T12:06:37.009776
IHL Canada,Safety,North N75001 Respirator Replacement Black Organic Vapor Cartridge (2-Pack),12520,17.99,,Default Title,https://ihlcanada.com/products/north-n75001-respirator-replacement-black-organic-vapor-cartridge-2-pack,2026-05-31T12:06:37.009779
IHL Canada,Safety,Peakworks FBH-10000B Class AP 5-Point Contractor Harness with Positioning Rings,13257,85.99,,Default Title,https://ihlcanada.com/products/peakworks-fbh-10000b-class-ap-universal-5-point-harness-with-quick-connect-leg-straps-and-side-d-rings,2026-05-31T12:06:37.009781
IHL Canada,Safety,Peakworks VL-1122-50 50' Polysteel Vertical Lifeline W/Double Snap Hooks,14196,125.79,,Default Title,https://ihlcanada.com/products/copy-of-peakworks-vl-1122-30-30-ft-double-snap-hooks-vertical-fall-safety-lifeline-polysteel-rope,2026-05-31T12:06:37.009783
IHL Canada,Safety,DYNAMIC EPB201 Aluminum Cap Style Hard Hat Adapter,30386,10.49,,Default Title,https://ihlcanada.com/products/dynamic-epb201-aluminum-cap-style-hard-hat-adapter,2026-05-31T12:06:37.009786
IHL Canada,Safety,"Fire Extinguisher 075022 Vinyl Stickers 4"" by 12"" 5-Pack",34445,15.95,,Default Title,https://ihlcanada.com/products/fire-extinguisher-075022-vinyl-stickers-4-by-12-5-pack,2026-05-31T12:06:37.009788
IHL Canada,Safety,"WASIP MCF2505160 RUBBING ALCOHOL SPRAY 70%, 100ml",36617,5.49,,Default Title,https://ihlcanada.com/products/wasip-mcf2505160-rubbing-alcohol-spray-70-100ml,2026-05-31T12:06:37.009791
IHL Canada,Safety,Ergodyne Squids 19003 10 lb 1 Legs Carabiner Standard Tool Lanyard with Carabiner and Cinch Loop,35637,18.99,,Default Title,https://ihlcanada.com/products/ergodyne-squids-19003-3100-tool-lanyard-bungee-carbiner-loop,2026-05-31T12:06:37.009793
IHL Canada,Safety,Pyramex LCT100 Pre-Moistened Lens & Glass Cleaning Wipe Towelettes (100-Pack),29194,10.99,,Default Title,https://ihlcanada.com/products/pyramex-lct100-pre-moistened-lens-glass-cleaning-wipe-towelettes-100-pack,2026-05-31T12:06:37.009796
IHL Canada,Safety,Wasip F4592505 First Aid Plastic Eye Wash Cup (5-Pack),23828,3.29,,Default Title,https://ihlcanada.com/products/wasip-f4592505-first-aid-plastic-eye-wash-cup-5-pack,2026-05-31T12:06:37.009798
IHL Canada,Safety,Peakworks SA-84022-6 6' E6 Twin Leg Shock Absorbing Lanyard with Double Form Hooks,27620,144.49,,Default Title,https://ihlcanada.com/products/peakworks-sa-84022-6-6-ft-e6-shock-absorbing-twin-leg-fall-safety-lanyard-with-snap-and-form-hooks,2026-05-31T12:06:37.009800
IHL Canada,Safety,North 770030S 7700 Series Small Dual Cartridge Silicone Half Mask Respirator (Respirator Only),27986,41.95,,Default Title,https://ihlcanada.com/products/north-770030s-7700-series-small-dual-cartridge-silicone-half-mask-respirator-respirator-only,2026-05-31T12:06:37.009803
IHL Canada,Safety,DuraDrive A04-01A Anti-Fog Anti-Scratch Amber Polycarbonate Safety Goggle,29081,9.99,,Default Title,https://ihlcanada.com/products/duradrive-a04-01a-safety-goggle-foam-gasket-low-light-amber-lens-anti-scratch-antifog,2026-05-31T12:06:37.009805
IHL Canada,Safety,Fire Extinguisher Wall Mount Bracket,28663,4.19,,Default Title,https://ihlcanada.com/products/fire-extinguisher-wall-mount-bracket,2026-05-31T12:06:37.009807
IHL Canada,Safety,Pyramex HHAA Aluminum Cap Style Hard Hat Face Shield Accessory Adapter,23794,15.89,,Default Title,https://ihlcanada.com/products/pyramex-hhaa-aluminum-cap-style-hard-hat-face-shield-accessory-adapter,2026-05-31T12:06:37.009810
IHL Canada,Safety,DuraDrive A07-25C Clear Lens Military Camo Colour Frame Anti-Scratch Nemesis Safety Glasses,29075,9.99,,Default Title,https://ihlcanada.com/products/duradrive-a07-25c-nemsis-safety-glasses-clear-lens-military-camo-color-frame-anti-scratch,2026-05-31T12:06:37.009812
IHL Canada,Safety,DuraDrive Low Light Amber Frameless CSA Z94.3 Economy Safety Glasses,27568,1.49,,Default Title,https://ihlcanada.com/products/duradrive-economy-amber-lens-safety-glasses,2026-05-31T12:06:37.009814
IHL Canada,Safety,Wasip 610300 17 in. Safety Orange Reflective Roadside Triangle Traffic Flare Set (3-Pack),17450,34.95,,Default Title,https://ihlcanada.com/products/wasip-610300-17-in-safety-orange-reflective-roadside-triangle-traffic-flare-set-3-pack,2026-05-31T12:06:37.009817
IHL Canada,Safety,Wasip F1004212 4 in. x 5 yds. First Aid Sterile Gauze Bandage Roll (12-Pack),12554,9.07,,Default Title,https://ihlcanada.com/products/wasip-f1004212-4-in-x-5-yds-first-aid-sterile-gauze-bandage-roll-12-pack,2026-05-31T12:06:37.009819
IHL Canada,Safety,"Peakworks WB-6020-XL Padded Positioning Belt, X-Large",10334,95.0,,Default Title,https://ihlcanada.com/products/peakworks-wb-6020-xl-x-large-padded-fall-safety-lumbar-support-positioning-safety-work-belt,2026-05-31T12:06:37.009822
IHL Canada,Safety,Wasip F1001212 1 in. x 5 yds. First Aid Sterile Gauze Bandage Roll (12-Pack),12552,2.95,,Default Title,https://ihlcanada.com/products/wasip-f1001212-1-in-x-5-yds-first-aid-sterile-gauze-bandage-roll-12-pack,2026-05-31T12:06:37.009824
IHL Canada,Safety,Wasip F6051401/F6055701 Orange Double Fold Aluminum Pole Stretcher with Nylon Support Bed,12570,179.59,,Default Title,https://ihlcanada.com/products/wasip-f6051401-f6055701-orange-double-fold-aluminum-pole-stretcher-with-nylon-support-bed,2026-05-31T12:06:37.009826
IHL Canada,Safety,Peakworks VL-1122-30 30' Polysteel Vertical Lifeline W/Double Snap Hooks,14195,69.69,,Default Title,https://ihlcanada.com/products/peakworks-double-snap-hooks-vertical-fall-safety-lifeline,2026-05-31T12:06:37.009829
IHL Canada,Safety,Wasip F1103512 4 in. x 4 in. First Aid Compress Bandage,12546,1.49,,Default Title,https://ihlcanada.com/products/wasip-f1103512-4-in-x-4-in-first-aid-compress-bandage,2026-05-31T12:06:37.009831
IHL Canada,Safety,Wasip F1031760 3 in. x 3 in. First Aid Sterile Gauze Pads (100-Pack),12555,15.95,,Default Title,https://ihlcanada.com/products/wasip-f1031760-3-in-x-3-in-first-aid-sterile-gauze-pads-100-pack,2026-05-31T12:06:37.009834
IHL Canada,Safety,Wasip F1513760 1-3/4 in. x 2 in. First Aid Heavy Weight Fingertip Adhesive Bandages (100-Pack),12540,12.95,,Default Title,https://ihlcanada.com/products/wasip-f1513760-1-3-4-in-x-2-in-first-aid-heavy-weight-fingertip-adhesive-bandages-100-pack,2026-05-31T12:06:37.009836
IHL Canada,Safety,Wasip F3553512 First Aid Assorted Sizes Safety Bandage Pins (12-Pack),12561,0.95,,Default Title,https://ihlcanada.com/products/wasip-f3553512-first-aid-assorted-sizes-safety-bandage-pins-12-pack,2026-05-31T12:06:37.009838
IHL Canada,Safety,Flame-Tamer 20 lb. ABC Fire Extinguisher,12445,149.95,,Default Title,https://ihlcanada.com/products/flame-tamer-20-lb-abc-fire-extinguisher,2026-05-31T12:06:37.009841
IHL Canada,Safety,Wasip F1122412 4 in. x 4.5 m. First Aid Tensor Elastic Support Bandage,12572,2.1,,Default Title,https://ihlcanada.com/products/wasip-f1122412-4-in-x-4-5-m-first-aid-tensor-elastic-support-bandage,2026-05-31T12:06:37.009843
IHL Canada,Safety,"Peakworks FBH10000A1020-M Class AP Contractor Harness and Positioning Belt, Medium",13263,149.99,,Default Title,https://ihlcanada.com/products/peakworks-fbh10000a1020-m-class-ap-size-medium-full-body-fall-safety-harness-and-waist-belt-combo,2026-05-31T12:06:37.009846
IHL Canada,Safety,North 770030M 7700 Series Medium Dual Cartridge Silicone Half Mask Respirator (Respirator Only),14282,41.95,,Default Title,https://ihlcanada.com/products/north-770030m-7700-series-medium-dual-cartridge-silicone-half-mask-respirator-respirator-only,2026-05-31T12:06:37.009848
IHL Canada,Safety,Wasip F6503401 72 in. x 41 in. First Aid Non-Woven Blanket,12542,9.95,,Default Title,https://ihlcanada.com/products/wasip-f6503401-72-in-x-41-in-first-aid-non-woven-blanket,2026-05-31T12:06:37.009850
IHL Canada,Safety,Flame-Tamer 2.5 lb. ABC Fire Extinguisher,12446,45.95,,Default Title,https://ihlcanada.com/products/flame-tamer-2-5-lb-abc-fire-extinguisher,2026-05-31T12:06:37.009853
IHL Canada,Safety,DuraDrive Men's Hi-Vis Cooling Mesh Short Sleeve Safety T-Shirt,30944,11.99,,2XL,https://ihlcanada.com/products/duradrive-mens-hi-vis-v-neck-cooling-safety-short-sleeve-t-shirt,2026-05-31T12:06:37.009855
IHL Canada,Safety,DuraDrive Men's Hi-Vis Cooling Mesh Short Sleeve Safety T-Shirt,30944,11.99,,3XL,https://ihlcanada.com/products/duradrive-mens-hi-vis-v-neck-cooling-safety-short-sleeve-t-shirt,2026-05-31T12:06:37.009858
IHL Canada,Safety,DuraDrive Men's Hi-Vis Cooling Mesh Short Sleeve Safety T-Shirt,30944,11.99,,L,https://ihlcanada.com/products/duradrive-mens-hi-vis-v-neck-cooling-safety-short-sleeve-t-shirt,2026-05-31T12:06:37.009860
IHL Canada,Safety,DuraDrive Men's Hi-Vis Cooling Mesh Short Sleeve Safety T-Shirt,30944,11.99,,M,https://ihlcanada.com/products/duradrive-mens-hi-vis-v-neck-cooling-safety-short-sleeve-t-shirt,2026-05-31T12:06:37.009862
IHL Canada,Safety,DuraDrive Men's Hi-Vis Cooling Mesh Short Sleeve Safety T-Shirt,30944,11.99,,S,https://ihlcanada.com/products/duradrive-mens-hi-vis-v-neck-cooling-safety-short-sleeve-t-shirt,2026-05-31T12:06:37.009864
IHL Canada,Safety,DuraDrive Men's Hi-Vis Cooling Mesh Short Sleeve Safety T-Shirt,30944,11.99,,XL,https://ihlcanada.com/products/duradrive-mens-hi-vis-v-neck-cooling-safety-short-sleeve-t-shirt,2026-05-31T12:06:37.009866
IHL Canada,Safety,Pyramex S1020 Replacement Clear Polyethylene Face Shield (Shield Only),30351,7.99,,Default Title,https://ihlcanada.com/products/pyramex-replacement-clear-polyethylene-face-shield-shield-only,2026-05-31T12:06:37.009869
IHL Canada,Safety,Peakworks SA-640000-6 6' Twin Leg Shock Shock Absorbing Lanyard with Snap Hooks,34327,101.99,,Default Title,https://ihlcanada.com/products/peakworks-v8104906-sa-640000-6-shock-absorbing-lanyard,2026-05-31T12:06:37.009871
IHL Canada,Safety,Titan Stainless Steel Rescue Litter Basket,30134,2125.0,,Default Title,https://ihlcanada.com/products/titan-tapered-ss-w-stratl-bask-stret-ferno-rescue-basket,2026-05-31T12:06:37.009873
IHL Canada,Safety,"Titan 12mm 3,600 Lbs. Stainless Steel Twist Lock Carabiner for Rescue Basket",30137,69.95,,Default Title,https://ihlcanada.com/products/12mm-offset-d-steel-carabiner-screwgate-nfpa-gold-ferno-rescue-basket,2026-05-31T12:06:37.009876
IHL Canada,Safety,Peakworks SA-54022-6 6' E6 Twin Leg Shock Absorbing Lanyard with Form and Snap Hooks,31802,141.09,,Default Title,https://ihlcanada.com/products/peakworks-sa-54022-6-6-ft-shock-absorbing-twin-leg-fall-safety-lanyard-with-snap-and-form-hooks,2026-05-31T12:06:37.009878
IHL Canada,Safety,Traverse Adjustable Hard Eye Litter Bridle for Rescue Basket,30136,785.0,,Default Title,https://ihlcanada.com/products/ferno-hard-eye-litter-bridle-rescue-basket,2026-05-31T12:06:37.009881
IHL Canada,Safety,Peakworks RA-100 2' Rebar Chain Assembly with Form & Snap Hooks,30199,127.46,,Default Title,https://ihlcanada.com/products/peakworks-ra-100-fall-arrest-rebar-chain-assembly-lanyard-with-form-snap-hooks,2026-05-31T12:06:37.009883
IHL Canada,Safety,Peakworks SA-54000-6 6' E4 Twin Leg Shock Absorbing Lanyard with Snap Hooks,31801,93.49,,Default Title,https://ihlcanada.com/products/peakworks-sa-54000-6-6-ft-e4-shock-absorbing-twin-leg-fall-safety-lanyard-with-snap-hooks,2026-05-31T12:06:37.009885
IHL Canada,Safety,DuraDrive Orange Reusable Corded Triple-Flange Silicone Earplug with 25 dB NRR (1-Pair),34610,1.25,,Default Title,https://ihlcanada.com/products/duradrive-28217-ea-silicone-earplug-with-cord-e-box-1-pair,2026-05-31T12:06:37.009887
IHL Canada,Safety,Peakworks SA-6400-6 6' E6 Twin Leg Shock Absorbing Lanyard with Snap Hooks,31626,111.99,,Default Title,https://ihlcanada.com/products/peakworks-sa-6400-6-e6-shock-absorbing-lanyard-sp,2026-05-31T12:06:37.009890
IHL Canada,Safety,DuraDrive High Impact Safety Glasses Amber Lens,26672,2.19,,Default Title,https://ihlcanada.com/products/duradrive-low-light-amber-lens-neshoba-frameless-safety-glasses,2026-05-31T12:06:37.009892
IHL Canada,Safety,Pyramex SB7950SF 5.0IR Black Frame Emerge Torch Glasses,28172,16.49,,Default Title,https://ihlcanada.com/products/pyramex-sb7950sf-5-0ir-black-frame-emerge-torch-glasses,2026-05-31T12:06:37.009894
IHL Canada,Safety,Peakworks FBH-10000A Class A 5-Point Contractor Harness,26700,59.49,,Default Title,https://ihlcanada.com/products/peakworks-fbh-10000a-1d-class-a-full-body-5-point-harness,2026-05-31T12:06:37.009896
IHL Canada,Safety,Edge DZ411VS-G2 Zorge G2 Vapor Shield Safety Glasses with Anti-Fog Clear Lens,21690,21.99,,Default Title,https://ihlcanada.com/products/edge-dz411vs-g2-zorge-g2-vapor-shield-safety-glasses-with-anti-fog-clear-lens,2026-05-31T12:06:37.009899
IHL Canada,Safety,Edge DZ412VS-G2 Zorge G2 Vapor Shield Safety Glasses with Anti-Fog Yellow Lens,21691,21.99,,Default Title,https://ihlcanada.com/products/edge-dz412vs-g2-zorge-g2-vapor-shield-safety-glasses-with-anti-fog-yellow-lens,2026-05-31T12:06:37.009901
IHL Canada,Safety,DuraDrive Low Light Amber Frameless CSA Z94.3 Sport Shaped Safety Glasses,27564,1.99,,Default Title,https://ihlcanada.com/products/duradrive-amber-lens-safety-glasses,2026-05-31T12:06:37.009903
IHL Canada,Safety,Peakworks CP-23300-1 Fall Protection Trauma Straps (2-Pack),22376,36.95,,Default Title,https://ihlcanada.com/products/peakworks-cp-23300-1-trauma-strap-for-fall-safety,2026-05-31T12:06:37.009906
IHL Canada,Safety,Pyramex HHABCMS SL Cap Style Hard Hat Adapter,22700,5.99,,Default Title,https://ihlcanada.com/products/pyramex-hhabcms-sl-cap-style-hard-hat-adapter,2026-05-31T12:06:37.009908
IHL Canada,Safety,Pyramex Integra Safety Glasses with Clear Lens,12809,2.95,,Default Title,https://ihlcanada.com/products/pyramex-integra-safety-glasses-with-clear-lens,2026-05-31T12:06:37.009911
IHL Canada,Safety,Wasip F2502163 236mL Hydrogen Peroxide,12556,3.22,,Default Title,https://ihlcanada.com/products/wasip-f2502162-250ml-hydrogen-peroxide,2026-05-31T12:06:37.009913
IHL Canada,Safety,Wasip F1201560 3 in. First Aid Absorbent Cotton-Tipped Applicators (100-Pack),12560,1.49,,Default Title,https://ihlcanada.com/products/wasip-f1201560-3-in-first-aid-absorbent-cotton-tipped-applicators-100-pack,2026-05-31T12:06:37.009916
IHL Canada,Safety,Wasip F1510760 1-1/2 in. x 3 in. First Aid Heavy-Weight Fabric Knuckle Adhesive Bandages (100-Pack),12541,14.95,,Default Title,https://ihlcanada.com/products/wasip-f1510760-1-1-2-in-x-3-in-first-aid-heavy-weight-fabric-knuckle-adhesive-bandages-100-pack,2026-05-31T12:06:37.009918
IHL Canada,Safety,Peakworks FBHD-10000A Class A 5-Point Contractor DuraHarness,13256,63.99,,Default Title,https://ihlcanada.com/products/peakworks-fbh-10000a-class-a-universal-5-point-full-body-fall-safety-harness-with-grommet-leg-straps,2026-05-31T12:06:37.009920
IHL Canada,Safety,Wasip F1213801 5 in. x 9 in. First Aid Breathable Splint Padding,12565,1.49,,Default Title,https://ihlcanada.com/products/wasip-f1213801-5-in-x-9-in-first-aid-breathable-splint-padding,2026-05-31T12:06:37.009923
IHL Canada,Safety,"Peakworks WB-6020-S Padded Positioning Belt, Small",10333,95.0,,Default Title,https://ihlcanada.com/products/peakworks-wb-6020-s-small-padded-fall-safety-lumbar-support-positioning-safety-work-belt,2026-05-31T12:06:37.009925
IHL Canada,Safety,North 770030L 7700 Series Large Dual Cartridge Silicone Half Mask Respirator (Respirator Only),14281,41.95,,Default Title,https://ihlcanada.com/products/north-770030l-7700-series-large-dual-cartridge-silicone-half-mask-respirator-respirator-only,2026-05-31T12:06:37.009927
IHL Canada,Safety,Peakworks FBH-10002A Class A 3-Point Compliance Harness,13258,42.49,,Default Title,https://ihlcanada.com/products/peakworks-fbh-10002a-class-a-3-point-full-body-compliance-fall-safety-harness-with-grommet-leg-straps,2026-05-31T12:06:37.009930
IHL Canada,Safety,Wasip F1002212 2 in. x 5 yds. First Aid Sterile Gauze Bandage Roll (12-Pack),12553,4.65,,Default Title,https://ihlcanada.com/products/wasip-f1002212-2-in-x-5-yds-first-aid-sterile-gauze-bandage-roll-12-pack,2026-05-31T12:06:37.009932
IHL Canada,Safety,Wasip F1120412 2 in. x 4.5 m. First Aid Tensor Elastic Support Bandage,12571,2.95,,Default Title,https://ihlcanada.com/products/wasip-f1120412-2-in-x-4-5-m-first-aid-tensor-elastic-support-bandage,2026-05-31T12:06:37.009934
IHL Canada,Safety,GREEN SOAP 250mL First Aid 15% Anti-Septic Liquid Soap,16847,5.95,,Default Title,https://ihlcanada.com/products/green-soap-250ml-first-aid-15-anti-septic-liquid-soap,2026-05-31T12:06:37.009936
IHL Canada,Safety,Wasip F2501162 250mL 70% Isopropyl Rubbing Alcohol,10077,5.49,,Default Title,https://ihlcanada.com/products/wasip-f2501162-250ml-70-isopropyl-rubbing-alcohol,2026-05-31T12:06:37.009939
IHL Canada,Safety,"Peakworks WB-6020-L Padded Positioning Belt, Large",10331,95.0,,Default Title,https://ihlcanada.com/products/peakworks-wb-6020-l-large-padded-fall-safety-lumbar-support-positioning-safety-work-belt,2026-05-31T12:06:37.009941
IHL Canada,Safety,Pyramex Chemical Splash Goggle with Anti-Fog Clear Lens,12795,10.49,,Default Title,https://ihlcanada.com/products/pyramex-chemical-splash-goggle-with-anti-fog-clear-lens,2026-05-31T12:06:37.009943
IHL Canada,Safety,"Peakworks FBH10000A1020-L Class AP Contractor Harness and Positioning Belt, Large",13262,149.99,,Default Title,https://ihlcanada.com/products/peakworks-fbh10000a1020-l-class-ap-size-large-full-body-fall-safety-harness-and-waist-belt-combo,2026-05-31T12:06:37.009987
IHL Canada,Safety,Pyramex SB1830S Venture ll Black Frame Safety Glasses with Amber Lens,12807,6.49,,Default Title,https://ihlcanada.com/products/pyramex-sb1830s-venture-ll-black-frame-safety-glasses-with-amber-lens,2026-05-31T12:06:37.009990
IHL Canada,Safety,18 in. x 18 in. Orange Vinyl Mesh Traffic Safety Flag,17444,4.95,,Default Title,https://ihlcanada.com/products/18-in-x-18-in-orange-vinyl-mesh-traffic-safety-flag,2026-05-31T12:06:37.009993
IHL Canada,Safety,Wasip F3501110 4 in. First Aid Economy Scissors,12564,1.95,,Default Title,https://ihlcanada.com/products/wasip-f3501110-4-in-first-aid-economy-scissors,2026-05-31T12:06:37.009995
IHL Canada,Safety,Wasip F3081100 First Aid English/French Pocket Guide,19239,3.0,,Default Title,https://ihlcanada.com/products/wasip-f3081100-first-aid-english-french-pocket-guide,2026-05-31T12:06:37.009997
IHL Canada,Safety,Wasip 702200 First Aid Stainless Steel Tweezer,12574,1.25,,Default Title,https://ihlcanada.com/products/wasip-702200-first-aid-stainless-steel-tweezer,2026-05-31T12:06:37.009999
IHL Canada,Safety,Wasip F5018401 First Aid CPR Rescue Mask Kit (4-Piece),14278,19.98,,Default Title,https://ihlcanada.com/products/wasip-f5018401-first-aid-cpr-mask-kit-4-piece,2026-05-31T12:06:37.010002
IHL Canada,Safety,North 550030M Medium Dual Cartridge Elastomeric Half Mask Respirator (Respirator Only),18216,21.99,,Default Title,https://ihlcanada.com/products/north-550030m-5500-series-medium-dual-cartridge-elastomeric-half-mask-respirator-respirator-only,2026-05-31T12:06:37.010004
Home Depot CA,2x4x8 Lumber,"Saved to List
View List",|SKU # 1000112108,6.0,,each,https://www.homedepot.ca/search?q=2x4x8+spruce+framing+lumber,2026-05-31T12:06:44.878089
Home Depot CA,2x4x8 Lumber,"Saved to List
View List",|SKU # 1000789777,11.0,,each,https://www.homedepot.ca/search?q=2x4x8+spruce+framing+lumber,2026-05-31T12:06:44.901071
Home Depot CA,2x4x8 Lumber,"Saved to List
View List",|SKU # 1000117995,14.0,,each,https://www.homedepot.ca/search?q=2x4x8+spruce+framing+lumber,2026-05-31T12:06:44.924246
Home Depot CA,2x4x8 Lumber,"Saved to List
View List",|SKU # 1000100158,13.0,,each,https://www.homedepot.ca/search?q=2x4x8+spruce+framing+lumber,2026-05-31T12:06:44.945663
Home Depot CA,2x4x8 Lumber,"Saved to List
View List",|SKU # 1000100159,16.0,,each,https://www.homedepot.ca/search?q=2x4x8+spruce+framing+lumber,2026-05-31T12:06:44.966173
Home Depot CA,2x4x8 Lumber,"Saved to List
View List",|SKU # 1000100188,7.0,,each,https://www.homedepot.ca/search?q=2x4x8+spruce+framing+lumber,2026-05-31T12:06:44.987203
Home Depot CA,2x4x8 Lumber,"Saved to List
View List",|SKU # 1000112105,9.0,,each,https://www.homedepot.ca/search?q=2x4x8+spruce+framing+lumber,2026-05-31T12:06:45.009105
Home Depot CA,2x4x8 Lumber,"Saved to List
View List",|SKU # 1000100164,21.0,,each,https://www.homedepot.ca/search?q=2x4x8+spruce+framing+lumber,2026-05-31T12:06:45.032238
Home Depot CA,2x4x8 Lumber,"Saved to List
View List",|SKU # 1000100168,21.0,,each,https://www.homedepot.ca/search?q=2x4x8+spruce+framing+lumber,2026-05-31T12:06:45.051178
Home Depot CA,2x4x8 Lumber,"Saved to List
View List",|SKU # 1000173732,6.0,,each,https://www.homedepot.ca/search?q=2x4x8+spruce+framing+lumber,2026-05-31T12:06:45.072758
Home Depot CA,2x6x8 Lumber,"Saved to List
View List",|SKU # 1000117995,14.0,,each,https://www.homedepot.ca/search?q=2x6x8+spruce+framing+lumber,2026-05-31T12:06:51.475398
Home Depot CA,2x6x8 Lumber,"Saved to List
View List",|SKU # 1000112108,6.0,,each,https://www.homedepot.ca/search?q=2x6x8+spruce+framing+lumber,2026-05-31T12:06:51.492555
Home Depot CA,2x6x8 Lumber,"Saved to List
View List",|SKU # 1000789777,11.0,,each,https://www.homedepot.ca/search?q=2x6x8+spruce+framing+lumber,2026-05-31T12:06:51.510354
Home Depot CA,2x6x8 Lumber,"Saved to List
View List",|SKU # 1000790084,17.0,,each,https://www.homedepot.ca/search?q=2x6x8+spruce+framing+lumber,2026-05-31T12:06:51.528200
Home Depot CA,2x6x8 Lumber,"Saved to List
View List",|SKU # 1000100164,21.0,,each,https://www.homedepot.ca/search?q=2x6x8+spruce+framing+lumber,2026-05-31T12:06:51.545639
Home Depot CA,2x6x8 Lumber,"Saved to List
View List",|SKU # 1000790082,24.0,,each,https://www.homedepot.ca/search?q=2x6x8+spruce+framing+lumber,2026-05-31T12:06:51.563010
Home Depot CA,2x6x8 Lumber,"Saved to List
View List",|SKU # 1000100165,25.0,,each,https://www.homedepot.ca/search?q=2x6x8+spruce+framing+lumber,2026-05-31T12:06:51.580346
Home Depot CA,2x6x8 Lumber,"Saved to List
View List",|SKU # 1000100168,21.0,,each,https://www.homedepot.ca/search?q=2x6x8+spruce+framing+lumber,2026-05-31T12:06:51.598871
Home Depot CA,2x6x8 Lumber,"Saved to List
View List",|SKU # 1000173732,6.0,,each,https://www.homedepot.ca/search?q=2x6x8+spruce+framing+lumber,2026-05-31T12:06:51.615996
Home Depot CA,2x6x8 Lumber,"Saved to List
View List",|SKU # 1000789781,20.0,,each,https://www.homedepot.ca/search?q=2x6x8+spruce+framing+lumber,2026-05-31T12:06:51.642948
Home Depot CA,1/2 Drywall,"Saved to List
View List",|SKU # 1000686028,16.0,,each,https://www.homedepot.ca/search?q=1%2F2+drywall+4x8,2026-05-31T12:06:58.957385
Home Depot CA,1/2 Drywall,"Saved to List
View List",|SKU # 1000152285,15.0,,each,https://www.homedepot.ca/search?q=1%2F2+drywall+4x8,2026-05-31T12:06:58.974021
Home Depot CA,1/2 Drywall,"Saved to List
View List",|SKU # 1000115026,17.0,,each,https://www.homedepot.ca/search?q=1%2F2+drywall+4x8,2026-05-31T12:06:58.993184
Home Depot CA,1/2 Drywall,"Saved to List
View List",|SKU # 1000149007,20.0,,each,https://www.homedepot.ca/search?q=1%2F2+drywall+4x8,2026-05-31T12:06:59.010637
Home Depot CA,1/2 Drywall,"Saved to List
View List",|SKU # 1001901997,19.0,,each,https://www.homedepot.ca/search?q=1%2F2+drywall+4x8,2026-05-31T12:06:59.027305
Home Depot CA,1/2 Drywall,"Saved to List
View List",|SKU # 1000179913,14.0,,each,https://www.homedepot.ca/search?q=1%2F2+drywall+4x8,2026-05-31T12:06:59.044134
Home Depot CA,1/2 Drywall,"Saved to List
View List",|SKU # 1000415065,15.0,,each,https://www.homedepot.ca/search?q=1%2F2+drywall+4x8,2026-05-31T12:06:59.060905
Home Depot CA,1/2 Drywall,"Saved to List
View List",|SKU # 1000431094,39.0,,each,https://www.homedepot.ca/search?q=1%2F2+drywall+4x8,2026-05-31T12:06:59.078170
Home Depot CA,1/2 Drywall,"Saved to List
View List",|SKU # 1000129786,82.0,,each,https://www.homedepot.ca/search?q=1%2F2+drywall+4x8,2026-05-31T12:06:59.101766
Home Depot CA,1/2 Drywall,"Saved to List
View List",|SKU # 1001490926,25.0,,each,https://www.homedepot.ca/search?q=1%2F2+drywall+4x8,2026-05-31T12:06:59.119179
Home Depot CA,OSB 7/16,"Saved to List
View List",|SKU # 1000108771,72.0,,each,https://www.homedepot.ca/search?q=7%2F16+OSB+4x8,2026-05-31T12:07:05.142619
Home Depot CA,OSB 7/16,"Saved to List
View List",|SKU # 1000135646,64.0,,each,https://www.homedepot.ca/search?q=7%2F16+OSB+4x8,2026-05-31T12:07:05.159909
Home Depot CA,OSB 7/16,"Saved to List
View List",|SKU # 1000172334,65.0,,each,https://www.homedepot.ca/search?q=7%2F16+OSB+4x8,2026-05-31T12:07:05.177522
Home Depot CA,OSB 7/16,"Saved to List
View List",|SKU # 1000108770,45.0,,each,https://www.homedepot.ca/search?q=7%2F16+OSB+4x8,2026-05-31T12:07:05.194673
Home Depot CA,Insulation,"Saved to List
View List",|SKU # 1000181137,119.0,,each,https://www.homedepot.ca/search?q=r20+batt+insulation,2026-05-31T12:07:11.028411
Home Depot CA,Insulation,"Saved to List
View List",|SKU # 1000181148,172.0,,each,https://www.homedepot.ca/search?q=r20+batt+insulation,2026-05-31T12:07:11.046122
Home Depot CA,Insulation,"Saved to List
View List",|SKU # 1000525606,88.0,,each,https://www.homedepot.ca/search?q=r20+batt+insulation,2026-05-31T12:07:11.063750
Home Depot CA,Insulation,"Saved to List
View List",|SKU # 1000406679,90.0,,each,https://www.homedepot.ca/search?q=r20+batt+insulation,2026-05-31T12:07:11.081181
Home Depot CA,Insulation,"Saved to List
View List",|SKU # 1000406681,138.0,,each,https://www.homedepot.ca/search?q=r20+batt+insulation,2026-05-31T12:07:11.098349
Home Depot CA,Insulation,"Saved to List
View List",|SKU # 1000123047,98.0,,each,https://www.homedepot.ca/search?q=r20+batt+insulation,2026-05-31T12:07:11.115729
Home Depot CA,Insulation,"Saved to List
View List",|SKU # 1000506519,119.0,,each,https://www.homedepot.ca/search?q=r20+batt+insulation,2026-05-31T12:07:11.142376
Home Depot CA,Insulation,"Saved to List
View List",|SKU # 1000123043,105.0,,each,https://www.homedepot.ca/search?q=r20+batt+insulation,2026-05-31T12:07:11.170694
Home Depot CA,Insulation,"Saved to List
View List",|SKU # 1000664361,93.0,,each,https://www.homedepot.ca/search?q=r20+batt+insulation,2026-05-31T12:07:11.199802
Home Depot CA,Insulation,"Saved to List
View List",|SKU # 1000811445,225.0,,each,https://www.homedepot.ca/search?q=r20+batt+insulation,2026-05-31T12:07:11.234249
New Canadian Lumber,Building Materials,2x4x10' Premium SPF,,5.69,,each,https://shop.newcanadianslumber.com/p/2x4x10-premium-spf/S2410,2026-05-31T12:09:11.795278
New Canadian Lumber,Building Materials,2x4x8' Premium SPF,,3.98,,each,https://shop.newcanadianslumber.com/p/2x4x8-premium-spf/S248,2026-05-31T12:09:11.795290
New Canadian Lumber,Building Materials,2x4x14' Premium SPF,,8.45,,each,https://shop.newcanadianslumber.com/p/2x4x14-premium-spf/S2414,2026-05-31T12:09:11.795297
New Canadian Lumber,Building Materials,"2x4x92-5/8"" Select SPF",,3.99,,each,https://shop.newcanadianslumber.com/p/2x4x92-58-select-spf/S249258,2026-05-31T12:09:11.795301
New Canadian Lumber,Building Materials,2x4x12' Premium SPF,,7.15,,each,https://shop.newcanadianslumber.com/p/2x4x12-premium-spf/S2412,2026-05-31T12:09:11.795305
New Canadian Lumber,Building Materials,"2x4x104-5/8"" Premium SPF",,4.99,,each,https://shop.newcanadianslumber.com/p/2x4x104-58-premium-spf/S2410458,2026-05-31T12:09:11.795309
New Canadian Lumber,Building Materials,"2x4x116-5/8"" Premium SPF",,6.99,,each,https://shop.newcanadianslumber.com/p/2x4x116-58-premium-spf/S2411658,2026-05-31T12:09:11.795313
New Canadian Lumber,Building Materials,2x4x16' Premium SPF,,9.99,,each,https://shop.newcanadianslumber.com/p/2x4x16-premium-spf/S2416,2026-05-31T12:09:11.795319
New Canadian Lumber,Building Materials,"4x8x7/16"" OSB Board",,12.98,,each,https://shop.newcanadianslumber.com/p/4x8x716-osb-board/WB716,2026-05-31T12:09:11.795323
New Canadian Lumber,Building Materials,"All-Purpose Lite Drywall Compound, Ready-Mixed, 17 L",,29.99,,each,https://shop.newcanadianslumber.com/p/all-purpose-lite-drywall-compound-ready-mixed-17-l/RM23C,2026-05-31T12:09:11.795327
New Canadian Lumber,Building Materials,2x2x8' Premium SPF,,3.69,,each,https://shop.newcanadianslumber.com/p/2x2x8-premium-spf/S228,2026-05-31T12:09:11.795331
New Canadian Lumber,Building Materials,"18 Pack 35x48"" 3.0 Mil Black Heavy Duty Garbage Bags",,17.99,,each,https://shop.newcanadianslumber.com/p/18-pack-35x48-30-mil-black-heavy-duty-garbage-bags/4440083,2026-05-31T12:09:11.795334
New Canadian Lumber,Building Materials,PL Premium Construction Adhesive - 295ml,,9.59,,each,https://shop.newcanadianslumber.com/p/pl-premium-construction-adhesive-295ml/2030-581,2026-05-31T12:09:11.795338
New Canadian Lumber,Building Materials,Quikrete Concrete Mix - 30 kg,,6.89,,each,https://shop.newcanadianslumber.com/p/quikrete-concrete-mix-30-kg/STMP,2026-05-31T12:09:11.795341
New Canadian Lumber,Building Materials,"4x8x3/4"" T&G Standard SPF Plywood",,59.97,,each,https://shop.newcanadianslumber.com/p/4x8x34-tg-standard-spf-plywood/SP34TG,2026-05-31T12:09:11.795344
New Canadian Lumber,Building Materials,8' Drywall Corner Bead,,3.99,,each,https://shop.newcanadianslumber.com/p/8-drywall-corner-bead/CB8,2026-05-31T12:09:11.795348
New Canadian Lumber,Building Materials,"R22 15x5.5"" Comfortbatt Insulation (39.8 sq. ft.)",,89.95,,each,https://shop.newcanadianslumber.com/p/r22-15x55-comfortbatt-insulation-398-sq-ft/R2215R,2026-05-31T12:09:11.795351
New Canadian Lumber,Building Materials,2x6x8' Premium SPF,,6.49,,each,https://shop.newcanadianslumber.com/p/2x6x8-premium-spf/S268,2026-05-31T12:09:11.795355
New Canadian Lumber,Building Materials,"18 Gauge G185 Joist Hanger - 2x8""",,2.49,,each,https://shop.newcanadianslumber.com/p/18-gauge-g185-joist-hanger-2x8/2682029,2026-05-31T12:09:11.795359
New Canadian Lumber,Building Materials,"4x8x3/4"" Standard SPF Plywood",,59.97,,each,https://shop.newcanadianslumber.com/p/4x8x34-standard-spf-plywood/SP34,2026-05-31T12:09:11.795362
New Canadian Lumber,Building Materials,"4x8x3/8"" Standard SPF Plywood",,29.98,,each,https://shop.newcanadianslumber.com/p/4x8x38-standard-spf-plywood/SP38,2026-05-31T12:09:11.795365
New Canadian Lumber,Building Materials,"4x8x5/8"" Standard SPF Plywood",,49.98,,each,https://shop.newcanadianslumber.com/p/4x8x58-standard-spf-plywood/SP58,2026-05-31T12:09:11.795369
New Canadian Lumber,Building Materials,9x100' Tyvek House Wrap,,139.0,,each,https://shop.newcanadianslumber.com/p/9x100-tyvek-house-wrap/T9100R,2026-05-31T12:09:11.795372
New Canadian Lumber,Building Materials,2x6x10' Premium SPF,,10.25,,each,https://shop.newcanadianslumber.com/p/2x6x10-premium-spf/S2610,2026-05-31T12:09:11.795375
New Canadian Lumber,Building Materials,"Schluter Kerdi-Drain 4"" Curve Grate Kit - Matte Black",,179.0,,each,https://shop.newcanadianslumber.com/p/schluter-kerdi-drain-4-curve-grate-kit-matte-black/KDIF4GRKMGSD6,2026-05-31T12:09:11.795382
New Canadian Lumber,Building Materials,"Schluter Kerdi-Drain 4"" Pure Grate Kit - Classic Gold",,179.0,,each,https://shop.newcanadianslumber.com/p/schluter-kerdi-drain-4-pure-grate-kit-classic-gold/KDIF4GRKEBCGD8,2026-05-31T12:09:11.795386
New Canadian Lumber,Building Materials,"4x8x1/2"" Standard SPF Plywood",,39.98,,each,https://shop.newcanadianslumber.com/p/4x8x12-standard-spf-plywood/SP12,2026-05-31T12:09:11.795389
New Canadian Lumber,Building Materials,"Schluter Ditra-Heat Uncoupling Membrane - 3' 2-5/8x41' 10-3/4""",,412.0,,each,https://shop.newcanadianslumber.com/p/schluter-ditra-heat-uncoupling-membrane-3-2-58x41-10-34/DH512M,2026-05-31T12:09:11.795393
Downtown Lumber,Building Materials,2x4x8' Premium SPF,,3.89,,each,https://www.downtownlumber.com/p/2x4x8-premium-spf/248,2026-05-31T12:09:17.266230
Downtown Lumber,Building Materials,2x4x10' Premium SPF,,5.69,,each,https://www.downtownlumber.com/p/2x4x10-premium-spf/2410,2026-05-31T12:09:17.266241
Downtown Lumber,Building Materials,2x6x8' Premium WR Cedar,,35.99,,each,https://www.downtownlumber.com/p/2x6x8-premium-wr-cedar/268C,2026-05-31T12:09:17.266245
Downtown Lumber,Building Materials,2x4x12' Premium WR Cedar,,24.99,,each,https://www.downtownlumber.com/p/2x4x12-premium-wr-cedar/2412C,2026-05-31T12:09:17.266249
Downtown Lumber,Building Materials,2x6x8' Premium SPF,,6.29,,each,https://www.downtownlumber.com/p/2x6x8-premium-spf/268,2026-05-31T12:09:17.266253
Downtown Lumber,Building Materials,2x10x12' Premium SPF,,27.98,,each,https://www.downtownlumber.com/p/2x10x12-premium-spf/21012,2026-05-31T12:09:17.266256
Downtown Lumber,Building Materials,"4x8x1/2"" Lite-Weight Drywall",,17.47,,each,https://www.downtownlumber.com/p/4x8x12-lite-weight-drywall/12DW,2026-05-31T12:09:17.266260
Downtown Lumber,Building Materials,2x4x10' Premium WR Cedar,,20.99,,each,https://www.downtownlumber.com/p/2x4x10-premium-wr-cedar/2410C,2026-05-31T12:09:17.266263
Downtown Lumber,Building Materials,Quikrete Stone-Mix - 30 kg,,6.99,,each,https://www.downtownlumber.com/p/quikrete-stone-mix-30-kg/CM,2026-05-31T12:09:17.266267
Downtown Lumber,Building Materials,"R-14 15x3-1/2"" Pink Fiberglass Insulation (78.3 sq. ft.)",,20.0,,each,https://www.downtownlumber.com/p/r-14-15x3-12-pink-fiberglass-insulation-783-sq-ft/R14,2026-05-31T12:09:17.266271
Downtown Lumber,Building Materials,"4x8x1/2"" Standard Spruce Plywood",,39.97,,each,https://www.downtownlumber.com/p/4x8x12-standard-spruce-plywood/12RGH,2026-05-31T12:09:17.266274
Downtown Lumber,Building Materials,2x12x12' Premium SPF,,47.98,,each,https://www.downtownlumber.com/p/2x12x12-premium-spf/21212,2026-05-31T12:09:17.266278
Downtown Lumber,Building Materials,2x2x8' Premium SPF,,3.69,,each,https://www.downtownlumber.com/p/2x2x8-premium-spf/228,2026-05-31T12:09:17.266281
Downtown Lumber,Building Materials,2x6x10' Premium WR Cedar,,41.98,,each,https://www.downtownlumber.com/p/2x6x10-premium-wr-cedar/2610C,2026-05-31T12:09:17.266284
Downtown Lumber,Building Materials,2x8x12' Premium SPF,,22.99,,each,https://www.downtownlumber.com/p/2x8x12-premium-spf/2812,2026-05-31T12:09:17.266288
Downtown Lumber,Building Materials,5/4x6x8' Cedar Deck Boards WR,,23.99,,each,https://www.downtownlumber.com/p/54x6x8-cedar-deck-boards-wr/548C,2026-05-31T12:09:17.266291
Downtown Lumber,Building Materials,"4x8x3/4"" Standard Spruce Plywood",,59.97,,each,https://www.downtownlumber.com/p/4x8x34-standard-spruce-plywood/34RGH,2026-05-31T12:09:17.266294
Downtown Lumber,Building Materials,2x6x10' Premium SPF,,10.29,,each,https://www.downtownlumber.com/p/2x6x10-premium-spf/2610,2026-05-31T12:09:17.266298
Downtown Lumber,Building Materials,"4x10x1/2"" Lite-Weight Drywall",,21.88,,each,https://www.downtownlumber.com/p/4x10x12-lite-weight-drywall/1210DW,2026-05-31T12:09:17.266302
Downtown Lumber,Building Materials,2x4x8' Sienna Pressure Treated Lumber,,7.49,,each,https://www.downtownlumber.com/p/2x4x8-sienna-pressure-treated-lumber/248PT,2026-05-31T12:09:17.266305
Downtown Lumber,Building Materials,"4x8x1/8"" (3mm) Masonite Sheet Fibrex floor protection",,17.99,,each,https://www.downtownlumber.com/p/4x8x18-3mm-masonite-sheet-fibrex-floor-protection/18HDF,2026-05-31T12:09:17.266309
Downtown Lumber,Building Materials,2x4x8' Premium WR Cedar,,17.49,,each,https://www.downtownlumber.com/p/2x4x8-premium-wr-cedar/248C,2026-05-31T12:09:17.266312
Downtown Lumber,Building Materials,2x4x10' Sienna Pressure Treated Lumber,,9.49,,each,https://www.downtownlumber.com/p/2x4x10-sienna-pressure-treated-lumber/2410PT,2026-05-31T12:09:17.266316
Downtown Lumber,Building Materials,2x6x12' Premium SPF,,12.49,,each,https://www.downtownlumber.com/p/2x6x12-premium-spf/2612,2026-05-31T12:09:17.266319
Downtown Lumber,Building Materials,2x10x12' Sienna Pressure Treated Lumber,,35.98,,each,https://www.downtownlumber.com/p/2x10x12-sienna-pressure-treated-lumber/21012PT,2026-05-31T12:09:17.266327
Downtown Lumber,Building Materials,"Hanger For LVL 1 3/4""X7 1/4"" Single Face Mount",,13.99,,each,https://www.downtownlumber.com/p/hanger-for-lvl-1-34x7-14-single-face-mount/HU7,2026-05-31T12:09:17.266331
