supplier,category,name,sku,price_cad,pro_price,unit,url,scraped_at
IHL Canada,Lumber,2 in. x 4 in. x 8 ft. Spruce Lumber,20912,3.78,,Default Title,https://ihlcanada.com/products/2-in-x-4-in-spruce-lumber,2026-05-09T11:40:01.304727
IHL Canada,Lumber,1/2 in. x 4 ft. x 8 ft. Standard Spruce Plywood,20948,36.49,,Default Title,https://ihlcanada.com/products/1-2-in-x-4-ft-x-8-ft-standard-spruce-plywood,2026-05-09T11:40:01.304742
IHL Canada,Lumber,2 in. x 4 in. x 10 ft. Spruce Lumber,20915,5.75,,Default Title,https://ihlcanada.com/products/2-in-x-4-in-x-10-ft-spruce-lumber,2026-05-09T11:40:01.304745
IHL Canada,Lumber,11/16 in. x 4 ft. x 8 ft. Ultraform 7 Layer Concrete Formply Plywood,21967,89.95,,Default Title,https://ihlcanada.com/products/11-16-in-x-4-ft-x-8-ft-ultraform-7-layer-formply-plywood,2026-05-09T11:40:01.304748
IHL Canada,Lumber,3/4 in. x 4 ft. x 8 ft. Standard Spruce Plywood,20951,56.49,,Default Title,https://ihlcanada.com/products/3-4-in-x-4-ft-x-8-ft-standard-spruce-plywood,2026-05-09T11:40:01.304756
IHL Canada,Lumber,1/2 in. x 4 ft. x 8 ft. Degrade Spruce Plywood,26785,32.84,,Default Title,https://ihlcanada.com/products/4-ft-x-8-ft-x-1-2-in-d-grade-spruce-plywood,2026-05-09T11:40:01.304760
IHL Canada,Lumber,3/4 in. x 4 ft. x 8 ft. Degrade Spruce Plywood,26784,50.84,,Default Title,https://ihlcanada.com/products/4-ft-x-8-ft-x-3-4-in-d-grade-spruce-plywood,2026-05-09T11:40:01.304763
IHL Canada,Lumber,3/8 in. x 4 ft. x 8 ft. Degrade Spruce Plywood,26786,24.74,,Default Title,https://ihlcanada.com/products/4-ft-x-8-ft-degrade-spruce-plywood,2026-05-09T11:40:01.304766
IHL Canada,Lumber,2 in. x 4 in. x 12 ft. Spruce Lumber,20916,6.9,,Default Title,https://ihlcanada.com/products/2-in-x-4-in-x-12-ft-spruce-lumber,2026-05-09T11:40:01.304769
IHL Canada,Lumber,2 in. x 6 in. x 8 ft. Spruce Lumber,20920,6.89,,Default Title,https://ihlcanada.com/products/2-in-x-6-in-x-8-ft-spruce-lumber,2026-05-09T11:40:01.304772
IHL Canada,Lumber,2 in. x 12 in. x 8 ft. Spruce Lumber,20937,29.89,,Default Title,https://ihlcanada.com/products/2-in-x-12-in-spruce-lumber,2026-05-09T11:40:01.304775
IHL Canada,Lumber,2 in. x 4 in. x 8 ft. Brown Pressure Treated Lumber,22115,6.79,,Default Title,https://ihlcanada.com/products/2-in-x-4-in-brown-pressure-treated-lumber,2026-05-09T11:40:01.304777
IHL Canada,Lumber,4 in. x 4 in. x 8 ft. Spruce Lumber,20942,12.8,,Default Title,https://ihlcanada.com/products/4-in-x-4-in-spruce-lumber,2026-05-09T11:40:01.304779
IHL Canada,Lumber,1 in. x 2 in. x 24 in. Pointed Wood Stake (25-Pack),28679,23.48,,Default Title,https://ihlcanada.com/products/1-in-x-2-in-pointed-wood-stake-25-pack,2026-05-09T11:40:01.304781
IHL Canada,Lumber,7/16 in. x 4 ft. x 8 ft. OSB Oriented Strand Board,20954,13.98,,Default Title,https://ihlcanada.com/products/4-ft-x-8-ft-oriented-strand-board,2026-05-09T11:40:01.304784
IHL Canada,Lumber,2 in. x 4 in. x 16 ft. Spruce Lumber,20918,9.2,,Default Title,https://ihlcanada.com/products/2-in-x-4-in-x-16-ft-spruce-lumber,2026-05-09T11:40:01.304788
IHL Canada,Lumber,3/4 in. 4 ft x 8 ft. Fire-Resistant Treated Plywood,21735,98.0,,Default Title,https://ihlcanada.com/products/4-ft-x-8-ft-x-3-4-in-fire-rated-plywood,2026-05-09T11:40:01.304790
IHL Canada,Lumber,1 in. x 6 in. x 8 ft. Brown Pressure Treated Lumber,22108,5.51,,Default Title,https://ihlcanada.com/products/1in-x-6in-brown-pressure-treated-lumber,2026-05-09T11:40:01.304793
IHL Canada,Lumber,2 in. x 6 in. x 10 ft. Spruce Lumber,20923,10.24,,Default Title,https://ihlcanada.com/products/2-in-x-6-in-x-10-ft-spruce-lumber,2026-05-09T11:40:01.304795
IHL Canada,Lumber,1/2 in. x 4 ft. x 8 ft. Fire-Resistant Treated Plywood,27366,69.0,,Default Title,https://ihlcanada.com/products/4-ft-x-8-ft-fire-resistant-treated-plywood,2026-05-09T11:40:01.304797
IHL Canada,Lumber,2 in. x 6 in. x 8 ft. Brown Pressure Treated Lumber,22120,10.25,,Default Title,https://ihlcanada.com/products/2-in-x-6-in-x-8-ft-brown-pressure-treated-lumber,2026-05-09T11:40:01.304800
IHL Canada,Lumber,1 in. x 2 in. x 8 ft. Spruce Lumber,20895,1.65,,Default Title,https://ihlcanada.com/products/1-in-x-2-in-spruce-lumber,2026-05-09T11:40:01.304802
IHL Canada,Lumber,6 in. x 6 in. x 10 ft. Brown Pressure Treated Lumber Post,22151,52.1,,Default Title,https://ihlcanada.com/products/copy-of-6-in-x-6-in-x-8-ft-brown-pressure-treated-lumber,2026-05-09T11:40:01.304804
IHL Canada,Lumber,4 in. x 4 in. x 8 ft. Brown Pressure Treated Lumber,22140,16.2,,Default Title,https://ihlcanada.com/products/4-in-x-4-in-x-8-ft-brown-pressure-treated-lumber,2026-05-09T11:40:01.304806
IHL Canada,Lumber,6 in. x 6 in. x 12 ft. Brown Pressure Treated Lumber,22152,62.52,,Default Title,https://ihlcanada.com/products/6-in-x-6-in-brown-pressure-treated-lumber,2026-05-09T11:40:01.304809
IHL Canada,Lumber,3/8 in. x 4 ft. x 8 ft. Standard Spruce Plywood,20947,27.49,,Default Title,https://ihlcanada.com/products/4-ft-x-8-ft-standard-spruce-plywood,2026-05-09T11:40:01.304811
IHL Canada,Lumber,2 in. x 6 in. x 16 ft. Spruce Lumber,20926,16.38,,Default Title,https://ihlcanada.com/products/2-in-x-6-in-x-16-ft-spruce-lumber,2026-05-09T11:40:01.304828
IHL Canada,Lumber,2 in. x 6 in. x 12 ft. Spruce Lumber,20924,12.29,,Default Title,https://ihlcanada.com/products/2-in-x-6-in-x-12-ft-spruce-lumber,2026-05-09T11:40:01.304830
IHL Canada,Lumber,4 in. x 4 in. x 10 ft. Brown Pressure Treated Lumber,22141,20.25,,Default Title,https://ihlcanada.com/products/4-in-x-4-in-x-10-ft-brown-pressure-treated-lumber,2026-05-09T11:40:01.304832
IHL Canada,Lumber,2 in. x 6 in. x 10 ft. Brown Pressure Treated Lumber,22121,12.81,,Default Title,https://ihlcanada.com/products/2-in-x-6-in-x-10-ft-brown-pressure-treated-lumber,2026-05-09T11:40:01.304835
IHL Canada,Lumber,6 in. x 6 in. x 8 ft. Brown Pressure Treated Lumber,22150,41.68,,Default Title,https://ihlcanada.com/products/6-in-x-6-in-x-8-ft-brown-pressure-treated-lumber,2026-05-09T11:40:01.304837
IHL Canada,Lumber,2 in. x 4 in. x 10 ft. Brown Pressure Treated Lumber,22116,8.49,,Default Title,https://ihlcanada.com/products/2-in-x-4-in-x-10-ft-brown-pressure-treated-lumber,2026-05-09T11:40:01.304839
IHL Canada,Lumber,5/8 in. x 4 ft. x 8 ft. Fire-Resistant Treated Plywood,27650,83.0,,Default Title,https://ihlcanada.com/products/4-ft-x-8-ft-x-5-8-in-fire-rated-plywood,2026-05-09T11:40:01.304842
IHL Canada,Lumber,4 in. x 4 in. x 12 ft. Brown Pressure Treated Lumber,22142,24.3,,Default Title,https://ihlcanada.com/products/4-in-x-4-in-brown-pressure-treated-lumber,2026-05-09T11:40:01.304844
IHL Canada,Lumber,2 in. x 2 in. x 8 ft. Spruce Lumber,20907,3.25,,Default Title,https://ihlcanada.com/products/2-in-x-2-in-spruce-lumber,2026-05-09T11:40:01.304848
IHL Canada,Lumber,5/8 in. x 4 ft. x 8 ft. Tongue and Grooved OSB Oriented Strand Board,20955,22.48,,Default Title,https://ihlcanada.com/products/5-8-in-x-4-ft-x-8-ft-tongue-and-grooved-osb-oriented-strand-board,2026-05-09T11:40:01.304851
IHL Canada,Lumber,2 in. x 10 in. x 16 ft. Cleated Spruce Scaffold Plank,21859,87.0,,Default Title,https://ihlcanada.com/products/2-in-x-10-in-x-16-ft-cleated-spruce-scaffold-plank,2026-05-09T11:40:01.304853
IHL Canada,Lumber,3/4 in. x 4 ft. x 8 ft. Tongue and Grooved Oriented Strand Board,20956,26.98,,Default Title,https://ihlcanada.com/products/4-ft-x-8-ft-x-3-4-in-tongue-and-grooved-oriented-strand-board,2026-05-09T11:40:01.304855
IHL Canada,Lumber,2 in. x 6 in. x 14 ft. Spruce Lumber,20925,14.34,,Default Title,https://ihlcanada.com/products/2-in-x-6-in-x-14-ft-spruce-lumber,2026-05-09T11:40:01.304858
IHL Canada,Lumber,1 in. x 4 in. x 8 ft. Spruce Lumber,20899,3.25,,Default Title,https://ihlcanada.com/products/1-in-x-4-in-spruce-lumber,2026-05-09T11:40:01.304860
IHL Canada,Lumber,3/4 in. 4 ft. x 8 ft. Tongue and Groove Spruce Plywood,20952,56.49,,Default Title,https://ihlcanada.com/products/4-ft-x-8-ft-x-3-4-in-standard-spruce-tongue-and-groove-plywood,2026-05-09T11:40:01.304862
IHL Canada,Lumber,2 in. x 8 in. x 12 ft. Brown Pressure Treated Lumber,22127,21.98,,Default Title,https://ihlcanada.com/products/2-in-x-8-in-x-12-ft-brown-pressure-treated-lumber,2026-05-09T11:40:01.304864
IHL Canada,Lumber,2 in. x 8 in. x 16 ft. Brown Pressure Treated Lumber,22129,29.3,,Default Title,https://ihlcanada.com/products/2-in-x-8-in-brown-pressure-treated-lumber,2026-05-09T11:40:01.304867
IHL Canada,Lumber,2 in. x 2 in. x 8 ft. Plastic Lumber,29152,7.29,,Default Title,https://ihlcanada.com/products/2-in-x-2-in-x-8-ft-plastic-lumber,2026-05-09T11:40:01.304869
IHL Canada,Lumber,5/8 in. x 4 ft. x 8 ft. Tongue-and-Groove Spruce Plywood,20950,47.25,,Default Title,https://ihlcanada.com/products/4-ft-x-8-ft-x-5-8-in-standard-spruce-tongue-and-groove-plywood,2026-05-09T11:40:01.304871
IHL Canada,Lumber,1 in. x 2 in. x 10 ft. Spruce Lumber,23577,2.06,,Default Title,https://ihlcanada.com/products/1-in-x-2-in-x-10-ft-spruce-lumber,2026-05-09T11:40:01.304873
IHL Canada,Lumber,2 in. x 3 in. x 8 ft. Spruce Lumber,20909,3.4,,Default Title,https://ihlcanada.com/products/2-in-x-3-in-spruce-lumber,2026-05-09T11:40:01.304876
IHL Canada,Lumber,1 in. x 6 in. x 6 ft. Brown Pressure Treated Lumber Fence Board,22107,4.13,,Default Title,https://ihlcanada.com/products/1-in-x-6-in-x-6-ft-brown-pressure-treated-lumber,2026-05-09T11:40:01.304878
IHL Canada,Lumber,5/4 in. x 6 in. x 16 ft. Brown Pressure Treated Decking Board,22109,16.2,,Default Title,https://ihlcanada.com/products/5-4-in-x-6-in-x-16-ft-brown-pressure-treated-lumber,2026-05-09T11:40:01.304882
IHL Canada,Lumber,2 in. x 6 in. x 12 ft. Brown Pressure Treated Lumber,22122,15.38,,Default Title,https://ihlcanada.com/products/2-in-x-6-in-x-12-ft-brown-pressure-treated-lumber,2026-05-09T11:40:01.304884
IHL Canada,Lumber,3/4 in. x 10 ft. Roofing Cant Strip Wood (1000 ft.-Bundle),28091,285.0,,Default Title,https://ihlcanada.com/products/3-4in-x-9ft-roofing-cant-strip-wood-1000-ft-bundle,2026-05-09T11:40:01.304887
IHL Canada,Lumber,2 in. x 8 in. x 14 ft. Spruce Lumber,20930,23.36,,Default Title,https://ihlcanada.com/products/2-in-x-8-in-x-14-ft-spruce-lumber,2026-05-09T11:40:01.304889
IHL Canada,Lumber,1 in. x 8 in. x 16 ft. Spruce Lumber,27998,11.98,,Default Title,https://ihlcanada.com/products/1-in-x-8-in-x-16-ft-grade-3-spruce-lumber,2026-05-09T11:40:01.304891
IHL Canada,Lumber,5/8 in. x 4 ft. x 8 ft. Standard Spruce Plywood,20949,47.25,,Default Title,https://ihlcanada.com/products/5-8-in-x-4-ft-x-8-ft-standard-spruce-plywood,2026-05-09T11:40:01.304894
IHL Canada,Lumber,2 in. x 10 in. x 8 ft. Spruce Lumber,20932,17.49,,Default Title,https://ihlcanada.com/products/2-in-x-10-in-spruce-lumber,2026-05-09T11:40:01.304896
IHL Canada,Lumber,2 in. x 6 in. x 16 ft. Brown Pressure Treated Lumber,22124,20.5,,Default Title,https://ihlcanada.com/products/2-in-x-6-in-brown-pressure-treated-lumber,2026-05-09T11:40:01.304898
IHL Canada,Lumber,5/4 in. x 6 in. x 12 ft. Brown Pressure Treated Decking Board,22111,12.15,,Default Title,https://ihlcanada.com/products/5-4-in-x-6-in-x-12-ft-brown-pressure-treated-lumber,2026-05-09T11:40:01.304902
IHL Canada,Lumber,3/4 in. x 4 ft. x 8 ft. Sienna Brown Pressure Treated Plywood,22466,74.1,,Default Title,https://ihlcanada.com/products/3-4-in-x-4-ft-x-8-ft-sienna-brown-pressure-treated-plywood,2026-05-09T11:40:01.304905
IHL Canada,Lumber,2 in. x 8 in. x 8 ft. Spruce Lumber,20927,13.35,,Default Title,https://ihlcanada.com/products/2in-x-8in-spruce-lumber,2026-05-09T11:40:01.304907
IHL Canada,Lumber,2 in. x 10 in. x 10 ft. Spruce Lumber,20933,21.86,,Default Title,https://ihlcanada.com/products/2-in-x-10-in-x-10-ft-spruce-lumber,2026-05-09T11:40:01.304909
IHL Canada,Lumber,2 in. x 4 in. x 92-5/8 in. Spruce Lumber,20911,3.93,,Default Title,https://ihlcanada.com/products/2-in-x-4-in-x-92-5-8-in-spruce-lumber,2026-05-09T11:40:01.304912
IHL Canada,Lumber,T273E 5/8 in. x 5-1/2 in. Primed MDF Step Bevel Base Moulding,28426,13.94,,Default Title,https://ihlcanada.com/products/taiga-t273e-5-8-in-x-5-1-2-in-primed-mdf-step-bevel-base,2026-05-09T11:40:01.304914
IHL Canada,Lumber,2 in. x 4 in. x 12 ft. Brown Pressure Treated Lumber,22117,10.19,,Default Title,https://ihlcanada.com/products/2-in-x-4-in-x-12-ft-brown-pressure-treated-lumber,2026-05-09T11:40:01.304916
IHL Canada,Lumber,Nuvo Iron Easy Cap 5-1/2 in. x 5-1/2 in. Post Cap,28505,3.89,,Default Title,https://ihlcanada.com/products/nuvo-iron-pcp12blk-5-1-2-in-x-5-1-2-in-eazy-cap-pyramid-post-cap,2026-05-09T11:40:01.304918
IHL Canada,Lumber,2 in. x 4 in. x 104-5/8 in. Spruce Lumber,20913,4.98,,Default Title,https://ihlcanada.com/products/2-in-x-4-in-x-104-5-8-in-spruce-lumber,2026-05-09T11:40:01.304921
IHL Canada,Lumber,2 in. x 8 in. x 10 ft. Spruce Lumber,20928,16.69,,Default Title,https://ihlcanada.com/products/2-in-x-8-in-x-10-ft-spruce-lumber,2026-05-09T11:40:01.304923
IHL Canada,Lumber,2 in. x 4 in. x 14 ft. Spruce Lumber,20917,8.05,,Default Title,https://ihlcanada.com/products/2-in-x-4-in-x-14-ft-spruce-lumber,2026-05-09T11:40:01.304925
IHL Canada,Lumber,2 in. x 8 in. x 8 ft. Brown Pressure Treated Lumber,22125,14.65,,Default Title,https://ihlcanada.com/products/2-in-x-8-in-x-8-ft-brown-pressure-treated-lumber,2026-05-09T11:40:01.304927
IHL Canada,Lumber,5/4 in. x 6 in. x 10 ft. Brown Pressure Treated Decking Board,22112,10.13,,Default Title,https://ihlcanada.com/products/5-4-in-x-6-in-x-10-ft-brown-pressure-treated-lumber,2026-05-09T11:40:01.304930
IHL Canada,Lumber,2 in. x 8 in. x 10 ft.  Pressure Treated Lumber,22126,18.31,,Default Title,https://ihlcanada.com/products/2-in-x-8-in-x-10-ft-brown-pressure-treated-lumber-1,2026-05-09T11:40:01.304934
IHL Canada,Lumber,2 in. x 8 in. x 16 ft. Spruce Lumber,20931,26.7,,Default Title,https://ihlcanada.com/products/2-in-x-8-in-x-16-ft-spruce-lumber,2026-05-09T11:40:01.304936
IHL Canada,Lumber,4 in. x 4 in. x 16 ft. Spruce Lumber,21797,25.6,,Default Title,https://ihlcanada.com/products/4-in-x-4-in-x-16-ft-spruce-lumber,2026-05-09T11:40:01.304938
IHL Canada,Lumber,2 in. x 3 in. x 12 ft. Spruce Lumber,20910,5.1,,Default Title,https://ihlcanada.com/products/copy-of-2-in-x-3-in-x-8-ft-spruce-lumber,2026-05-09T11:40:01.304941
IHL Canada,Lumber,1/2 in. x 4 ft. x 8 ft. Sienna Brown Pressure Treated Plywood,21734,51.89,,Default Title,https://ihlcanada.com/products/4-ft-x-8-ft-sienna-brown-pressure-treated-plywood,2026-05-09T11:40:01.304943
IHL Canada,Lumber,2 in. x 4 in. x 16 ft. Brown Pressure Treated Lumber,22119,13.58,,Default Title,https://ihlcanada.com/products/2-in-x-4-in-x-16-ft-brown-pressure-treated-lumber,2026-05-09T11:40:01.304945
IHL Canada,Lumber,3/4 in. x 4 ft. x 8 ft. S2S Birch Plywood,28421,76.25,,Default Title,https://ihlcanada.com/products/3-4-in-x-4-ft-x-8-ft-baltic-birch-plywood,2026-05-09T11:40:01.304949
IHL Canada,Lumber,4 in. x 4 in. x 10 ft. Spruce Lumber,20943,16.0,,Default Title,https://ihlcanada.com/products/4-in-x-4-in-x-10-ft-spruce-lumber,2026-05-09T11:40:01.304951
IHL Canada,Lumber,2 in. x 12 in. x 8 ft. Brown Pressure Treated Lumber,22135,29.89,,Default Title,https://ihlcanada.com/products/2-in-x-12-in-brown-pressure-treated-lumber,2026-05-09T11:40:01.304954
IHL Canada,Lumber,5/8 in. x 4 ft. x 8 ft. Sienna Brown Pressure Treated Plywood,22465,64.1,,Default Title,https://ihlcanada.com/products/5-8-in-x-4-ft-x-8-ft-sienna-brown-pressure-treated-plywood,2026-05-09T11:40:01.304956
IHL Canada,Lumber,1 in. x 6 in. x 10 ft. Economy Spruce Lumber,22349,4.99,,Default Title,https://ihlcanada.com/products/1-in-x-6-in-x-10-ft-economy-spruce-lumber-378-piece,2026-05-09T11:40:01.304958
IHL Canada,Lumber,2 in. x 10 in. x 14 ft. Spruce Lumber,20935,30.61,,Default Title,https://ihlcanada.com/products/2-in-x-10-in-x-14-ft-spruce-lumber,2026-05-09T11:40:01.304960
IHL Canada,Lumber,2 in. x 10 in. x 12 ft. Spruce Lumber,20934,26.24,,Default Title,https://ihlcanada.com/products/2-in-x-10-in-x-12-ft-spruce-lumber,2026-05-09T11:40:01.304963
IHL Canada,Lumber,4 in. x 4 in. x 12 ft. Spruce Lumber,20944,19.2,,Default Title,https://ihlcanada.com/products/4-in-x-4-in-x-12-ft-spruce-lumber,2026-05-09T11:40:01.304965
IHL Canada,Lumber,2 in. x 8 in. x 12 ft. Spruce Lumber,20929,20.03,,Default Title,https://ihlcanada.com/products/2-in-x-8-in-x-12-ft-spruce-lumber,2026-05-09T11:40:01.304967
IHL Canada,Lumber,T394E 3/8 in. x 1-3/8 in. Primed MDF Step Bevel Shoe Moulding,28430,3.65,,Default Title,https://ihlcanada.com/products/taiga-t394e-3-8-in-x-1-3-8-in-primed-mdf-step-bevel-shoe,2026-05-09T11:40:01.304969
IHL Canada,Lumber,5/4 in. x 6 in. x 8 ft. Brown Pressure Treated Decking Board,22113,8.1,,Default Title,https://ihlcanada.com/products/5-4-in-x-6-in-brown-pressure-treated-lumber,2026-05-09T11:40:01.304971
IHL Canada,Lumber,"4"" X 4"" X 8' PRESSURE TREATED CANT STRIP",20946,15.55,,Default Title,https://ihlcanada.com/products/4in-x-4in-x-8ft-pressure-treated-cant-strip,2026-05-09T11:40:01.304974
IHL Canada,Lumber,2 in. x 2 in. x 12 ft. Spruce Lumber,20908,4.88,,Default Title,https://ihlcanada.com/products/2-in-x-2-in-x-12-ft-spruce-lumber,2026-05-09T11:40:01.304976
IHL Canada,Lumber,2 in. x 10 in. x 16 ft. Spruce Lumber,20936,34.98,,Default Title,https://ihlcanada.com/products/2-in-x-10-in-x-16-ft-spruce-lumber,2026-05-09T11:40:01.304980
IHL Canada,Lumber,1 in. x 6 in. x 14 ft. Spruce Lumber,20903,8.72,,Default Title,https://ihlcanada.com/products/1-in-x-6-in-x-14-ft-spruce-lumber,2026-05-09T11:40:01.304982
IHL Canada,Lumber,2 in. x 12 in. x 12 ft.  Spruce Lumber,20939,44.84,,Default Title,https://ihlcanada.com/products/2-in-x-12-in-x-12-ft-spruce-lumber,2026-05-09T11:40:01.304984
IHL Canada,Lumber,T158E 3/4 in. x 3-1/2 in. Primed MDF Step Bevel Casing Moulding,28425,6.97,,Default Title,https://ihlcanada.com/products/taiga-t158e-3-4-in-x-3-1-2-in-primed-mdf-step-bevel-casing,2026-05-09T11:40:01.304987
IHL Canada,Lumber,1 in. x 6 in. x 8 ft. Spruce Lumber,20901,4.98,,Default Title,https://ihlcanada.com/products/1-in-x-6-in-spruce-lumber,2026-05-09T11:40:01.304989
IHL Canada,Lumber,1 in. x 2 in. x 36 in. Chisel Pointed Wood Stake (25 Pack),28680,34.95,,Default Title,https://ihlcanada.com/products/1-in-x-2-in-x-36-in-pointed-surveyor-wood-stakes-25-pack,2026-05-09T11:40:01.304992
IHL Canada,Lumber,5/8 in. x 4 ft. x 8 ft. Degrade Spruce Plywood,26783,42.53,,Default Title,https://ihlcanada.com/products/4-ft-x-8-ft-x-5-8-in-d-grade-spruce-plywood,2026-05-09T11:40:01.304994
IHL Canada,Lumber,1 in. x 4 in. x 12 ft. Spruce Lumber,20900,4.88,,Default Title,https://ihlcanada.com/products/1-in-x-4-in-x-12-ft-spruce-lumber,2026-05-09T11:40:01.304996
IHL Canada,Lumber,1 in. x 3 in. x 8 ft. Spruce Lumber,20897,2.49,,Default Title,https://ihlcanada.com/products/1-in-x-3-in-x-8-ft-spruce-lumber,2026-05-09T11:40:01.304998
IHL Canada,Lumber,2 in. x 12 in. x 10 ft. Brown Pressure Treated Lumber,22136,37.36,,Default Title,https://ihlcanada.com/products/2-in-x-12-in-x-10-ft-brown-pressure-treated-lumber,2026-05-09T11:40:01.305001
IHL Canada,Lumber,2 in. x 2 in. x 8 ft. Brown Pressure Treated Lumber,22104,4.99,,Default Title,https://ihlcanada.com/products/2-in-x-2-in-x-8-ft-brown-pressure-treated-lumber,2026-05-09T11:40:01.305003
IHL Canada,Lumber,2 in. x 10 in. x 16 ft. Brown Pressure Treated Lumber,22134,39.3,,Default Title,https://ihlcanada.com/products/2-in-x-10-in-brown-pressure-treated-lumber,2026-05-09T11:40:01.305005
IHL Canada,Lumber,12 in. x 8 ft. Brown Pressure Treated Privacy Plus Lattice,22161,12.49,,Default Title,https://ihlcanada.com/products/taiga-12-in-x-8-ft-brown-pressure-treated-privacy-plus-lattice,2026-05-09T11:40:01.305007
IHL Canada,Lumber,4 in. x 4 in. x 14 ft. Spruce Lumber,20945,22.4,,Default Title,https://ihlcanada.com/products/4-in-x-4-in-x-14-ft-spruce-lumber,2026-05-09T11:40:01.305010
IHL Canada,Lumber,2 in. x 6 in. x 92-5/8 in. Spruce Lumber,20919,6.49,,Default Title,https://ihlcanada.com/products/2in-x-6in-spruce-lumber,2026-05-09T11:40:01.305012
IHL Canada,Lumber,2 in. x 10 in. x 12 ft. Brown Pressure Treated Lumber,22132,29.48,,Default Title,https://ihlcanada.com/products/2-in-x-10-in-x-12-ft-brown-pressure-treated-lumber,2026-05-09T11:40:01.305014
IHL Canada,Lumber,2 in. x 12 in. x 12 ft. Brown Pressure Treated Lumber,22137,44.84,,Default Title,https://ihlcanada.com/products/2-in-x-12-in-x-12-ft-brown-pressure-treated-lumber,2026-05-09T11:40:01.305016
IHL Canada,Lumber,"3/4"" x 49"" x 97"" MDF Medium Density Fiberboard",31416,56.98,,Default Title,https://ihlcanada.com/products/medium-density-fibreboard-mdf-49-inches-x-97-inches-x-3-4-inches,2026-05-09T11:40:01.305019
IHL Canada,Lumber,"1/2"" x 49"" x 97"" MDF Medium Density Fiberboard",34457,44.99,,Default Title,https://ihlcanada.com/products/medium-density-fibreboard-mdf-49-inches-x-97-inches-x-1-2-inches,2026-05-09T11:40:01.305022
IHL Canada,Lumber,2 in. x 12 in. x 10 ft. Spruce Lumber,20938,37.36,,Default Title,https://ihlcanada.com/products/2-in-x-12-in-x-10-ft-spruce-lumber,2026-05-09T11:40:01.305025
IHL Canada,Lumber,2 in. x 12 in. x 14 ft. Spruce Lumber,20940,52.31,,Default Title,https://ihlcanada.com/products/2-in-x-12-in-x-14-ft-spruce-lumber,2026-05-09T11:40:01.305027
IHL Canada,Lumber,2 in. x 6 in. x 104-5/8 in. Spruce Lumber,20921,8.1,,Default Title,https://ihlcanada.com/products/2-in-x-6-in-x-104-5-8-in-spruce-lumber,2026-05-09T11:40:01.305029
IHL Canada,Lumber,1 in. x 2 in. x 8 ft. Brown Pressure Treated Lumber,22103,3.89,,Default Title,https://ihlcanada.com/products/1-in-x-2-in-x-8-ft-brown-pressure-treated-lumber,2026-05-09T11:40:01.305032
IHL Canada,Lumber,2 in. x 4 in. x 8 ft. Brown Grooved Pressure Treated Lumber,22114,13.89,,Default Title,https://ihlcanada.com/products/2-in-x-4-in-x-8-ft-brown-grooved-pressure-treated-lumber,2026-05-09T11:40:01.305034
IHL Canada,Lumber,1 in. x 6 in. x 5 ft. Brown Pressure Treated Lumber,22106,3.43,,Default Title,https://ihlcanada.com/products/1-in-x-6-in-x-5-ft-brown-pressure-treated-lumber,2026-05-09T11:40:01.305038
IHL Canada,Lumber,2 in. x 6 in. x 12 ft. Round Edge Brown Pressure Treated Decking Board,32390,20.83,,Default Title,https://ihlcanada.com/products/radius-edge-decking-2-inches-x-6-inches-x-12feet-pressure-treated-brown,2026-05-09T11:40:01.305040
IHL Canada,Lumber,2 in. x 6 in. x 10 ft. Round Edge Brown Pressure Treated Decking Board,32574,17.36,,Default Title,https://ihlcanada.com/products/radius-edge-decking-2-inches-x-6-inches-x-10feet-pressure-treated-brown,2026-05-09T11:40:01.305042
IHL Canada,Lumber,2 in. x 10 in. x 16 ft. Non-Cleated Spruce Scaffold Plank,27513,85.0,,Default Title,https://ihlcanada.com/products/2-in-x-10-in-x-16-ft-non-cleated-spruce-scaffold-plank,2026-05-09T11:40:01.305045
IHL Canada,Lumber,"5/8"" x 49"" x 97"" MDF Medium Density Fiberboard",34456,49.98,,Default Title,https://ihlcanada.com/products/medium-density-fibreboard-mdf-49-inches-x-97-inches-x-5-8-inches,2026-05-09T11:40:01.305049
IHL Canada,Lumber,2 in. x 12 in. x 16 ft. Spruce Lumber,20941,59.78,,Default Title,https://ihlcanada.com/products/2-in-x-12-in-x-16-ft-spruce-lumber,2026-05-09T11:40:01.305051
IHL Canada,Lumber,T909E 3/8 in. x 1-3/16 in. Primed MDF Ultra Light Stop Moulding,28424,2.93,,Default Title,https://ihlcanada.com/products/taiga-t909e-3-8-in-x-1-3-16-in-primed-mdf-ultra-light-stop,2026-05-09T11:40:01.305053
IHL Canada,Lumber,2 in. x 4 in. x 116-5/8 in. Spruce Lumber,20914,6.1,,Default Title,https://ihlcanada.com/products/2-in-x-4-in-x-116-5-8-in-spruce-lumber,2026-05-09T11:40:01.305055
IHL Canada,Lumber,2 in. x 6 in. x 116-5/8 in. Spruce Lumber,20922,10.13,,Default Title,https://ihlcanada.com/products/2-in-x-6-in-x-116-5-8-in-spruce-lumber,2026-05-09T11:40:01.305058
IHL Canada,Lumber,2 in. x 2 in. x 48 in. Brown Pressure Treated Square Baluster Picket,26458,2.9,,Default Title,https://ihlcanada.com/products/2-in-x-2-in-x-48-in-brown-pressure-treated-square-baluster-picket,2026-05-09T11:40:01.305060
IHL Canada,Lumber,2 in. x 10 in. x 8 ft. Brown Pressure Treated Lumber,22130,19.65,,Default Title,https://ihlcanada.com/products/2-in-x-10-in-x-8-ft-brown-pressure-treated-lumber,2026-05-09T11:40:01.305062
IHL Canada,Lumber,2 in. x 2 in. x 42 in. Brown Pressure Treated Square End Baluster,22164,2.53,,Default Title,https://ihlcanada.com/products/2-in-x-2-in-x-42-in-brown-pressure-treated-square-end-baluster,2026-05-09T11:40:01.305064
IHL Canada,Lumber,2 in. x 10 in. x 10 ft. Brown Pressure Treated Lumber,22131,24.56,,Default Title,https://ihlcanada.com/products/2-in-x-10-in-x-8-ft-brown-pressure-treated-lumber-1,2026-05-09T11:40:01.305066
IHL Canada,Plywood,7/16 in. x 4 ft. x 8 ft. OSB Oriented Strand Board,20954,13.98,,Default Title,https://ihlcanada.com/products/4-ft-x-8-ft-oriented-strand-board,2026-05-09T11:40:02.753044
IHL Canada,Plywood,5/8 in. x 4 ft. x 8 ft. Tongue and Grooved OSB Oriented Strand Board,20955,22.48,,Default Title,https://ihlcanada.com/products/5-8-in-x-4-ft-x-8-ft-tongue-and-grooved-osb-oriented-strand-board,2026-05-09T11:40:02.753057
IHL Canada,Plywood,3/8 in. x 4 ft. x 8 ft. Degrade Spruce Plywood,26786,24.74,,Default Title,https://ihlcanada.com/products/4-ft-x-8-ft-degrade-spruce-plywood,2026-05-09T11:40:02.753060
IHL Canada,Plywood,3/4 in. x 4 ft. x 8 ft. Tongue and Grooved Oriented Strand Board,20956,26.98,,Default Title,https://ihlcanada.com/products/4-ft-x-8-ft-x-3-4-in-tongue-and-grooved-oriented-strand-board,2026-05-09T11:40:02.753063
IHL Canada,Plywood,3/8 in. x 4 ft. x 8 ft. Standard Spruce Plywood,20947,27.49,,Default Title,https://ihlcanada.com/products/4-ft-x-8-ft-standard-spruce-plywood,2026-05-09T11:40:02.753065
IHL Canada,Plywood,1/2 in. x 4 ft. x 8 ft. Degrade Spruce Plywood,26785,32.84,,Default Title,https://ihlcanada.com/products/4-ft-x-8-ft-x-1-2-in-d-grade-spruce-plywood,2026-05-09T11:40:02.753068
IHL Canada,Plywood,1/2 in. x 4 ft. x 8 ft. Standard Spruce Plywood,20948,36.49,,Default Title,https://ihlcanada.com/products/1-2-in-x-4-ft-x-8-ft-standard-spruce-plywood,2026-05-09T11:40:02.753070
IHL Canada,Plywood,5/8 in. x 4 ft. x 8 ft. Degrade Spruce Plywood,26783,42.53,,Default Title,https://ihlcanada.com/products/4-ft-x-8-ft-x-5-8-in-d-grade-spruce-plywood,2026-05-09T11:40:02.753073
IHL Canada,Plywood,5/8 in. x 4 ft. x 8 ft. Tongue-and-Groove Spruce Plywood,20950,47.25,,Default Title,https://ihlcanada.com/products/4-ft-x-8-ft-x-5-8-in-standard-spruce-tongue-and-groove-plywood,2026-05-09T11:40:02.753075
IHL Canada,Plywood,5/8 in. x 4 ft. x 8 ft. Standard Spruce Plywood,20949,47.25,,Default Title,https://ihlcanada.com/products/5-8-in-x-4-ft-x-8-ft-standard-spruce-plywood,2026-05-09T11:40:02.753078
IHL Canada,Plywood,3/4 in. x 4 ft. x 8 ft. Degrade Spruce Plywood,26784,50.84,,Default Title,https://ihlcanada.com/products/4-ft-x-8-ft-x-3-4-in-d-grade-spruce-plywood,2026-05-09T11:40:02.753080
IHL Canada,Plywood,1/2 in. x 4 ft. x 8 ft. Sienna Brown Pressure Treated Plywood,21734,51.89,,Default Title,https://ihlcanada.com/products/4-ft-x-8-ft-sienna-brown-pressure-treated-plywood,2026-05-09T11:40:02.753083
IHL Canada,Plywood,3/4 in. 4 ft. x 8 ft. Tongue and Groove Spruce Plywood,20952,56.49,,Default Title,https://ihlcanada.com/products/4-ft-x-8-ft-x-3-4-in-standard-spruce-tongue-and-groove-plywood,2026-05-09T11:40:02.753086
IHL Canada,Plywood,3/4 in. x 4 ft. x 8 ft. Standard Spruce Plywood,20951,56.49,,Default Title,https://ihlcanada.com/products/3-4-in-x-4-ft-x-8-ft-standard-spruce-plywood,2026-05-09T11:40:02.753088
IHL Canada,Plywood,5/8 in. x 4 ft. x 8 ft. Sienna Brown Pressure Treated Plywood,22465,64.1,,Default Title,https://ihlcanada.com/products/5-8-in-x-4-ft-x-8-ft-sienna-brown-pressure-treated-plywood,2026-05-09T11:40:02.753091
IHL Canada,Plywood,1/2 in. x 4 ft. x 8 ft. Fire-Resistant Treated Plywood,27366,69.0,,Default Title,https://ihlcanada.com/products/4-ft-x-8-ft-fire-resistant-treated-plywood,2026-05-09T11:40:02.753093
IHL Canada,Plywood,3/4 in. x 4 ft. x 8 ft. Sienna Brown Pressure Treated Plywood,22466,74.1,,Default Title,https://ihlcanada.com/products/3-4-in-x-4-ft-x-8-ft-sienna-brown-pressure-treated-plywood,2026-05-09T11:40:02.753099
IHL Canada,Plywood,3/4 in. x 4 ft. x 8 ft. S2S Birch Plywood,28421,76.25,,Default Title,https://ihlcanada.com/products/3-4-in-x-4-ft-x-8-ft-baltic-birch-plywood,2026-05-09T11:40:02.753102
IHL Canada,Plywood,5/8 in. x 4 ft. x 8 ft. Fire-Resistant Treated Plywood,27650,83.0,,Default Title,https://ihlcanada.com/products/4-ft-x-8-ft-x-5-8-in-fire-rated-plywood,2026-05-09T11:40:02.753105
IHL Canada,Plywood,11/16 in. x 4 ft. x 8 ft. Ultraform 7 Layer Concrete Formply Plywood,21967,89.95,,Default Title,https://ihlcanada.com/products/11-16-in-x-4-ft-x-8-ft-ultraform-7-layer-formply-plywood,2026-05-09T11:40:02.753107
IHL Canada,Plywood,3/4 in. 4 ft x 8 ft. Fire-Resistant Treated Plywood,21735,98.0,,Default Title,https://ihlcanada.com/products/4-ft-x-8-ft-x-3-4-in-fire-rated-plywood,2026-05-09T11:40:02.753110
IHL Canada,Metal Framing,DuraDrive 1-5/8 in. x 10 ft. 25-Gauge Metal Framing Stud,28385,7.75,,Default Title,https://ihlcanada.com/products/duradrive-1-5-8-in-x-10-ft-25-gauge-metal-stud,2026-05-09T11:40:04.149180
IHL Canada,Metal Framing,DuraDrive 1-5/8 in. x 10 ft. 25-Gauge Metal Framing Track,28387,6.93,,Default Title,https://ihlcanada.com/products/duradrive-10-ft-length-25-gauge-metal-framing-track,2026-05-09T11:40:04.149191
IHL Canada,Metal Framing,DuraDrive 1-5/8 in. x 8 ft. 25-Gauge Metal Framing Stud,28383,6.25,,Default Title,https://ihlcanada.com/products/duradrive-25-gauge-wall-framing-metal-stud,2026-05-09T11:40:04.149194
IHL Canada,Metal Framing,DuraDrive 12 ft x 1-5/8 in x 0.018 in Wall Metal Framing Stud,28386,9.25,,Default Title,https://ihlcanada.com/products/duradrive-1-5-8-in-x-12-ft-25-gauge-metal-stud,2026-05-09T11:40:04.149197
IHL Canada,Metal Framing,DuraDrive 2-1/2 in. x 10 ft. 25-Gauge Metal Framing Stud,28390,8.7,,Default Title,https://ihlcanada.com/products/duradrive-2-1-2-in-x-10-ft-25-gauge-metal-stud,2026-05-09T11:40:04.149200
IHL Canada,Metal Framing,DuraDrive 2-1/2 in. x 10 ft. 25-Gauge Metal Framing Track,28392,9.89,,Default Title,https://ihlcanada.com/products/duradrive-2-1-2-in-x-10-ft-metal-framing-track,2026-05-09T11:40:04.149202
IHL Canada,Metal Framing,DuraDrive 2-1/2 in. x 8 ft. 25-Gauge Metal Framing Stud,28388,6.93,,Default Title,https://ihlcanada.com/products/duradrive-2-1-2-in-x-8-ft-25-gauge-metal-stud,2026-05-09T11:40:04.149205
IHL Canada,Metal Framing,DuraDrive 2-1/2 in. x 9 ft. 25-Gauge Metal Framing Stud,28389,7.8,,Default Title,https://ihlcanada.com/products/duradrive-2-1-2-in-x-9-ft-25-gauge-metal-stud,2026-05-09T11:40:04.149208
IHL Canada,Metal Framing,DuraDrive 3-5/8 in. x 10 ft. 25-Gauge Metal Framing Stud,28374,11.1,,Default Title,https://ihlcanada.com/products/duradrive-3-5-8-in-x-10-ft-25-gauge-metal-stud,2026-05-09T11:40:04.149210
IHL Canada,Metal Framing,DuraDrive 3-5/8 in. x 10 ft. 25-Gauge Metal Framing Track,28375,10.99,,Default Title,https://ihlcanada.com/products/duradrive-3-5-8-in-x-10-ft-25-gauge-metal-framing-track,2026-05-09T11:40:04.149213
IHL Canada,Metal Framing,DuraDrive 3-5/8 in. x 12 ft. 25-Gauge Metal Framing Stud,28395,13.25,,Default Title,https://ihlcanada.com/products/duradrive-3-5-8-in-x-12-ft-25-gauge-metal-stud,2026-05-09T11:40:04.149216
IHL Canada,Metal Framing,DuraDrive 3-5/8 in. x 8 ft. 25-Gauge Metal Framing Stud,28393,8.99,,Default Title,https://ihlcanada.com/products/duradrive-3-5-8-in-x-8-ft-25-gauge-metal-stud,2026-05-09T11:40:04.149218
IHL Canada,Metal Framing,DuraDrive 3-5/8 in. x 9 ft. 25-Gauge Metal Framing Stud,28394,9.75,,Default Title,https://ihlcanada.com/products/duradrive-3-5-8-in-x-9-ft-25-gauge-metal-stud,2026-05-09T11:40:04.149221
IHL Canada,Metal Framing,DuraDrive 6 in. x 10 ft. 25-Gauge Metal Framing Stud,28398,12.98,,Default Title,https://ihlcanada.com/products/duradrive-6-in-x-10-ft-25-gauge-metal-stud,2026-05-09T11:40:04.149223
IHL Canada,Metal Framing,DuraDrive 6 in. x 10 ft. 25-Gauge Metal Framing Track,28399,12.65,,Default Title,https://ihlcanada.com/products/duradrive-6-in-x-10-ft-25-gauge-metal-framing-track,2026-05-09T11:40:04.149226
IHL Canada,Metal Framing,DuraDrive 7/8 in x 12 ft x 0.025 in Drywall Furring Channel,28564,9.49,,Default Title,https://ihlcanada.com/products/duradrive-7-8-in-x-12-ft-drywall-furring-channel,2026-05-09T11:40:04.149229
IHL Canada,Metal Framing,DuraDrive 7/8 in. x 10 ft. 0.025-Gauge Drywall Furring Channel,28401,8.98,,Default Title,https://ihlcanada.com/products/duradrive-7-8-in-width-18-gauge-drywall-furring-channel,2026-05-09T11:40:04.149231
IHL Canada,Metal Framing,DuraDrive C54 1-1/2 in. x 1/2 in. x 12 ft. 18-Gauge Metal Stiffener Channel,28410,11.65,,Default Title,https://ihlcanada.com/products/duradrive-c54-1-1-2-in-x-1-2-in-x-12-ft-18-gauge-metal-stiffener-channel,2026-05-09T11:40:04.149234
IHL Canada,Metal Framing,DuraDrive C54 3/4 in. x 1/2 in. x 12 ft. 18-Gauge Metal Stiffener Channel,30226,11.49,,Default Title,https://ihlcanada.com/products/duradrive-c54-3-4-in-x-1-2-in-x-12-ft-18-gauge-metal-stiffener-channel,2026-05-09T11:40:04.149236
IHL Canada,Metal Framing,RC Plus 12 ft. Resilient Channel,28400,8.75,,Default Title,https://ihlcanada.com/products/rc-plus-12-ft-resilient-channel,2026-05-09T11:40:04.149238
IHL Canada,Insulation,SAX 360 24.5 oz. / 750 ml Extreme Climate Expanding Spray Foam Insulation,30100,9.49,,Default Title,https://ihlcanada.com/products/sax-dual-valve-insulating-gun-grade-sealant,2026-05-09T11:40:05.696521
IHL Canada,Insulation,Selsil 17 oz. / 500 ml Spray Foam Gun Cleaner,28123,6.99,,Default Title,https://ihlcanada.com/products/selsil-500-ml-selfix-expanding-insulating-spray-foam-gun-grade-cleaner,2026-05-09T11:40:05.696534
IHL Canada,Insulation,HandiFoam E84 Insulating Spray Foam Kit (201 bd.ft.),32902,489.99,,Default Title,https://ihlcanada.com/products/handifoam-e84-foam,2026-05-09T11:40:05.696537
IHL Canada,Insulation,HandiFoam E84 Insulating Spray Foam Kit (601 bd. ft.),32901,1099.0,,Default Title,https://ihlcanada.com/products/handifoam-ii-605-e84-spray-foam-kit-2-boxes,2026-05-09T11:40:05.696539
IHL Canada,Insulation,Silverboard 1.5 in. x 4 ft. x 8 ft. Type-3 Under Slab Rigid Foam Board Insulation,16801,46.79,,Default Title,https://ihlcanada.com/products/copy-of-amvic-silverboard-sb35s1000s-1-in-x-4-ft-x-8-ft-type-3-under-slab-rigid-foam-board-insulation,2026-05-09T11:40:05.696542
IHL Canada,Insulation,Silverboard 1 in. x 4 ft. x 8 ft. Type-3 Under Slab Rigid Foam Board Insulation,16799,29.77,,Default Title,https://ihlcanada.com/products/amvic-silverboard-4-ft-x-8-ft-type-3-reflective-and-under-slab-rigid-butt-edge-foam-board-insulation,2026-05-09T11:40:05.696545
IHL Canada,Insulation,Silverboard 2 in. x 4 ft. x 8 ft. Type-3 Under Slab Rigid Foam Board Insulation,16803,59.54,,Default Title,https://ihlcanada.com/products/copy-of-amvic-silverboard-sb35s1000s-1-in-x-4-ft-x-8-ft-type-3-under-slab-rigid-foam-board-insulation-1,2026-05-09T11:40:05.696547
IHL Canada,Insulation,"Sopra XPS-30 2 in. x 24 in. x 96 in.
  Butt-Edge Extruded Polystyrene Rigid Insulation",27390,31.89,,Default Title,https://ihlcanada.com/products/sopra-xps-30-2-in-x-24-in-x-96-in-butt-edge-extruded-polystyrene-rigid-insulation,2026-05-09T11:40:05.696550
IHL Canada,Insulation,"Sopra XPS-30 4 in. x 24 in. x 96 in.
  Shiplap Extruded Polystyrene Rigid Insulation",30239,63.79,,Default Title,https://ihlcanada.com/products/sopra-xps-30-4-in-x-24-in-x-96-in-shiplap-four-edge-extruded-polystyrene-rigid-insulation,2026-05-09T11:40:05.696552
IHL Canada,Insulation,Owens Corning R-12 EcoTouch 15 in. x 47 in. x 3.5 in. Pink Fiberglas Insulation (97.9 sq. ft.),21378,65.53,,Default Title,https://ihlcanada.com/products/owens-corning-r-12-ecotouch-15-in-x-47-in-x-3-5-in-pink-fiberglas-insulation-97-9-sq-ft,2026-05-09T11:40:05.696554
IHL Canada,Insulation,Owens Corning R-22 EcoTouch 15 in. x 47 in. x 5.5 in. Pink Fiberglas Insulation (49.0 sq. ft.),20792,64.55,,Default Title,https://ihlcanada.com/products/owens-corning-r-22-ecotouch-15-in-x-47-in-x-5-5-in-pink-fiberglas-insulation-49-0-sq-ft,2026-05-09T11:40:05.696557
IHL Canada,Insulation,ROCKWOOL COMFORTBATT R22 5.5 in. x 23 in. x 47 in. Wood Stud Insulation,21359,98.97,,Default Title,https://ihlcanada.com/products/rockwool-comfortbatt-r22-5-5-in-x-23-in-x-47-in-wood-stud-insulation,2026-05-09T11:40:05.696559
IHL Canada,Insulation,ROCKWOOL COMFORTBATT R32 8 in. x 15.25 in. x 47 in. Wood Stud Insulation,21361,115.1,,Default Title,https://ihlcanada.com/products/rockwool-comfortbatt-r32-8-in-x-15-25-in-x-47-in-wood-stud-insulation,2026-05-09T11:40:05.696562
IHL Canada,Insulation,SAX 17 oz. / 500 ml Extreme Climate Expanding Spray Foam Insulation,28098,7.99,,Default Title,https://ihlcanada.com/products/sax-all-weather-polyurethane-spray-expanding-foam-500-ml-17oz,2026-05-09T11:40:05.696564
IHL Canada,Insulation,Amvic Envirosheet EN20S25004 2-1/2 in. x 4 ft. x 8 ft. Type-2 EPS Rigid Foam Board Insulation (6-Piece),32515,285.0,,Default Title,https://ihlcanada.com/products/amvic-envirosheet-en20s25004-2-1-2-in-x-4-ft-x-8-ft-type-2-eps-rigid-foam-board-insulation-6-piece,2026-05-09T11:40:05.696566
IHL Canada,Insulation,Amvic Bead Board 4 in. x 2 ft. x 8 ft. Rigid Foam Board Insulation (6-Pack),32578,159.43,,Default Title,https://ihlcanada.com/products/bead-board-2-x-8-x-4-6pcs-bdl-96-sqft-bdl-32-cuft-bdl,2026-05-09T11:40:05.696569
IHL Canada,Insulation,Amvic Envirosheet EN12S20004 2 in. x 4 ft. x 8 ft. Type-1 EPS Rigid Foam Board Insulation (7-Piece),32341,198.0,,Default Title,https://ihlcanada.com/products/amvic-envirosheet-en12s20004-2-in-x-4-ft-x-8-ft-type-1-eps-rigid-foam-board-insulation-7-piece,2026-05-09T11:40:05.696571
IHL Canada,Insulation,Amvic Bead Board 2-1/2 in. x 2 ft. x 4 ft. Rigid Foam Board Insulation (24-Pack),10308,205.0,,Default Title,https://ihlcanada.com/products/amvic-eifs-cut0005-2-1-2-in-x-2-ft-x-4-ft-rigid-foam-board-insulation-24-piece,2026-05-09T11:40:05.696574
IHL Canada,Insulation,"Sopra XPS-30 2 in.
  x 24 in. x 96 in. Shiplap Extruded Polystyrene Rigid Insulation",27389,31.89,,Default Title,https://ihlcanada.com/products/sopra-xps-30-2-in-x-24-in-x-96-in-shiplap-four-edge-extruded-polystyrene-rigid-insulation,2026-05-09T11:40:05.696576
IHL Canada,Insulation,"Sopra XPS-30 1 in. x 24 in. x 96 in.
  Butt-Edge Extruded Polystyrene Rigid Insulation",27997,15.95,,Default Title,https://ihlcanada.com/products/sopra-xps-30-1-in-x-24-in-x-96-in-square-edge-extruded-polystyrene-rigid-insulation,2026-05-09T11:40:05.696578
IHL Canada,Insulation,"Sopra XPS-100 2 in. x 24 in. x 96 in.
  Butt-Edge Extruded Polystyrene Rigid Insulation",28334,82.3,,Default Title,https://ihlcanada.com/products/sopra-xps-100-2-in-x-24-in-x-96-in-butt-edge-extruded-polystyrene-rigid-insulation,2026-05-09T11:40:05.696581
IHL Canada,Insulation,"Sopra XPS-30 1-1/2 in. x 24 in. x 96 in.
  Shiplap Extruded Polystyrene Rigid Insulation",27393,23.89,,Default Title,https://ihlcanada.com/products/sopra-xps-30-1-1-2-in-x-24-in-x-96-in-shiplap-four-edge-extruded-polystyrene-rigid-insulation,2026-05-09T11:40:05.696583
IHL Canada,Insulation,ROCKWOOL COMFORTBATT R32 8 in. x 23 in. x 47 in. Wood Stud Insulation,21362,115.46,,Default Title,https://ihlcanada.com/products/rockwool-comfortbatt-r32-8-in-x-23-in-x-47-in-wood-stud-insulation,2026-05-09T11:40:05.696585
IHL Canada,Insulation,ROCKWOOL COMFORTBATT R14 3.5 in. x 16.25 in. x 48 in. Steel Stud Insulation,21363,103.45,,Default Title,https://ihlcanada.com/products/rockwool-comfortbatt-r14-3-5-in-x-16-25-in-x-48-in-steel-stud-insulation,2026-05-09T11:40:05.696588
IHL Canada,Insulation,ROCKWOOL COMFORTBATT R14 3.5 in. x 23 in. x 47 in. Wood Stud Insulation,21357,103.25,,Default Title,https://ihlcanada.com/products/rockwool-comfortbatt-r14-3-5-in-x-23-in-x-47-in-wood-stud-insulation,2026-05-09T11:40:05.696590
IHL Canada,Insulation,ROCKWOOL COMFORTBOARD 80 1.5 in. x 24 in. x 48 in. Continuous Insulation (6-Pack),29039,96.1,,Default Title,https://ihlcanada.com/products/rockwool-comfortboard-80-1-5-in-x-24-in-x-48-in-continuous-insulation-6-pack,2026-05-09T11:40:05.696592
IHL Canada,Insulation,Owens Corning EcoTouch QuietZone 2 in. x 4 in. Metal Stud with 16 in. Pink Fiberglas Walls Acoustic,20849,87.4,,Default Title,https://ihlcanada.com/products/owens-corning-2-in-x-4-in-metal-stud-with-16-in-centers-ecotouch-quietzone-pink-fiberglass-walls-acoustic-batt-insulation-24-piece-128-sqft,2026-05-09T11:40:05.696594
IHL Canada,Insulation,Owens Corning EcoTouch QuietZone 15 in. x 48 in. x 3.5 in. Pink Fiberglas Acoustic Insulation (110.0 sq. ft.),20847,79.72,,Default Title,https://ihlcanada.com/products/owens-corning-ecotouch-quietzone-15-in-x-48-in-x-3-5-in-pink-fiberglas-acoustic-insulation-110-0-sq-ft,2026-05-09T11:40:05.696597
IHL Canada,Insulation,Owens Corning R-14 EcoTouch 23 in. x 47 in. x 3.5 in. Pink Fiberglas Insulation (120.1 sq. ft.),21380,115.88,,Default Title,https://ihlcanada.com/products/owens-corning-r-14-ecotouch-23-in-x-47-in-x-3-5-in-pink-fiberglas-insulation-120-1-sq-ft,2026-05-09T11:40:05.696599
IHL Canada,Insulation,Owens Corning R-20 EcoTouch 23 in. x 47 in. x 6 in. Pink Fiberglas Insulation (120.1 sq. ft.),21391,143.1,,Default Title,https://ihlcanada.com/products/owens-corning-r-20-ecotouch-23-in-x-47-in-x-6-in-pink-fiberglas-insulation-120-1-sq-ft,2026-05-09T11:40:05.696601
IHL Canada,Insulation,"Sopra XPS-60 2 in. x 24 in. x 96 in.
  Butt-Edge Extruded Polystyrene Rigid Insulation",27438,43.65,,Default Title,https://ihlcanada.com/products/sopra-xps-60-2-in-x-24-in-x-96-in-butt-edge-extruded-polystyrene-rigid-insulation,2026-05-09T11:40:05.696603
IHL Canada,Insulation,"Sopra XPS-30 3 in. x 24 in. x 96 in.
  Butt-Edge Extruded Polystyrene Rigid Insulation",27395,47.85,,Default Title,https://ihlcanada.com/products/sopra-xps-30-3-in-x-24-in-x-96-in-butt-edge-extruded-polystyrene-rigid-insulation,2026-05-09T11:40:05.696606
IHL Canada,Insulation,"Sopra XPS-20 2 in. x 24 in. x 96 in.
  Butt-Edge Extruded Polystyrene Rigid Insulation",28447,30.95,,Default Title,https://ihlcanada.com/products/sopra-xps-20-2-in-x-24-in-x-96-in-butt-edge-extruded-polystyrene-rigid-insulation,2026-05-09T11:40:05.696608
IHL Canada,Insulation,"Sopra XPS-60 1 in. x 24 in. x 96 in.
  Butt-Edge Extruded Polystyrene Rigid Insulation",30051,21.82,,Default Title,https://ihlcanada.com/products/sopra-xps-60-1-in-x-24-in-x-96-in-butt-edge-extruded-polystyrene-rigid-insulation,2026-05-09T11:40:05.696611
IHL Canada,Insulation,ROCKWOOL ROXUL SAFE 45 1 in. x 24 in. x 48 in. Semi-Rigid Stone Wool Fire Resistant Insulation Board (18-Pack),21373,117.14,,Default Title,https://ihlcanada.com/products/rockwool-roxul-safe-45-1-in-x-24-in-x-48-in-semi-rigid-stone-wool-fire-resistant-insulation-board-18-pack,2026-05-09T11:40:05.696613
IHL Canada,Insulation,Owens Corning 22-1/2 in. x 48 in. Raft-R-Mate Attic Rafter Vents with Optional Air Stop Insulation B,20851,3.75,,Default Title,https://ihlcanada.com/products/owens-corning-22-1-2-in-x-48-in-raft-r-mate-attic-rafter-vents-with-optional-air-stop-insulation-block,2026-05-09T11:40:05.696615
IHL Canada,Insulation,ROCKWOOL AFB 3 in. x 24 in. x 48 in. Acoustical Fire Batt Insulation,13508,115.1,,Default Title,https://ihlcanada.com/products/rockwool-afb-3-in-x-24-in-x-48-in-acoustical-fire-batt-insulation,2026-05-09T11:40:05.696618
IHL Canada,Insulation,ROCKWOOL AFB 6 in. x 16 in. x 48 in. Acoustical Fire Batts (32 sq. ft. per Bag),21371,113.05,,Default Title,https://ihlcanada.com/products/rockwool-afb-6-in-x-16-in-x-48-in-acoustical-fire-batts-32-sq-ft-per-bag,2026-05-09T11:40:05.696620
IHL Canada,Insulation,ROCKWOOL AFB 3.5 in. x 16 in. x 48 in. Acoustical Fire Batts (64 sq. ft. per Bag),21370,132.23,,Default Title,https://ihlcanada.com/products/rockwool-afb-3-5-in-x-16-in-x-48-in-acoustical-fire-batts-64-sq-ft-per-bag,2026-05-09T11:40:05.696622
IHL Canada,Insulation,ROCKWOOL AFB 1.5 in. x 16 in. x 48 in. Acoustical Fire Batts (96 sq. ft. per Bag),21369,106.78,,Default Title,https://ihlcanada.com/products/rockwool-afb-1-5-in-x-16-in-x-48-in-acoustical-fire-batts-96-sq-ft-per-bag,2026-05-09T11:40:05.696625
IHL Canada,Insulation,Owens Corning R-40 EcoTouch 16 in. x 48 in. x 11 in. Pink Fiberglas Insulation (32.0 sq. ft.),20843,69.95,,Default Title,https://ihlcanada.com/products/owens-corning-r-40-ecotouch-16-in-x-48-in-x-11-in-pink-fiberglas-insulation-32-0-sq-ft,2026-05-09T11:40:05.696627
IHL Canada,Insulation,Owens Corning R-20 EcoTouch 15 in. x 47 in. x 6 in. Pink Fiberglas Insulation (78.3 sq. ft.),20840,94.5,,Default Title,https://ihlcanada.com/products/owens-corning-r-20-ecotouch-15-in-x-47-in-x-6-in-pink-fiberglas-insulation-78-3-sq-ft,2026-05-09T11:40:05.696629
IHL Canada,Insulation,Owens Corning R-24 EcoTouch 14-3/4 in. x 47 in. x 5.5 in. Pink Fiberglas Insulation (33.7 sq. ft.),20793,90.9,,Default Title,https://ihlcanada.com/products/owens-corning-r-24-ecotouch-14-3-4-in-x-47-in-x-5-5-in-pink-fiberglas-insulation-33-7-sq-ft,2026-05-09T11:40:05.696632
IHL Canada,Insulation,Owens Corning R-40 EcoTouch 24 in. x 48 in. x 11 in. Pink Fiberglas Insulation (48.0 sq. ft.),20844,119.7,,Default Title,https://ihlcanada.com/products/owens-corning-r-40-ecotouch-24-in-x-48-in-x-11-in-pink-fiberglas-insulation-48-0-sq-ft,2026-05-09T11:40:05.696634
IHL Canada,Insulation,TLP R20 4 ft. x 35 ft. Fibreglass Basement Insulation Foundation Blanket,21403,225.0,,Default Title,https://ihlcanada.com/products/tlp-r20-4-ft-x-35-ft-fiberglass-basement-insulation-foundation-blanket,2026-05-09T11:40:05.696636
IHL Canada,Insulation,ROCKWOOL SAFE 'n' SOUND 3 in. x 15.25 in. x 47 in. Wood Stud Insulation (59.7 sq. ft. per Bag),21374,104.22,,Default Title,https://ihlcanada.com/products/rockwool-safe-n-sound-3-in-x-15-25-in-x-47-in-wood-stud-insulation-59-7-sq-ft-per-bag,2026-05-09T11:40:05.696638
IHL Canada,Insulation,ROCKWOOL SAFE 'n' SOUND 3 in. x 16.25 in. x 48 in. Steel Stud (64 sq. ft. per Bag),21376,111.69,,Default Title,https://ihlcanada.com/products/rockwool-safe-n-sound-3-in-x-16-25-in-x-48-in-steel-stud-64-sq-ft-per-bag,2026-05-09T11:40:05.696641
IHL Canada,Insulation,Owens Corning R-12 EcoTouch 23 in. x 47 in. x 3.5 in. Pink Fiberglas Insulation (150.1 sq. ft.),21379,109.8,,Default Title,https://ihlcanada.com/products/owens-corning-r-12-ecotouch-23-in-x-47-in-x-3-5-in-pink-fiberglas-insulation-150-1-sq-ft,2026-05-09T11:40:05.696643
IHL Canada,Insulation,Amvic Bead Board 2 in. x 2 ft. x 4 ft. Rigid Foam Board Insulation (30-Pack),10307,205.0,,Default Title,https://ihlcanada.com/products/amvic-eifs-cut0004-2-in-x-2-ft-x-4-ft-rigid-foam-board-insulation-30-piece,2026-05-09T11:40:05.696645
IHL Canada,Insulation,Owens Corning EcoTouch QuietZone 15 in. x 48 in. x 6 in. Pink Fiberglas Acoustic Insulation (80.0 sq. ft.),20848,90.1,,Default Title,https://ihlcanada.com/products/owens-corning-ecotouch-quietzone-15-in-x-48-in-x-6-in-pink-fiberglas-acoustic-insulation-80-0-sq-ft,2026-05-09T11:40:05.696648
IHL Canada,Insulation,Amvic Bead Board 1-1/2 in. x 2 ft. x 4 ft. Rigid Foam Board Insulation (40-Pack),10306,205.0,,Default Title,https://ihlcanada.com/products/amvic-eifs-cut0003-1-1-2-in-x-2-ft-x-4-ft-rigid-foam-board-insulation-40-piece,2026-05-09T11:40:05.696650
IHL Canada,Insulation,Amvic Bead Board 3 in. x 2 ft. x 4 ft. Rigid Foam Board Insulation (20-Pack),10309,205.0,,Default Title,https://ihlcanada.com/products/amvic-eifs-cut0006-3-in-x-2-ft-x-4-ft-rigid-foam-board-insulation-20-piece,2026-05-09T11:40:05.696652
IHL Canada,Insulation,Amvic Bead Board 1 in. x 2 ft. x 4 ft. Rigid Foam Board Insulation (60-Pack),10305,205.0,,Default Title,https://ihlcanada.com/products/amvic-eifs-cut0002-1-in-x-2-ft-x-4-ft-rigid-foam-board-insulation-60-piece,2026-05-09T11:40:05.696655
IHL Canada,Insulation,Amvic Bead Board 4 in. x 2 ft. x 4 ft. Rigid Foam Board Insulation (14-Pack),10310,186.0,,Default Title,https://ihlcanada.com/products/amvic-eifs-cut0008-4-in-x-2-ft-x-4-ft-rigid-foam-board-insulation-14-piece,2026-05-09T11:40:05.696657
IHL Canada,Insulation,DuraDrive 6-1/2 in. EIFS Insulation Fastener (500-Pack),12379,140.98,,Default Title,https://ihlcanada.com/products/duradrive-6-1-2-in-eifs-insulation-fastener-500-pack,2026-05-09T11:40:05.696660
IHL Canada,Insulation,DuraDrive 3-1/2 in. EIFS Insulation Fastener (500-Pack),12376,82.43,,Default Title,https://ihlcanada.com/products/copy-of-duradrive-2-3-4-in-eifs-insulation-fastener-500-pack,2026-05-09T11:40:05.696662
IHL Canada,Insulation,DuraDrive 4-1/2 in. EIFS Insulation Fastener (500-Pack),12377,97.3,,Default Title,https://ihlcanada.com/products/copy-of-duradrive-2-3-4-in-eifs-insulation-fastener-500-pack-1,2026-05-09T11:40:05.696664
IHL Canada,Insulation,"DuraDrive 2 in. Stucco Insulation EIFS Nipple Plastic Washer (1,000-Pack)",17250,62.0,,Default Title,https://ihlcanada.com/products/duradrive-2-in-stucco-insulation-eifs-nipple-plastic-washer-1-000-pack,2026-05-09T11:40:05.696667
IHL Canada,Insulation,DuraDrive 2-3/4 in. EIFS Insulation Fastener (500-Pack),12375,76.95,,Default Title,https://ihlcanada.com/products/duradrive-eifs-insulation-fasteners,2026-05-09T11:40:05.696669
IHL Canada,Insulation,DuraDrive 5-1/2 in. EIFS Insulation Fastener (500-Pack),12378,121.56,,Default Title,https://ihlcanada.com/products/copy-of-duradrive-2-3-4-in-eifs-insulation-fastener-500-pack-2,2026-05-09T11:40:05.696671
IHL Canada,Insulation,ROCKWOOL COMFORTBATT R22 5.5 in. x 15.25 in. x 47 in. Wood Stud Insulation,21358,105.11,,Default Title,https://ihlcanada.com/products/rockwool-comfortbatt-r22-5-5-in-x-15-25-in-x-47-in-wood-stud-insulation,2026-05-09T11:40:05.696674
IHL Canada,Insulation,ROCKWOOL COMFORTBATT R24 5.5 in. x 15 in. x 47 in. Wood Stud Insulation,21360,122.39,,Default Title,https://ihlcanada.com/products/rockwool-comfortbatt-r24-5-5-in-x-15-in-x-47-in-wood-stud-insulation,2026-05-09T11:40:05.696676
IHL Canada,Insulation,ROCKWOOL COMFORTBATT R14 3.5 in. X 15.25 in. X 47 in. Wood Stud Insulation,21356,102.86,,Default Title,https://ihlcanada.com/products/rockwool-comfortbatt-r14-3-5-in-x-15-25-in-x-47-in-wood-stud-insulation,2026-05-09T11:40:05.696679
IHL Canada,Insulation,ROCKWOOL COMFORTBATT R24 6 in. x 16.25 in. x 48 in. Steel Stud Insulation,21365,117.25,,Default Title,https://ihlcanada.com/products/rockwool-comfortbatt-r24-6-in-x-16-25-in-x-48-in-steel-stud-insulation,2026-05-09T11:40:05.696681
IHL Canada,Insulation,"Sopra XPS-20 2 in. x 24 in. x 96 in.
  Shiplap Extruded Polystyrene Rigid Insulation",27936,30.95,,Default Title,https://ihlcanada.com/products/sopra-xps-20-2-in-x-24-in-x-96-in-shiplap-four-edge-extruded-polystyrene-rigid-insulation,2026-05-09T11:40:05.696683
IHL Canada,Insulation,"Sopra XPS-30 3 in. x 24 in. x 96 in.
  Shiplap Extruded Polystyrene Rigid Insulation",27394,47.85,,Default Title,https://ihlcanada.com/products/sopra-xps-30-3-in-x-24-in-x-96-in-shiplap-four-edge-extruded-polystyrene-rigid-insulation,2026-05-09T11:40:05.696686
IHL Canada,Insulation,"Sopra XPS-60 3 in. x 24 in. x 96 in.
  Butt-Edge Extruded Polystyrene Rigid Insulation",27907,65.45,,Default Title,https://ihlcanada.com/products/sopra-xps-60-3-in-x-24-in-x-96-in-butt-edge-extruded-polystyrene-rigid-insulation,2026-05-09T11:40:05.696688
IHL Canada,Insulation,"Sopra XPS-40 2 in. x 24 in. x 96 in.
  Butt-Edge Extruded Polystyrene Rigid Insulation",27437,38.22,,Default Title,https://ihlcanada.com/products/sopra-xps-40-2-in-x-24-in-x-96-in-butt-edge-extruded-polystyrene-rigid-insulation,2026-05-09T11:40:05.696690
IHL Canada,Insulation,Owens Corning R-31 EcoTouch 24 in. x 48 in. x 9.25 in. Pink Fiberglas Insulation (64.0 sq. ft.),20842,98.25,,Default Title,https://ihlcanada.com/products/owens-corning-r-31-ecotouch-24-in-x-48-in-x-9-5-in-pink-fiberglas-insulation-64-0-sq-ft,2026-05-09T11:40:05.696692
IHL Canada,Insulation,Owens Corning R-20 EcoTouch 16 in. x 48 in. x 6 in. Pink Fiberglas Insulation (85.3 sq. ft.),20846,90.97,,Default Title,https://ihlcanada.com/products/owens-corning-r-20-ecotouch-16-in-x-48-in-x-6-in-pink-fiberglas-insulation-85-3-sq-ft,2026-05-09T11:40:05.696694
IHL Canada,Insulation,Owens Corning R-31 EcoTouch 16 in. x 48 in. x 9.5 in. Pink Fiberglas Insulation (42.7 sq. ft.),20841,68.63,,Default Title,https://ihlcanada.com/products/owens-corning-r-31-ecotouch-16-in-x-48-in-x-9-5-in-pink-fiberglas-insulation-42-7-sq-ft,2026-05-09T11:40:05.696697
IHL Canada,Insulation,Owens Corning R-14 EcoTouch 15 in. x 47 in. x 3.5 in. Pink Fiberglas Insulation (78.3 sq. ft.),20839,64.63,,Default Title,https://ihlcanada.com/products/owens-corning-r-14-ecotouch-15-in-x-47-in-x-3-5-in-pink-fiberglas-insulation-78-3-sq-ft,2026-05-09T11:40:05.696699
IHL Canada,Insulation,Owens Corning R-12 EcoTouch 16 in. x 48 in. x 3-5/8 in. Pink Fiberglas Insulation (106.7 sq. ft.),20845,73.65,,Default Title,https://ihlcanada.com/products/owens-corning-r-12-ecotouch-16-in-x-48-in-x-3-5-8-in-pink-fiberglas-insulation-106-7-sq-ft,2026-05-09T11:40:05.696701
IHL Canada,Insulation,"DuraDrive 1-3/4 in. Stucco Insulation EIFS Flat Plastic Washer (1,000-Pack)",17249,50.0,,Default Title,https://ihlcanada.com/products/duradrive-1-3-4-in-stucco-insulation-eifs-flat-plastic-washer-1-000-pack,2026-05-09T11:40:05.696704
IHL Canada,Insulation,LePage 2900735 Quad Fire Block Spray Foam Insulation 598G,38386,20.99,,Default Title,https://ihlcanada.com/products/lepage-2900735-quad-fire-block-spray-foam-insulation-598g,2026-05-09T11:40:05.696706
IHL Canada,Fasteners,"DuraDrive 3-1/4 in. 34-Degree Smooth Paper Strip Nails (3,000-Box)",14584,30.95,,Default Title,https://ihlcanada.com/products/duradrive-3-1-4-in-x-0-120-34-degree-smooth-paper-strip-nail-3-000-per-box,2026-05-09T11:40:07.509123
IHL Canada,Fasteners,DuraDrive 3-1/4 in. Coil Framing Nails (4050-Box),14498,33.95,,Default Title,https://ihlcanada.com/products/duradrive-3-1-4-in-x-0-113-in-flat-top-coil-framing-nails-4-050-box,2026-05-09T11:40:07.509137
IHL Canada,Fasteners,"DuraDrive #8 x 3 in. Construction Screws, Yellow Zinc, Flat Head Square (1,500 Per Box)",19610,31.99,,Default Title,https://ihlcanada.com/products/copy-of-duradrive-8-low-root-yellow-zinc-coated-flat-head-square-drive-flooring-screws-2,2026-05-09T11:40:07.509140
IHL Canada,Fasteners,"DuraDrive #6 x 1-1/4 in. Fine Thread Collated Drywall Screws (1,000 Per Box)",26705,18.95,,Default Title,https://ihlcanada.com/products/duradrive-6-x-1-1-4-in-grey-phosphate-coated-bugle-head-phillips-drive-fine-thread-collated-drywall-screws-1-000-box,2026-05-09T11:40:07.509143
IHL Canada,Fasteners,"DuraDrive #8 x 3 in. Square Drive Deck Screws (1,500 Per Box)",16060,43.95,,Default Title,https://ihlcanada.com/products/duradrive-8-x-1-5-8-in-zinc-coated-flat-head-square-drive-cedar-decking-screws-5-000-box,2026-05-09T11:40:07.509145
IHL Canada,Fasteners,"DuraDrive #6 x 1-1/4 in. Fine Thread Drywall Screws (8,000 Per Box)",16016,51.95,,Default Title,https://ihlcanada.com/products/duradrive-6-x-1-1-4-in-black-phosphate-coated-bugle-head-phillips-drive-fine-thread-drywall-screws-8-000-box,2026-05-09T11:40:07.509148
IHL Canada,Fasteners,DuraDrive 1/4 in. x 3-1/4 in. Hex Head Slot Drive Concrete Screws (100-Pack),26757,14.95,,Default Title,https://ihlcanada.com/products/duradrive-1-4-in-x-3-1-4-in-slotted-hex-washer-head-blue-ruspert-concretea-screws-with-bit-100-pe,2026-05-09T11:40:07.509150
IHL Canada,Fasteners,DuraDrive 3-1/4 in. 34-Degree Cold-Dip Galvanized Paper Strip Nails (3000-Box),14588,54.95,,Default Title,https://ihlcanada.com/products/duradrive-3-1-4-in-34-degree-cold-dip-galvanized-spiral-paper-strip-nails-3-000-per-box,2026-05-09T11:40:07.509152
IHL Canada,Fasteners,DuraDrive 1/4 in. x 1-1/4 in. Hex Head Slot Drive Concrete Screws (100-Pack),26753,7.95,,Default Title,https://ihlcanada.com/products/duradrive-1-4-in-blue-ruspert-coated-hex-washer-head-slot-drive-concrete-screws,2026-05-09T11:40:07.509155
IHL Canada,Fasteners,"DuraDrive #6 x 1-1/4 in. Coarse Thread Drywall Screws (8,000 Per Box)",16023,51.95,,Default Title,https://ihlcanada.com/products/duradrive-6-x-1-1-4-in-black-phosphate-coated-bugle-head-phillips-drive-coarse-thread-drywall-screws-8-000-box,2026-05-09T11:40:07.509157
IHL Canada,Fasteners,DuraDrive 1/4 in. x 3-1/4 in. Flat Head Square Drive Concrete Screws (100-Pack),26746,14.95,,Default Title,https://ihlcanada.com/products/duradrive-1-4-in-x-3-1-4-in-blue-ruspert-coated-flat-head-square-drive-concrete-screw-100-pack,2026-05-09T11:40:07.509160
IHL Canada,Fasteners,DuraDrive 2 in 18 Gauge Galvanized Brad Nails - 5000/Pack,14479,9.15,,Default Title,https://ihlcanada.com/products/duradrive-2-in-18-gauge-galvanized-brad-nails-5-000-pack,2026-05-09T11:40:07.509162
IHL Canada,Fasteners,DuraDrive 2-1/4 in 0.099 in Flat Top Premium Coil Framing Nails - 4500/Box,14496,22.95,,Default Title,https://ihlcanada.com/products/duradrive-2-1-4-in-x-0-099-in-coil-framing-nails-4-500-per-box,2026-05-09T11:40:07.509164
IHL Canada,Fasteners,"DuraDrive 1-1/2 in. 10-Gauge Electro-Galvanized Smooth Joist Hanger Paper Strip Nails (2,000-Box)",14577,38.95,,Default Title,https://ihlcanada.com/products/duradrive-1-1-2-in-10-gauge-electro-galvanized-smooth-shank-joist-hanger-strip-nails-2-000-box,2026-05-09T11:40:07.509167
IHL Canada,Fasteners,"DuraDrive 2-3/8 in. x 0.113 in. 34-Degree Smooth Paper Strip Nails (5,000-Box)",14579,38.45,,Default Title,https://ihlcanada.com/products/duradrive-34-degree-angled-galvanized-smooth-shank-paper-strip-nails,2026-05-09T11:40:07.509169
IHL Canada,Fasteners,"DuraDrive 1-1/4 in. Coil Roofing Nails (7,200 Per Box)",14512,24.99,,Default Title,https://ihlcanada.com/products/duradrive-1-1-4-in-x-0-120-in-zinc-chromate-coated-smooth-shank-coil-roofing-nail-7-200-box,2026-05-09T11:40:07.509171
IHL Canada,Fasteners,"DuraDrive #8 x 2-1/2 in. Square Drive Deck Screws (2,500 Per Box)",16059,60.95,,Default Title,https://ihlcanada.com/products/copy-of-duradrive-8-x-1-5-8-in-low-root-brown-zinc-coated-flat-head-square-drive-cedar-decking-screws-5-000-box-1,2026-05-09T11:40:07.509173
IHL Canada,Fasteners,"DuraDrive #6 x 1-1/4 in. Coarse Thread Collated Drywall Screws (1,000 Per Box)",26707,18.95,,Default Title,https://ihlcanada.com/products/duradrive-6-x-1-1-4-in-grey-phosphate-coated-bugle-head-phillips-drive-collated-drywall-screws-1-000-pack,2026-05-09T11:40:07.509176
IHL Canada,Fasteners,DuraDrive 3/16 in. x 1-3/4 in. Flat Head Square Drive Concrete Screws (100-Pack),26738,7.95,,Default Title,https://ihlcanada.com/products/duradrive-3-16-in-x-1-3-4-in-blue-ruspert-coated-flat-head-square-drive-concrete-screw-100-pack,2026-05-09T11:40:07.509178
IHL Canada,Fasteners,DuraDrive 1/4 in. x 2-3/4 in. Hex Head Slot Drive Concrete Screws (100-Pack),26756,12.95,,Default Title,https://ihlcanada.com/products/duradrive-1-4-in-x-2-3-4-in-slotted-hex-washer-head-blue-ruspert-concrete-screws-with-bit-100-per,2026-05-09T11:40:07.509180
IHL Canada,Fasteners,DuraDrive 3/16 in. x 2-1/4 in. Flat Head Square Drive Concrete Screws (100-Pack),26739,8.95,,Default Title,https://ihlcanada.com/products/duradrive-3-16-in-x-2-1-4-in-blue-ruspert-coated-flat-head-square-drive-concrete-screw-100-pack,2026-05-09T11:40:07.509183
IHL Canada,Fasteners,DuraDrive 1/4 in. x 1-3/4 in. Flat Head Square Drive Concrete Screws (100-Pack),26743,9.95,,Default Title,https://ihlcanada.com/products/duradrive-1-4-in-x-1-3-4-in-blue-ruspert-coated-flat-head-square-drive-concrete-screw-100-pack,2026-05-09T11:40:07.509185
IHL Canada,Fasteners,DuraDrive 1/4 in. x 2-1/4 in. Flat Head Square Drive Concrete Screws (100-Pack),26744,10.95,,Default Title,https://ihlcanada.com/products/duradrive-1-4-in-x-2-1-4-in-blue-ruspert-coated-flat-head-square-drive-concrete-screw-100-pack,2026-05-09T11:40:07.509187
IHL Canada,Fasteners,DuraDrive 2 in. Common Nails 50Lbs,14519,42.85,,Default Title,https://ihlcanada.com/products/duradrive-2-in-common-nails-50-lb-per-box,2026-05-09T11:40:07.509190
IHL Canada,Fasteners,"DuraDrive 1-1/4 in. Galvanized Flat Head Collated Concrete Drive Pins (1,000-Pack)",19351,59.95,,Default Title,https://ihlcanada.com/products/duradrive-1-1-4-in-mechanical-galvanized-flat-head-fluted-drive-it-collated-concrete-drive-pins-1-000-pack,2026-05-09T11:40:07.509192
IHL Canada,Fasteners,DuraDrive A11 3/8 in x 7/16 in Galvanized Steel Coated Staples,17131,5.49,,Default Title,https://ihlcanada.com/products/duradrive-3-8-in-x-7-16-in-a11-20-gauge-staples-5-000-pack,2026-05-09T11:40:07.509194
IHL Canada,Fasteners,"DuraDrive #8 x 3 in. Construction Screws, Bare, Flat Head, Square (1,500 Per Box)",16054,30.95,,Default Title,https://ihlcanada.com/products/copy-of-duradrive-8-x-1-1-2-in-low-root-zinc-coated-flat-head-square-drive-flooring-screws-5-000-box-3,2026-05-09T11:40:07.509197
IHL Canada,Fasteners,DuraDrive 1/4 in. x 4 in. Flat Head Square Drive Concrete Screws (50-Pack),26747,10.95,,Default Title,https://ihlcanada.com/products/duradrive-1-4-in-x-4-in-blue-ruspert-coated-flat-head-square-drive-concrete-screw-50-pack,2026-05-09T11:40:07.509199
IHL Canada,Fasteners,DuraDrive 1/4 in. x 5 in. Hex Head Slot Drive Concrete Screws (50-Pack),26759,13.95,,Default Title,https://ihlcanada.com/products/duradrive-1-4-in-x-5-in-slotted-hex-washer-head-blue-ruspert-concrete-screws-with-bit-50-per-jug,2026-05-09T11:40:07.509204
IHL Canada,Fasteners,DuraDrive 1/4 in. x 4 in. Hex Head Slot Drive Concrete Screws (50-Pack),26758,10.95,,Default Title,https://ihlcanada.com/products/duradrive-1-4-in-x-4-in-slotted-hex-washer-head-blue-ruspert-concrete-screws-with-bit-50-per-jug,2026-05-09T11:40:07.509207
IHL Canada,Fasteners,DuraDrive 1-1/4 in 18 Gauge Galvanized Brad Nails - 5000/Pack,14473,6.59,,Default Title,https://ihlcanada.com/products/duradrive-1-1-4-in-18-gauge-galvanized-brad-nails-5-000-pack,2026-05-09T11:40:07.509209
IHL Canada,Fasteners,DuraDrive 2-3/4 in. Duplex Nails 50Lbs,14543,41.75,,Default Title,https://ihlcanada.com/products/duradrive-2-3-4-in-9-gauge-double-headed-nails-50-lb-per-box,2026-05-09T11:40:07.509211
IHL Canada,Fasteners,DuraDrive 1/4 in. x 1-3/4 in. Hex Head Slot Drive Concrete Screws (100-Pack),26754,9.95,,Default Title,https://ihlcanada.com/products/duradrive-1-4-in-x-1-3-4-in-slotted-hex-washer-head-blue-ruspert-concrete-screws-with-bit-100-per,2026-05-09T11:40:07.509214
IHL Canada,Fasteners,DuraDrive 3/16 in. x 1-1/4 in. Hex Head Slot Drive Concrete Screws (100-Pack),26748,6.95,,Default Title,https://ihlcanada.com/products/duradrive-3-16-in-x-1-1-4-in-blue-ruspert-coated-hex-washer-head-slot-drive-concrete-screw-100-pack,2026-05-09T11:40:07.509216
IHL Canada,Fasteners,"DuraDrive #8 x 2-1/2 in. Construction Screws, Yellow Zinc, Flat Head Square (2,500 Per Box)",19611,44.99,,Default Title,https://ihlcanada.com/products/duradrive-8-x-2-1-2-in-zinc-coated-floor-screws-2-500-pack,2026-05-09T11:40:07.509218
IHL Canada,Fasteners,DuraDrive 2 in 16 Gauge Galvanized Finish Nails - 2500 Brads/Pack,14467,7.25,,Default Title,https://ihlcanada.com/products/duradrive-2-in-16-gauge-galvanized-brad-nails-2-500-pack,2026-05-09T11:40:07.509221
IHL Canada,Fasteners,DuraDrive 1/4 in. x 2-1/4 in. Hex Head Slot Drive Concrete Screws (100-Pack),26755,10.95,,Default Title,https://ihlcanada.com/products/duradrive-1-4-in-x-2-1-4-in-slotted-hex-washer-head-blue-ruspert-concrete-screws-with-bit-100-per,2026-05-09T11:40:07.509223
IHL Canada,Fasteners,DuraDrive 3/16 in. x 1-3/4 in. Hex Head Slot Drive Concrete Screws (100-Pack),26749,7.95,,Default Title,https://ihlcanada.com/products/duradrive-3-16-in-x-1-3-4-in-blue-ruspert-coated-hex-washer-head-slot-drive-concrete-screw-100-pack,2026-05-09T11:40:07.509225
IHL Canada,Fasteners,"Metabo HPT 23004SHPT 1-3/8 in. 23-Gauge Galvanized Headless Micro Pin Nails (2,000-Pack)",31967,6.49,,Default Title,https://ihlcanada.com/products/metabo-hpt-23004shpt-micro-pins-23ga-x-1-3-8-2m,2026-05-09T11:40:07.509227
IHL Canada,Fasteners,DuraDrive 3/16 in. x 3-1/4 in. Flat Head Square Drive Concrete Screws (100-Pack),26741,11.95,,Default Title,https://ihlcanada.com/products/duradrive-3-16-in-blue-ruspert-coated-flat-head-square-drive-concrete-screw,2026-05-09T11:40:07.509229
IHL Canada,Fasteners,DuraDrive 1/4 in. x 1-1/4 in. Flat Head Square Drive Concrete Screws (100-Pack),26742,7.95,,Default Title,https://ihlcanada.com/products/duradrive-1-4-in-blue-ruspert-coated-flat-head-square-drive-concrete-screws,2026-05-09T11:40:07.509232
IHL Canada,Fasteners,DuraDrive 1/2 in. x 8 in. L-Anchor Bolts with Nuts and Washers (100-Pack),10082,45.95,,Default Title,https://ihlcanada.com/products/copy-of-duradrive-1-2-in-x-6-in-l-anchor-bolts-with-nuts-and-washers-100-box-1,2026-05-09T11:40:07.509234
IHL Canada,Fasteners,DuraDrive 3-1/4 in Steel Bright Ardox Spiral Nails - 50 lb/Box,14439,43.95,,Default Title,https://ihlcanada.com/products/duradrive-3-1-4-in-ardox-nails-50-lb-per-box,2026-05-09T11:40:07.509236
IHL Canada,Fasteners,"DuraDrive 2-1/4 in. 34-Degree Electro Galvanized Smooth Finish Spiral Shank Concrete Paper Strip Nails (1,000-Box)",14576,18.95,,Default Title,https://ihlcanada.com/products/duradrive-2-1-4-in-34-degree-electro-galvanized-smooth-finish-spiral-shank-concrete-paper-strip-nails-1-000-box,2026-05-09T11:40:07.509240
IHL Canada,Fasteners,"Metabo HPT 23002SHPT 1 in. 23-Gauge Galvanized Headless Micro Pin Nails (2,000-Pack)",31966,4.99,,Default Title,https://ihlcanada.com/products/metabo-hpt-23002shpt-micro-pins-23ga-x-1-2m,2026-05-09T11:40:07.509243
IHL Canada,Fasteners,DuraDrive 1/2 in x 3-3/4 in Steel Performance Wedge Anchor - 50/Pack,31940,29.95,,Default Title,https://ihlcanada.com/products/duradrive-1-2-inches-x-3-3-4-inches-high-performance-white-zinc-wedge-expansion-anchor-50-box,2026-05-09T11:40:07.509245
IHL Canada,Fasteners,DuraDrive 3-1/2 in. Common Nails 50Lbs,14522,42.85,,Default Title,https://ihlcanada.com/products/duradrive-3-1-2-in-common-nails-50-lb-per-box,2026-05-09T11:40:07.509247
IHL Canada,Fasteners,"DuraDrive #10 x 4 in. Square Drive Deck Screws (1,000-Pack)",16057,60.95,,Default Title,https://ihlcanada.com/products/copy-of-duradrive-10-x-3-1-2-in-low-root-brown-zinc-coated-flat-head-square-drive-decking-screws-1-000-pack,2026-05-09T11:40:07.509249
IHL Canada,Fasteners,"DuraDrive #8 x 1-3/4 in. Construction Screws, Yellow Zinc, Flat Head Square (4,000 Per Box)",19613,51.99,,Default Title,https://ihlcanada.com/products/copy-of-duradrive-8-low-root-yellow-zinc-coated-flat-head-square-drive-flooring-screws-1,2026-05-09T11:40:07.509252
IHL Canada,Fasteners,"DuraDrive 1-1/4 in. x 1/4 in. Crown 18-Gauge L15 Series Galvanized Staples (5,000-Pack)",17145,13.74,,Default Title,https://ihlcanada.com/products/duradrive-1-1-4-in-x-1-4-in-crown-18-gauge-l15-series-galvanized-staples-5-000-pack,2026-05-09T11:40:07.509254
IHL Canada,Fasteners,DuraDrive 1/4 in. x 3-3/4 in. Hex Head Slot Drive Concrete Screws (100-Pack),35789,17.95,,Default Title,https://ihlcanada.com/products/duradrive-concrete-screw-hex-1-4x3-3-4-inches-100-jar,2026-05-09T11:40:07.509256
IHL Canada,Fasteners,DuraDrive 3/16 in. x 1-1/4 in. Flat Head Square Drive Concrete Screws (100-Pack),26737,6.95,,Default Title,https://ihlcanada.com/products/duradrive-3-16-in-x-1-1-4-in-blue-ruspert-coated-flat-head-square-drive-concrete-screw-100-pack-1,2026-05-09T11:40:07.509258
IHL Canada,Fasteners,DuraDrive 1-3/4 in. x 0.092 15-Degree Angled Duradized Cold-Dip Galvanized Ring Shank Flat Top Coil,28092,22.95,,Default Title,https://ihlcanada.com/products/duradrive-1-3-4-in-x-0-092-15-degree-angled-duradized-cold-dip-galvanized-ring-shank-flat-top-coil-framing-nails-3-600-box,2026-05-09T11:40:07.509261
IHL Canada,Fasteners,DuraDrive 1-1/2 in 18 Gauge Galvanized Brad Nails - 5000/Pack,14471,7.59,,Default Title,https://ihlcanada.com/products/duradrive-1-1-2-in-18-gauge-galvanized-brad-nails-5-000-pack,2026-05-09T11:40:07.509263
IHL Canada,Fasteners,DuraDrive 2-1/2 in 0.099 in Flat Top Premium Coil Framing Nails - 4500/Box,14494,23.95,,Default Title,https://ihlcanada.com/products/duradrive-2-1-2-in-premium-coil-framing-nails-4-500-per-box,2026-05-09T11:40:07.509265
IHL Canada,Fasteners,DuraDrive 3-1/2 in. 6-Gauge Double Head Nails (50 lb. per Box),14545,46.15,,Default Title,https://ihlcanada.com/products/duradrive-3-1-2-in-6-gauge-double-head-nails-50-lb-per-box,2026-05-09T11:40:07.509268
IHL Canada,Fasteners,"DuraDrive #10 x 3-1/2 in. Square Drive Deck Screws (1,000-Pack)",16056,51.95,,Default Title,https://ihlcanada.com/products/duradrive-10-low-root-brown-zinc-coated-flat-head-square-drive-cedar-decking-screws,2026-05-09T11:40:07.509270
IHL Canada,Fasteners,"DuraDrive 1/4 in. x 1-1/4 in. Hex Head Slot Drive Concrete Screws (3,500 Per Box)",34802,195.0,,Default Title,https://ihlcanada.com/products/duradrive-concrete-screw-hex-1-4x1-1-4-inches-3500-box,2026-05-09T11:40:07.509272
IHL Canada,Fasteners,DuraDrive 1/4 in. x 2-3/4 in. Flat Head Square Drive Concrete Screws (100-Pack),26745,12.95,,Default Title,https://ihlcanada.com/products/duradrive-1-4-in-x-2-3-4-in-blue-ruspert-coated-flat-head-square-drive-concrete-screw-100-pack,2026-05-09T11:40:07.509275
IHL Canada,Fasteners,DEWALT POWERS 02814 1/4 in. x 1-1/4 in. ZAMAC NAILIN Mushroom Head Carbon Steel Nail Anchor (100-Pack),20024,19.95,,Default Title,https://ihlcanada.com/products/dewalt-1-4in-x-1-1-4in-mushroom-head-carbon-steel-nail-anchor-100-pack,2026-05-09T11:40:07.509277
IHL Canada,Fasteners,"DuraDrive #8 x 1-1/2 in. Construction Screws, Yellow Zinc, Flat Head Square (5,000 Per Box)",19614,54.99,,Default Title,https://ihlcanada.com/products/copy-of-duradrive-8-low-root-yellow-zinc-coated-flat-head-square-drive-flooring-screws,2026-05-09T11:40:07.509279
IHL Canada,Fasteners,DuraDrive 2-1/2 in Plastic Cap Insulation Nails - 2000/Pack,14557,27.95,,Default Title,https://ihlcanada.com/products/duradrive-2-1-2-in-plastic-cap-spiral-insulation-nails-2-000-pack,2026-05-09T11:40:07.509281
IHL Canada,Fasteners,"DuraDrive #8 x 2 in. Flooring Screws, Black, Flat Head, Square (3,500 Per Box)",34850,49.95,,Default Title,https://ihlcanada.com/products/duradrive-low-root-bare-flooring-screw-8-x-2-inches-3-5m,2026-05-09T11:40:07.509284
IHL Canada,Fasteners,H Paulin 232-090 #12 x 2-1/2 in. Zinc Plated Hex Washer Head Self-Drilling Tek Screw (100-Pack),31493,10.95,,Default Title,https://ihlcanada.com/products/h-paulin-232-090-12-x-2-1-2-in-zinc-plated-hex-washer-head-self-drilling-tek-screw-100-pack,2026-05-09T11:40:07.509287
IHL Canada,Fasteners,"#12 3 in. Steel Tapping Screw Pan Square Socket Screws Type A (1,000 per Box)",20421,129.95,,Default Title,https://ihlcanada.com/products/12-2-1-2-in-steel-tapping-screw-pan-square-socket-screws-type-a-1-500-per-box,2026-05-09T11:40:07.509290
IHL Canada,Fasteners,"Simpson Strong-Tie Quik Drive WSV134S #9 x 1-3/4 in. Square Flat-Head Strong-Drive WSNTL Collated Subfloor Screw (2,000-Pack)",27370,84.95,,Default Title,https://ihlcanada.com/products/simpson-strong-tie-quik-drive-wsv134s-9-x-1-3-4-in-square-flat-head-strong-drive-wsntl-collated-subfloor-screw-2-000-pack,2026-05-09T11:40:07.509292
IHL Canada,Fasteners,H Paulin #8-12 x 1 in. Plastic Wall Plugs Drywall Anchors (450-Jug),15238,14.25,,Default Title,https://ihlcanada.com/products/h-paulin-8-12-x-1-in-plastic-wall-plugs-drywall-anchors-450-pack,2026-05-09T11:40:07.509295
IHL Canada,Fasteners,"DuraDrive #8 x 2-1/2 in. Construction Screws, Bare, Flat Head, Square (2,500 Per Box)",16052,42.95,,Default Title,https://ihlcanada.com/products/copy-of-duradrive-8-x-1-1-2-in-low-root-zinc-coated-flat-head-square-drive-flooring-screws-5-000-box-2,2026-05-09T11:40:07.509297
IHL Canada,Fasteners,DEWALT 50506-PWR Yellow 0.22-Caliber Short Single Low Velocity Power Load Shots (100-Pack),16704,19.95,,Default Title,https://ihlcanada.com/products/dewalt-50506-pwr-yellow-0-22-caliber-short-single-low-velocity-power-load-shots-100-pack,2026-05-09T11:40:07.509299
IHL Canada,Fasteners,"DuraDrive 2 in. 34-Degree Cold-Dip Galvanized Spiral Paper Strip Nails (5,000-Box)",14587,51.65,,Default Title,https://ihlcanada.com/products/duradrive-34-degree-angled-cold-dip-galvanized-spiral-shank-paper-strip-nails,2026-05-09T11:40:07.509301
IHL Canada,Fasteners,DuraDrive 3/8 in 3/4 in Steel Internally Threaded Lipped Short Drop-In Anchor - 100/Pack,31757,17.95,,Default Title,https://ihlcanada.com/products/duradrive-3-8-in-white-zinc-lipped-mini-drop-in-internally-threaded-expansion-anchor-100-box,2026-05-09T11:40:07.509304
IHL Canada,Fasteners,"DuraDrive 1/4 in. x 3-1/4 in. Hex Head Slot Drive Concrete Screws (1,200 Per Box)",34805,145.0,,Default Title,https://ihlcanada.com/products/duradrive-concrete-screw-hex-1-4x3-1-4-inches-1200-box,2026-05-09T11:40:07.509306
IHL Canada,Fasteners,H Paulin 232-089 #12 x 2 in. Zinc Plated Hex Washer Head Self-Drilling Tek Screw (100-Pack),31492,9.95,,Default Title,https://ihlcanada.com/products/h-paulin-232-089-12-x-2-in-zinc-plated-hex-washer-head-self-drilling-tek-screw-100-pack,2026-05-09T11:40:07.509308
IHL Canada,Fasteners,DuraDrive 3/8 in. Drop-in Internally Threaded Expansion Anchor Setting Tool,31770,1.59,,Default Title,https://ihlcanada.com/products/copy-of-duradrive-1-4-in-drop-in-internally-threaded-expansion-anchor-setting-tool,2026-05-09T11:40:07.509311
IHL Canada,Fasteners,"DuraDrive 1/4"" x 3"" Threaded Concrete Screw Anchor (50-Pack)",31915,19.95,,Default Title,https://ihlcanada.com/products/duradrive-1-4-inches-x-3-inches-high-performance-white-zinc-threaded-anchor-50-box,2026-05-09T11:40:07.509313
IHL Canada,Fasteners,"Metabo HPT 23001SHPT 3/4 in. 23-Gauge Galvanized Headless Micro Pin Nails (2,000-Pack)",31965,4.49,,Default Title,https://ihlcanada.com/products/metabo-hpt-23001shpt-micro-pins-23ga-x-3-4-2m,2026-05-09T11:40:07.509315
IHL Canada,Fasteners,DuraDrive 3/16 in. x 3-1/4 in. Hex Head Slot Drive Concrete Screws (100-Pack),26752,11.95,,Default Title,https://ihlcanada.com/products/duradrive-3-16-in-blue-ruspert-coated-hex-washer-head-slot-drive-concrete-screw,2026-05-09T11:40:07.509317
IHL Canada,Fasteners,DuraDrive 3/16 in. x 2-3/4 in. Flat Head Square Drive Concrete Screws (100-Pack),26740,9.95,,Default Title,https://ihlcanada.com/products/duradrive-3-16-in-x-2-3-4-in-blue-ruspert-coated-flat-head-square-drive-concrete-screw-100-pack,2026-05-09T11:40:07.509320
IHL Canada,Fasteners,H Paulin #8 x 1-1/8 in. Zinc Coated Flat Head Square Drive Particle Board Screws (600-Jug),16107,21.95,,Default Title,https://ihlcanada.com/products/h-paulin-8-zinc-coated-flat-head-square-drive-particle-board-screws-600-jug,2026-05-09T11:40:07.509324
IHL Canada,Fasteners,H Paulin 3/16 in. Zinc Coated Fender Washers (150-Jug),19632,9.95,,Default Title,https://ihlcanada.com/products/h-paulin-3-16-in-zinc-coated-fender-washers-150-jug,2026-05-09T11:40:07.509326
IHL Canada,Fasteners,"DuraDrive #8 x 2 in. Construction Screws, Bare, Flat Head Square (3,500 Per Box)",16051,49.95,,Default Title,https://ihlcanada.com/products/copy-of-duradrive-8-x-1-1-2-in-low-root-zinc-coated-flat-head-square-drive-flooring-screws-5-000-box-1,2026-05-09T11:40:07.509329
IHL Canada,Fasteners,"DuraDrive #8 x 1-5/8 in. Square Drive Deck Screws (5,000 Per Box)",16058,85.95,,Default Title,https://ihlcanada.com/products/duradrive-8-low-root-brown-zinc-coated-flat-head-square-drive-cedar-decking-screws,2026-05-09T11:40:07.509331
IHL Canada,Fasteners,1/2 in. x 10 ft. Zinc Threaded Rod,15542,12.95,,Default Title,https://ihlcanada.com/products/1-2-in-x-10-ft-zinc-threaded-rod,2026-05-09T11:40:07.509333
IHL Canada,Fasteners,H Paulin 232-088 #12 x 1-1/2 in. Zinc Plated Hex Washer Head Self-Drilling Tek Screw (100-Pack),31491,8.95,,Default Title,https://ihlcanada.com/products/h-paulin-232-088-12-x-1-1-2-in-zinc-plated-hex-washer-head-self-drilling-tek-screw-100-pack,2026-05-09T11:40:07.509335
IHL Canada,Fasteners,DuraDrive 3/16 in. x 2-1/4 in. Hex Head Slot Drive Concrete Screws (100-Pack),26750,8.95,,Default Title,https://ihlcanada.com/products/duradrive-3-16-in-x-2-1-4-in-blue-ruspert-coated-hex-washer-head-slot-drive-concrete-screw-100-pack,2026-05-09T11:40:07.509338
IHL Canada,Fasteners,H Paulin #6 x 2 in. Flat Head Phillips Drive Coarse Thread Drywall Screws (300-Jug),18284,11.95,,Default Title,https://ihlcanada.com/products/h-paulin-6-x-2-in-flat-head-phillips-drive-coarse-thread-drywall-screws-300-jug,2026-05-09T11:40:07.509340
IHL Canada,Fasteners,"DuraDrive #8 x 2 in. Construction Screws, Yellow Zinc, Flat Head Square (3,500 Per Box)",19612,51.99,,Default Title,https://ihlcanada.com/products/copy-of-duradrive-8-low-root-yellow-zinc-coated-flat-head-square-drive-flooring-screws-4,2026-05-09T11:40:07.509342
IHL Canada,Fasteners,DuraDrive 0.27 Caliber Red 10-Shot Strip Powder Actuated Fastener Loads (100-Pack),16706,11.95,,Default Title,https://ihlcanada.com/products/copy-of-duradrive-0-27-caliber-green-10-shot-strip-powder-actuated-fastener-loads-100-pack,2026-05-09T11:40:07.509344
IHL Canada,Fasteners,"DuraDrive #6 x 2 in. Fine Thread Drywall Screws (3,500 Per Box)",16019,36.95,,Default Title,https://ihlcanada.com/products/duradrive-6-x-2-in-black-phosphate-coated-bugle-head-phillips-drive-fine-thread-drywall-screws-3-500-box,2026-05-09T11:40:07.509347
IHL Canada,Fasteners,"DuraDrive #8 x 1-1/4 in. Construction Screws, Yellow Zinc, Flat Head Square (7,500 Per Box)",16078,69.99,,Default Title,https://ihlcanada.com/products/duradrive-8-low-root-yellow-zinc-coated-flat-head-square-drive-flooring-screws,2026-05-09T11:40:07.509351
IHL Canada,Fasteners,H Paulin #6 x 1-1/2 in. Zinc Coated Flat Head Square Drive Wood Screws (500-Jug),16185,17.95,,Default Title,https://ihlcanada.com/products/h-paulin-6-x-1-1-2-in-zinc-coated-flat-head-square-drive-wood-screws-500-jug,2026-05-09T11:40:07.509353
IHL Canada,Fasteners,DuraDrive 1-3/4 in 18 Gauge Galvanized Brad Nails - 5000/Pack,14476,7.99,,Default Title,https://ihlcanada.com/products/duradrive-1-3-4-in-18-gauge-galvanized-brad-nails-5-000-pack,2026-05-09T11:40:07.509355
IHL Canada,Fasteners,DuraDrive 1/2 in. x 6 in. L-Anchor Bolts with Nuts and Washers (100-Pack),10080,36.95,,Default Title,https://ihlcanada.com/products/duradrive-1-2-in-diameter-l-shaped-anchor-bolts-with-nuts-and-washers,2026-05-09T11:40:07.509357
IHL Canada,Fasteners,"DuraDrive 1/2"" x 6"" Threaded Concrete Screw Anchor (25-Pack)",31922,46.95,,Default Title,https://ihlcanada.com/products/duradrive-1-2-inches-x-6-inches-high-performance-white-zinc-threaded-anchor-25-box,2026-05-09T11:40:07.509360
IHL Canada,Fasteners,"DuraDrive 3/8"" x 3"" Threaded Concrete Screw Anchor (50-Pack)",31916,32.95,,Default Title,https://ihlcanada.com/products/duradrive-3-8in-performance-threaded-anchor,2026-05-09T11:40:07.509362
IHL Canada,Fasteners,DuraDrive 1/2 in x 7 in Steel Performance Wedge Anchor - 25/Pack,31943,29.95,,Default Title,https://ihlcanada.com/products/duradrive-1-2-inches-x-7-inches-high-performance-white-zinc-wedge-expansion-anchor-25-box,2026-05-09T11:40:07.509364
IHL Canada,Fasteners,DuraDrive 1/2 in 4-1/2 in Steel Performance Wedge Anchor - 50/Pack,31941,33.95,,Default Title,https://ihlcanada.com/products/duradrive-1-2-inches-x-4-1-2-inches-high-performance-white-zinc-wedge-expansion-anchor-50-box,2026-05-09T11:40:07.509366
IHL Canada,Fasteners,DuraDrive 3/16 in. x 2-3/4 in. Hex Head Slot Drive Concrete Screws (100-Pack),26751,9.95,,Default Title,https://ihlcanada.com/products/duradrive-3-16-in-x-2-3-4-in-blue-ruspert-coated-hex-washer-head-slot-drive-concrete-screw-100-pack,2026-05-09T11:40:07.509369
IHL Canada,Fasteners,"DuraDrive 3 in. 34-Degree Smooth Paper Strip Nails (3,000-Box)",21652,31.85,,Default Title,https://ihlcanada.com/products/duradrive-3-in-x-0-120-in-34-degree-smooth-paper-strip-nails-3-000-per-box,2026-05-09T11:40:07.509371
IHL Canada,Fasteners,DuraDrive #8 x 1-5/8 in. Brown Ruspert Coated Flat Head Square Drive Coarse Thread Collated Exterior,26710,22.95,,Default Title,https://ihlcanada.com/products/duradrive-8-x-1-5-8-in-brown-ruspert-coated-flat-head-square-drive-coarse-thread-collated-exterior-wood-screws-1-000-pail,2026-05-09T11:40:07.509373
IHL Canada,Fasteners,DuraDrive 2-1/2 in Steel Electro-Galvanized Roofing Nails - 50 lb/Box,14571,39.95,,Default Title,https://ihlcanada.com/products/duradrive-2-1-2-in-electro-galvanized-steel-roofing-nails-50-lb-per-box,2026-05-09T11:40:07.509375
IHL Canada,Fasteners,H Paulin #10 x 2-1/2 in. Zinc Coated Flat Head Square Drive Wood Screws (250-Jug),16180,25.95,,Default Title,https://ihlcanada.com/products/h-paulin-10-x-2-1-2-in-zinc-coated-flat-head-square-drive-wood-screws-250-jug,2026-05-09T11:40:07.509378
IHL Canada,Fasteners,H Paulin #8 x 3 in. Zinc Coated Flat Head Square Drive Particle Board Screws (150-Jug),16115,14.95,,Default Title,https://ihlcanada.com/products/h-paulin-8-x-3-in-zinc-coated-flat-head-square-drive-particle-board-screws-150-jug,2026-05-09T11:40:07.509380
IHL Canada,Fasteners,"H Paulin #8 x 3/4 in. Zinc Coated Flat Head Square Drive Particle Board Screws (1,000-Jug)",16114,24.95,,Default Title,https://ihlcanada.com/products/h-paulin-8-zinc-coated-flat-head-square-drive-particle-board-screws-1-000-jug,2026-05-09T11:40:07.509382
IHL Canada,Fasteners,The Hillman Group Paulin 537-995 1/4 in 1-1/4 in Outside Steel Fender Washer,17864,7.95,,Default Title,https://ihlcanada.com/products/h-paulin-1-4-in-zinc-plated-fender-washers-100-per-jug,2026-05-09T11:40:07.509384
IHL Canada,Fasteners,DuraDrive 3-1/4 in. Hot-Dip Galvanized Spiral Shank Coil Framing Nails (4050-Box),14509,85.0,,Default Title,https://ihlcanada.com/products/duradrive-3-1-4-in-x-0-120-in-15-degree-angled-hot-dipped-galvanized-spiral-shank-coil-framing-nails-4-050-box,2026-05-09T11:40:07.509387
IHL Canada,Fasteners,DuraDrive 1-3/4 in 16 Gauge Galvanized Finish Nails - 2500 Brads/Pack,14462,6.95,,Default Title,https://ihlcanada.com/products/duradrive-1-3-4-in-16-gauge-galvanized-brad-nails-2-500-pack,2026-05-09T11:40:07.509390
IHL Canada,Fasteners,DuraDrive 1-1/2 in. x .300 in. Bright Finish Flat Head Fluted Concrete and Steel Drive Pins with 1 in. Washer (100-Pack),11700,14.95,,Default Title,https://ihlcanada.com/products/duradrive-1-1-2-in-x-0-300-in-bright-finish-flat-head-fluted-concrete-and-steel-drive-pins-with-1-in-washer-100-pack,2026-05-09T11:40:07.509393
IHL Canada,Fasteners,DEWALT POWERS 7409SD1 1/4 in. x 2 in. POWER-STUD+ SD1 Tie-Wire Wedge Expansion Anchor (100-Pack),10165,26.95,,Default Title,https://ihlcanada.com/products/dewalt-1-4in-x-2in-tie-wire-wedge-expansion-anchor-100-pack,2026-05-09T11:40:07.509395
IHL Canada,Fasteners,H Paulin #6 x 5/8 in. White Painted Pan Head Square Drive Soffit Screws (800-Jug),16126,26.95,,Default Title,https://ihlcanada.com/products/h-paulin-6-x-5-8-in-white-painted-pan-head-square-drive-soffit-screws-800-jug,2026-05-09T11:40:07.509399
IHL Canada,Fasteners,"DuraDrive 2-1/2"" in 16 Gauge Galvanized Finish Nails - 2500 Brads/Pack",14466,10.29,,Default Title,https://ihlcanada.com/products/duradrive-2-1-2-in-16-gauge-galvanized-brad-nails-2-500-pack,2026-05-09T11:40:07.509406
IHL Canada,Fasteners,DuraDrive 5/8 in x 5 in Steel Performance Wedge Anchor - 20/Pack,31945,26.95,,Default Title,https://ihlcanada.com/products/duradrive-5-8-inches-x-5-inches-high-performance-white-zinc-wedge-expansion-anchor-20-box,2026-05-09T11:40:07.509408
IHL Canada,Fasteners,Milwaukee MNM1-600 19 mm 25 mm Cable Staples,34615,24.99,,Default Title,https://ihlcanada.com/products/milwaukee-mnm1-600-insulated-cable-staples-1-inches-2448-20,2026-05-09T11:40:07.509411
IHL Canada,Fasteners,DuraDrive 3/8 in. x 2-3/4 in. Performance Wedge Anchor (50-Pack),31934,15.95,,Default Title,https://ihlcanada.com/products/duradrive-3-8in-performance-wedge-anchor-50-pack,2026-05-09T11:40:07.509413
IHL Canada,Fasteners,DuraDrive 3/8 in Steel White Zinc Short Internally Threaded Expansion Drop-In Anchor Setting Tool,31760,5.95,,Default Title,https://ihlcanada.com/products/duradrive-3-8-in-mini-drop-in-internally-threaded-expansion-anchor-setting-tool,2026-05-09T11:40:07.509415
IHL Canada,Fasteners,"DuraDrive 1/2"" x 8"" Threaded Concrete Screw Anchor (20-Pack)",31923,51.95,,Default Title,https://ihlcanada.com/products/duradrive-1-2-inches-x-8-inches-high-performance-white-zinc-threaded-anchor-20-box,2026-05-09T11:40:07.509417
IHL Canada,Fasteners,DuraDrive 1/2 in x 5-1/2 in Steel Performance Wedge Anchor - 25/Pack,31942,22.95,,Default Title,https://ihlcanada.com/products/duradrive-1-2-inches-x-5-1-2-inches-high-performance-white-zinc-wedge-expansion-anchor-25-box,2026-05-09T11:40:07.509419
IHL Canada,Fasteners,DuraDrive 5/8 in x 6 in Steel Performance Wedge Anchor - 20/Pack,31946,29.95,,Default Title,https://ihlcanada.com/products/duradrive-5-8-inches-x-6-inches-high-performance-white-zinc-wedge-expansion-anchor-20-box,2026-05-09T11:40:07.509423
IHL Canada,Fasteners,DuraDrive 1/2 in 2 in Steel Internally Threaded Smooth Drop-In Anchor - 50/Pack,31764,15.95,,Default Title,https://ihlcanada.com/products/duradrive-1-2-in-white-zinc-smooth-drop-in-internally-threaded-expansion-anchor-50-pack,2026-05-09T11:40:07.509426
IHL Canada,Fasteners,DuraDrive 3/8 in 1-9/16 in Steel Internally Threaded Smooth Drop-In Anchor - 50/Pack,31763,7.99,,Default Title,https://ihlcanada.com/products/duradrive-3-8-in-white-zinc-smooth-drop-in-internally-threaded-expansion-anchor-50-pack,2026-05-09T11:40:07.509428
IHL Canada,Fasteners,"BOSTITCH SL50351G 1 in. x 5/16 in. 18-Gauge Crown Staples (5,000-Pack)",28685,33.95,,Default Title,https://ihlcanada.com/products/bostitch-sl50351g-1-in-x-5-16-in-18-gauge-crown-staples-5-000-pack,2026-05-09T11:40:07.509430
IHL Canada,Fasteners,DuraDrive #8 x 1-5/8 in. Coarse Thread Spoon Point Cement Board Screws (150-Pack),27858,5.45,,Default Title,https://ihlcanada.com/products/duradrive-8-x-1-5-8-in-flat-phillips-head-grey-ruspert-cement-board-type-2-spoon-point-screw-150,2026-05-09T11:40:07.509432
IHL Canada,Fasteners,Paulin 162-394 3/16 in. Zinc Plated Fender Washer (100-Pack),29273,3.59,,Default Title,https://ihlcanada.com/products/paulin-162-394-3-16-in-zinc-plated-fender-washer-100-pack,2026-05-09T11:40:07.509435
IHL Canada,Fasteners,H Paulin #10 x 3/4 in. Zinc Coated Hex Head Self-Drilling Drill-X Exterior Metal Screws (750-Jug),16135,36.95,,Default Title,https://ihlcanada.com/products/h-paulin-10-x-3-4-in-zinc-coated-hex-head-self-drilling-drill-x-exterior-metal-screws-750-jug,2026-05-09T11:40:07.509437
IHL Canada,Fasteners,Paulin B129-607 1/2 in. x 10 in. Zinc Plated Carriage Bolt (65-Pack),10720,69.95,,Default Title,https://ihlcanada.com/products/paulin-b129-607-1-2-in-x-10-in-zinc-plated-carriage-bolt-65-pack,2026-05-09T11:40:07.509439
IHL Canada,Fasteners,"DuraDrive 2 in. 34-Degree Hot-Dip Galvanized Spiral Paper Strip Nails (5,000-Box)",14590,59.95,,Default Title,https://ihlcanada.com/products/duradrive-34-degree-hot-dip-galvanized-spiral-shank-paper-strip-nails,2026-05-09T11:40:07.509441
IHL Canada,Fasteners,H Paulin #6 x 1-5/8 in. Flat Head Phillips Drive Coarse Thread Drywall Screws (500-Jug),18283,16.95,,Default Title,https://ihlcanada.com/products/h-paulin-6-flat-head-phillips-drive-coarse-thread-drywall-screws-500-jug,2026-05-09T11:40:07.509443
IHL Canada,Fasteners,DuraDrive 1-1/2 in Steel Electro-Galvanized Roofing Nails - 50 lb/Box,14568,36.95,,Default Title,https://ihlcanada.com/products/duradrive-1-1-2-in-electro-galvanized-steel-roofing-nails-50-lb-per-box,2026-05-09T11:40:07.509446
IHL Canada,Fasteners,DuraDrive 1-1/2 in 16 Gauge Galvanized Finish Nails - 2500 Brads/Pack,14460,5.95,,Default Title,https://ihlcanada.com/products/duradrive-1-1-2-in-16-gauge-galvanized-brad-nails-2-500-pack,2026-05-09T11:40:07.509448
IHL Canada,Fasteners,"DuraDrive 3 in. Plastic Cap Ring Shank Nails (2,000-Box)",14556,29.95,,Default Title,https://ihlcanada.com/products/duradrive-3-in-plastic-cap-ring-shank-nails-2-000-box,2026-05-09T11:40:07.509452
IHL Canada,Fasteners,"DuraDrive #6 x 7/16 in. Pan Head Framing Screws (25,000 Per Box)",16046,125.0,,Default Title,https://ihlcanada.com/products/duradrive-6-x-7-16-in-black-pan-framing-kelly-screws-25-000-box,2026-05-09T11:40:07.509454
IHL Canada,Fasteners,The Hillman Group Paulin 537-212 #10 3/4 in Zinc Metal Screw,16148,29.95,,Default Title,https://ihlcanada.com/products/h-paulin-10-x-3-4-in-pan-head-socket-drill-x-metal-screws-750-per-jug,2026-05-09T11:40:07.509456
IHL Canada,Fasteners,DuraDrive 2 in Steel Electro-Galvanized Roofing Nails - 50 lb/Box,14570,39.95,,Default Title,https://ihlcanada.com/products/duradrive-2-in-electro-galvanized-steel-roofing-nails-50-lb-per-box,2026-05-09T11:40:07.509459
IHL Canada,Fasteners,DuraDrive 3 in Thin Smooth Shank Bright Common Nails - 50 lb/Box,14521,47.25,,Default Title,https://ihlcanada.com/products/duradrive-3-in-common-nails-50-lb-per-box,2026-05-09T11:40:07.509461
IHL Canada,Fasteners,DuraDrive 1-1/4 in 9 Gauge Bright Concrete Nails - 4.5 lb/Box,14529,9.95,,Default Title,https://ihlcanada.com/products/duradrive-1-1-4-in-concrete-nails-4-5-lb-per-box,2026-05-09T11:40:07.509463
IHL Canada,Fasteners,"H Paulin #6 x 7/16 in. Black Phosphate Coated Pan Head Phillips Drive Self-Drilling Interior Framing Screws (1,200-Jug)",18295,39.95,,Default Title,https://ihlcanada.com/products/h-paulin-6-x-7-16-in-black-phosphate-coated-pan-head-phillips-drive-self-drilling-interior-framing-screws-1-200-jug,2026-05-09T11:40:07.509465
IHL Canada,Fasteners,DuraDrive 3 in. Duplex Nails 50Lbs,14544,41.75,,Default Title,https://ihlcanada.com/products/duradrive-3-in-8-gauge-double-headed-nails-50-lb-per-box,2026-05-09T11:40:07.509468
IHL Canada,Fasteners,H Paulin #8 x 1-1/2 in. Low Root Brown Coated Flat Head Square Drive Cedar Decking Screws (600-Jug),18289,38.95,,Default Title,https://ihlcanada.com/products/h-paulin-8-x-1-1-2-in-low-root-brown-coated-flat-head-square-drive-cedar-decking-screws-600-jug,2026-05-09T11:40:07.509470
IHL Canada,Fasteners,DuraDrive 0.27 Caliber Green 10-Shot Strip Powder Actuated Fastener Loads (100-Pack),16705,11.95,,Default Title,https://ihlcanada.com/products/duradrive-0-27-caliber-10-shot-strip-powder-actuated-fastener-loads,2026-05-09T11:40:07.509472
IHL Canada,Fasteners,"DuraDrive 1-1/2 in. x 1/4 in. Crown 18-Gauge L17 Series Yellow Varnish Galvanized Staples (5,000-Pack)",17146,14.89,,Default Title,https://ihlcanada.com/products/duradrive-1-1-2-in-x-1-4-in-crown-18-gauge-l17-series-yellow-varnish-galvanized-staples-5-000-pack,2026-05-09T11:40:07.509474
IHL Canada,Fasteners,"DuraDrive 1-1/2 in. x 7/16 in. Crown 16-Gauge N17 Series Yellow Varnish Galvanized Staples (10,000-Pack)",17149,45.94,,Default Title,https://ihlcanada.com/products/duradrive-1-1-2-in-x-7-16-in-crown-16-gauge-n17-series-yellow-varnish-galvanized-staples-10-000-pack,2026-05-09T11:40:07.509477
IHL Canada,Fasteners,"DuraDrive 1/4 in. x 2-3/4 in. Hex Head Slot Drive Concrete Screws (1,400 Per Box)",34804,145.0,,Default Title,https://ihlcanada.com/products/duradrive-concrete-screw-hex-1-4x2-3-4-inches-1400-box,2026-05-09T11:40:07.509479
IHL Canada,Fasteners,"DuraDrive 3/8"" x 4"" Threaded Concrete Screw Anchor (50-Pack)",31917,34.95,,Default Title,https://ihlcanada.com/products/duradrive-3-8-inches-x-4-inches-high-performance-white-zinc-threaded-anchor-50-box,2026-05-09T11:40:07.509481
IHL Canada,Fasteners,DuraDrive 3/4 in x 6-1/4 in Steel Performance Wedge Anchor - 10/Pack,31951,23.95,,Default Title,https://ihlcanada.com/products/duradrive-3-4-inches-x-6-1-4-inches-high-performance-white-zinc-wedge-expansion-anchor-10-box,2026-05-09T11:40:07.509484
IHL Canada,Fasteners,"DuraDrive #8 x 2-1/2 in. Flooring Screws, Black, Flat Head, Square (2,500 Per Box)",34851,42.95,,Default Title,https://ihlcanada.com/products/duradrive-low-root-bare-flooring-screw-8x2-1-2-inches-2-5m,2026-05-09T11:40:07.509486
IHL Canada,Fasteners,DuraDrive 3/4 in x 4-3/4 in Steel Performance Wedge Anchor - 10/Pack,31949,19.95,,Default Title,https://ihlcanada.com/products/duradrive-3-4-inches-x-4-3-4-inches-high-performance-white-zinc-wedge-expansion-anchor-10-box,2026-05-09T11:40:07.509488
IHL Canada,Fasteners,DuraDrive 3/8 in x 3-3/4 in Steel Performance Wedge Anchor - 50/Pack,31937,17.95,,Default Title,https://ihlcanada.com/products/duradrive-3-8-inches-x-3-3-4-inches-high-performance-white-zinc-wedge-expansion-anchor-50-box,2026-05-09T11:40:07.509490
IHL Canada,Fasteners,"DuraDrive 1/2"" x 4"" Threaded Concrete Screw Anchor (50-Pack)",31920,67.95,,Default Title,https://ihlcanada.com/products/duradrive-1-2in-performance-threaded-anchor,2026-05-09T11:40:07.509492
IHL Canada,Fasteners,"DuraDrive 1/2"" x 3"" Threaded Concrete Screw Anchor (50-Pack)",34999,59.95,,Default Title,https://ihlcanada.com/products/duradrive-1-2-inches-x-3-inches-zinc-threaded-anchor-50-box,2026-05-09T11:40:07.509495
IHL Canada,Fasteners,"BOSTITCH CAPPAK-5M 1 in. Caps and 5/16 18-Gauge Staples (5,000-Pack)",28998,139.99,,Default Title,https://ihlcanada.com/products/bostitch-cappak-5m-1-in-caps-and-5-16-18-gauge-staples-5-000-pack,2026-05-09T11:40:07.509497
IHL Canada,Fasteners,"DuraDrive #10 x 5 in. Square Drive Deck Screws (1,000-Pack)",26780,83.95,,Default Title,https://ihlcanada.com/products/copy-of-duradrive-10-x-3-1-2-in-low-root-brown-zinc-coated-flat-head-square-drive-decking-screws-1-000-pack-1,2026-05-09T11:40:07.509499
IHL Canada,Fasteners,"DuraDrive #8 x 2 in. Square Drive Collated Deck Screws (1,000 Per Box)",26713,29.95,,Default Title,https://ihlcanada.com/products/duradrive-8-x-2-in-brown-ruspert-coated-flat-head-square-drive-coarse-thread-collated-exterior-wood-screws-1-000-box,2026-05-09T11:40:07.509502
IHL Canada,Fasteners,"DuraDrive #8 x 1-3/4 in. Collated Flooring Screws, Yellow Zinc, Flat Head Square (1,000 Per Box)",26709,24.59,,Default Title,https://ihlcanada.com/products/duradrive-8-x-1-3-4-in-yellow-zinc-coated-flat-head-square-drive-coarse-thread-collated-flooring-screws-1-000-pack,2026-05-09T11:40:07.509504
IHL Canada,Fasteners,"DuraDrive 2 in. 16-Gauge L-Cleat Flooring Nails (1,000-Pack)",14554,14.89,,Default Title,https://ihlcanada.com/products/duradrive-2-in-16-gauge-l-cleat-flooring-nails-1-000-pack,2026-05-09T11:40:07.509506
IHL Canada,Fasteners,H Paulin #6 x 1-1/4 in. Coarse Thread Drywall Screw (500-Jug),18282,14.95,,Default Title,https://ihlcanada.com/products/h-paulin-6-x-1-1-4-in-coarse-thread-drywall-screws-500-per-jug,2026-05-09T11:40:07.509508
IHL Canada,Fasteners,H Paulin 1/2 in. x 13 Zinc Coated Grade-2 Hex Nuts (50-Jug),14634,8.95,,Default Title,https://ihlcanada.com/products/h-paulin-1-2-in-x-13-zinc-coated-grade-2-hex-nuts-50-jug,2026-05-09T11:40:07.509510
IHL Canada,Fasteners,DuraDrive 2 in Steel Bright Ardox Spiral Nails - 50 lb/Box,14430,49.5,,Default Title,https://ihlcanada.com/products/duradrive-2-in-ardox-nails-50-lb-per-box,2026-05-09T11:40:07.509513
IHL Canada,Fasteners,DuraDrive 3-1/4 in Steel Hot-Dip Galvanized Ardox Spiral Nails - 50 lb/Box,14456,76.95,,Default Title,https://ihlcanada.com/products/duradrive-3-1-4-in-hdg-ardox-nails-50-lb-per-box,2026-05-09T11:40:07.509515
IHL Canada,Fasteners,DuraDrive 2-1/4 in Steel Bright Ardox Spiral Nails - 50 lb/Box,14433,44.95,,Default Title,https://ihlcanada.com/products/duradrive-2-1-4-in-ardox-nails-50-lb-per-box,2026-05-09T11:40:07.509517
IHL Canada,Fasteners,H Paulin #10 x 1 in. Zinc Coated Pan Head Square Drive Self-Drilling Drill-X Interior Metal Screws (500-Jug),16146,24.95,,Default Title,https://ihlcanada.com/products/h-paulin-10-zinc-coated-pan-head-square-drive-self-drilling-drill-x-interior-metal-screws-500-jug,2026-05-09T11:40:07.509519
IHL Canada,Fasteners,H Paulin #8-10 Zinc Self-Drilling Drywall Anchors (150-Jug),18111,36.95,,Default Title,https://ihlcanada.com/products/h-paulin-8-10-zinc-self-drilling-drywall-anchors-150-jug,2026-05-09T11:40:07.509521
IHL Canada,Fasteners,H Paulin #6-8 x 3/4 in. Plastic Wall Plugs Drywall Anchors (850-Jug),15237,19.95,,Default Title,https://ihlcanada.com/products/h-paulin-6-8-x-3-4-in-plastic-wall-plugs-drywall-anchors-850-pack,2026-05-09T11:40:07.509524
IHL Canada,Fasteners,DuraDrive A11 1/2 in x 7/16 in Galvanized Steel Coated Staples,17129,5.49,,Default Title,https://ihlcanada.com/products/duradrive-1-2-in-x-7-16-in-a11-20-gauge-staples-5-000-pack,2026-05-09T11:40:07.509526
IHL Canada,Fasteners,H Paulin #10 x 1-1/2 in. Zinc Coated Flat Head Square Drive Interior Wood Screws (450-Jug),16176,24.95,,Default Title,https://ihlcanada.com/products/h-paulin-10-x-1-1-2-in-zinc-coated-flat-head-square-drive-interior-wood-screws-450-jug,2026-05-09T11:40:07.509528
IHL Canada,Fasteners,H Paulin #6 x 2 in. Flat Head Phillips Drive Fine Thread Drywall Screws (300-Jug),18286,11.95,,Default Title,https://ihlcanada.com/products/h-paulin-6-x-2-in-flat-head-phillips-drive-fine-thread-drywall-screws-300-jug,2026-05-09T11:40:07.509530
IHL Canada,Fasteners,"DuraDrive #8 x 1-3/4 in. Construction Screws, Bare, Flat Head Square (4,000 Per Box)",16050,49.95,,Default Title,https://ihlcanada.com/products/copy-of-duradrive-8-x-1-1-2-in-low-root-zinc-coated-flat-head-square-drive-flooring-screws-5-000-box,2026-05-09T11:40:07.509532
IHL Canada,Fasteners,DuraDrive 3 in 8 Gauge Bright Concrete Nails - 50 lb/Pack,14541,78.95,,Default Title,https://ihlcanada.com/products/duradrive-3-in-concrete-nails-50-lb-per-box,2026-05-09T11:40:07.509535
IHL Canada,Fasteners,H Paulin #8 x 2 in. Low Root Brown Coated Flat Head Square Drive Exterior Cedar Decking Screws (400-Jug),16063,25.95,,Default Title,https://ihlcanada.com/products/h-paulin-8-x-2-in-low-root-brown-coated-flat-head-square-drive-exterior-cedar-decking-screws-400-jug,2026-05-09T11:40:07.509537
IHL Canada,Fasteners,"DuraDrive 1 in. x 1/4 in. Crown 18-Gauge L13 Series Galvanized Steel Coated Staples (5,000-Pack)",17143,10.64,,Default Title,https://ihlcanada.com/products/duradrive-1-in-x-1-4-in-crown-18-gauge-l13-series-galvanized-steel-coated-staples-5-000-pack,2026-05-09T11:40:07.509539
IHL Canada,Fasteners,H Paulin #8 x 2 in. Zinc Coated Flat Head Square Drive Particle Board Screws (400-Jug),16113,22.95,,Default Title,https://ihlcanada.com/products/h-paulin-8-x-2-in-zinc-coated-flat-head-square-drive-particle-board-screws-400-jug,2026-05-09T11:40:07.509541
IHL Canada,Fasteners,DuraDrive 1-1/4 in Steel Electro-Galvanized Roofing Nails - 50 lb/Box,14569,56.95,,Default Title,https://ihlcanada.com/products/duradrive-1-1-4-in-electro-galvanized-steel-roofing-nails-50-lb-per-box,2026-05-09T11:40:07.509545
IHL Canada,Fasteners,"H Paulin #6 x 3/8 in. Zinc Coated Pan Head Square Drive Self-Drilling Drill-X Metal Screws (1,000-Jug)",16150,20.95,,Default Title,https://ihlcanada.com/products/h-paulin-zinc-coated-pan-head-square-drive-self-drilling-drill-x-metal-screws-1-000-jug,2026-05-09T11:40:07.509547
IHL Canada,Fasteners,"DuraDrive 1-3/4 in. x 7/16 in. Crown N19 Series Yellow Varnish Galvanized Staples (10,000-Pack)",17150,51.69,,Default Title,https://ihlcanada.com/products/duradrive-1-3-4-in-x-7-16-in-crown-n19-series-yellow-varnish-galvanized-staples-10-000-pack,2026-05-09T11:40:07.509550
IHL Canada,Fasteners,H Paulin #6 x 7/16 in. Pan Head Phillips Drive Fine Thread S Point Framing Screws (900-Jug),18297,17.95,,Default Title,https://ihlcanada.com/products/h-paulin-6-x-7-16-in-pan-head-phillips-drive-fine-thread-s-point-framing-screws-900-jug,2026-05-09T11:40:07.509552
IHL Canada,Fasteners,H Paulin #8-10 x 7/8 in. Plastic Conical Concrete Anchors (900-Jug),10090,11.95,,Default Title,https://ihlcanada.com/products/h-paulin-plastic-conical-concrete-anchors-900-pack,2026-05-09T11:40:07.509554
IHL Canada,Fasteners,The Hillman Group Paulin 537-080 #8 1-1/4 in Zinc Board Screw,16106,21.95,,Default Title,https://ihlcanada.com/products/h-paulin-8-x-1-1-4-in-flat-head-socket-particle-board-screws-600-per-jug,2026-05-09T11:40:07.509556
IHL Canada,Fasteners,DuraDrive 1/2 in. x 10 in. L-Anchor Bolts with Nuts and Washers (100-Pack),10078,55.95,,Default Title,https://ihlcanada.com/products/copy-of-duradrive-1-2-in-x-6-in-l-anchor-bolts-with-nuts-and-washers-100-box-3,2026-05-09T11:40:07.509559
IHL Canada,Fasteners,H Paulin #6-8 Nylon Self-Drilling Drywall Anchors (200-Jug),18112,25.0,,Default Title,https://ihlcanada.com/products/h-paulin-6-8-nylon-self-drilling-drywall-anchors-200-pack,2026-05-09T11:40:07.509562
IHL Canada,Fasteners,H Paulin 3/8 in. x 16 Zinc Coated Grade-2 Hex Nuts (100-Jug),14638,7.95,,Default Title,https://ihlcanada.com/products/h-paulin-3-8-in-x-16-zinc-coated-grade-2-hex-nuts-100-jug,2026-05-09T11:40:07.509564
IHL Canada,Fasteners,H Paulin #8 x 1 in. Zinc Coated Pan Head Square Drive Interior Metal Screws (700-Jug),16096,23.95,,Default Title,https://ihlcanada.com/products/h-paulin-zinc-coated-pan-head-square-drive-interior-metal-screws-700-jug,2026-05-09T11:40:07.509566
IHL Canada,Fasteners,The Hillman Group Paulin 537-143 #10 1 in Zinc Metal Screw,16083,22.95,,Default Title,https://ihlcanada.com/products/h-paulin-10-x-1-in-pan-head-socket-metal-screws-500-per-jug,2026-05-09T11:40:07.509570
IHL Canada,Fasteners,DuraDrive 1 in 18 Gauge Galvanized Coated Bright Brad Nails - 5000/Pack,14477,5.25,,Default Title,https://ihlcanada.com/products/duradrive-1-in-18-gauge-galvanized-brad-nails-5-000-pack,2026-05-09T11:40:07.509572
IHL Canada,Fasteners,H Paulin #8 x 1-1/2 in. Zinc Coated Pan Head Square Drive Self-Drilling Drill-X Metal Screws (500-Jug),16151,19.95,,Default Title,https://ihlcanada.com/products/h-paulin-8-x-1-1-2-in-zinc-coated-pan-head-square-drive-self-drilling-drill-x-metal-screws-500-jug,2026-05-09T11:40:07.509574
IHL Canada,Fasteners,H Paulin #14 x 4 in. Zinc Plated Hex Washer Head Self-Drilling Tek Screws (100-Box),16140,29.95,,Default Title,https://ihlcanada.com/products/h-paulin-14-x-4-in-zinc-plated-hex-washer-head-self-drilling-tek-screws-100-box,2026-05-09T11:40:07.509576
IHL Canada,Fasteners,H Paulin #8 x 1-1/4 in. Zinc Coated Pan Head Square Drive Interior Metal Screws (500-Jug),16098,22.25,,Default Title,https://ihlcanada.com/products/h-paulin-zinc-coated-pan-head-square-drive-interior-metal-screws-500-jug,2026-05-09T11:40:07.509579
IHL Canada,Fasteners,DuraDrive 3 in x 0.3 in Bright Flat Head Fluted Drive Pins,11695,10.95,,Default Title,https://ihlcanada.com/products/duradrive-3-in-x-0-300-in-concrete-pins-for-concrete-and-steel-100-pack,2026-05-09T11:40:07.509581
IHL Canada,Fasteners,"DuraDrive 2 in. x 7/16 in. Crown N21 Series Yellow Varnish Galvanized Staples (10,000-Pack)",17151,63.25,,Default Title,https://ihlcanada.com/products/duradrive-2-in-x-7-16-in-crown-n21-series-yellow-varnish-galvanized-staples-10-000-pack,2026-05-09T11:40:07.509583
IHL Canada,Fasteners,DuraDrive 3/8 in x 5 in Steel Performance Wedge Anchor - 50/Pack,31938,26.95,,Default Title,https://ihlcanada.com/products/duradrive-3-8-inches-x-5-inches-high-performance-white-zinc-wedge-expansion-anchor-50-box,2026-05-09T11:40:07.509585
IHL Canada,Fasteners,"DuraDrive 1/4 in. x 1-3/4 in. Hex Head Slot Drive Concrete Screws (2,500 Per Box)",34803,119.95,,Default Title,https://ihlcanada.com/products/duradrive-concrete-screw-hex-1-4x1-3-4-inches-2500-box,2026-05-09T11:40:07.509587
IHL Canada,Fasteners,"Metabo HPT 23007SHPT 2 in. 23-Gauge Galvanized Headless Micro Pin Nails (2,000-Pack)",31969,10.99,,Default Title,https://ihlcanada.com/products/metabo-hpt-23007shpt-micro-pins-23ga-x-2-2m,2026-05-09T11:40:07.509590
IHL Canada,Fasteners,DuraDrive 1/2 in. x 2-3/4 in. Performance Wedge Anchor (50-Pack),31939,27.95,,Default Title,https://ihlcanada.com/products/duradrive-1-2in-performance-wedge-anchor,2026-05-09T11:40:07.509592
IHL Canada,Fasteners,DuraDrive 1/2 in. Drop-in Internally Threaded Expansion Anchor Setting Tool,31771,3.75,,Default Title,https://ihlcanada.com/products/copy-of-duradrive-1-4-in-drop-in-internally-threaded-expansion-anchor-setting-tool-1,2026-05-09T11:40:07.509596
IHL Canada,Fasteners,DuraDrive 5/8 in. x 4-1/2 in. Performance Wedge Anchor (20-Pack),31944,25.75,,Default Title,https://ihlcanada.com/products/duradrive-5-8in-performance-wedge-anchor-25-pack,2026-05-09T11:40:07.509598
IHL Canada,Fasteners,"DuraDrive 3/8"" x 5"" Threaded Concrete Screw Anchor (50-Pack)",31918,35.95,,Default Title,https://ihlcanada.com/products/duradrive-3-8-inches-x-5-inches-high-performance-white-zinc-threaded-anchor-50-box,2026-05-09T11:40:07.509600
IHL Canada,Fasteners,DuraDrive 1/2 in. Coil Drop-in Internally Threaded Anchor (50-Pack),31767,18.95,,Default Title,https://ihlcanada.com/products/duradrive-internally-threaded-coiled-drop-in-anchors-10-pack,2026-05-09T11:40:07.509602
IHL Canada,Fasteners,"DuraDrive 1/4"" x 1-3/4"" Threaded Concrete Screw Anchor (100-Pack)",31913,29.95,,Default Title,https://ihlcanada.com/products/duradrive-1-4in-performance-threaded-anchor-100-pack,2026-05-09T11:40:07.509605
IHL Canada,Fasteners,"DuraDrive 3/8"" x 1-3/4"" Threaded Concrete Screw Anchor (50-Pack)",35144,27.59,,Default Title,https://ihlcanada.com/products/duradrive-3-8-inches-x-1-3-4-inches-zinc-threaded-anchor-50-box,2026-05-09T11:40:07.509607
IHL Canada,Fasteners,"DuraDrive 1-1/2 in. Plastic Cap Spiral Shank Insulation Nails (2,000-Box)",31628,24.95,,Default Title,https://ihlcanada.com/products/duradrive-1-1-2-in-plastic-cap-spiral-shank-insulation-nails-2-000-box,2026-05-09T11:40:07.509609
IHL Canada,Fasteners,"Metabo HPT 23000SHPT 5/8 in. 23-Gauge Galvanized Headless Micro Pin Nails (2,000-Pack)",31964,3.99,,Default Title,https://ihlcanada.com/products/metabo-hpt-23000shpt-micro-pins-23ga-x-5-8-2m,2026-05-09T11:40:07.509611
IHL Canada,Fasteners,BOSTITCH SB-CAPS 1 in. Caps for Staples and Nails (1000-Pack),28371,34.16,,Default Title,https://ihlcanada.com/products/bostitch-cappak-5m-1-in-caps-for-staples-and-nails-1000-pack,2026-05-09T11:40:07.509613
IHL Canada,Fasteners,DuraDrive #8 x 1-5/8 in. Fine Thread Tek Point Cement Board Screws (150-Pack),27862,5.45,,Default Title,https://ihlcanada.com/products/duradrive-8-x-1-5-8-in-flat-phillips-head-grey-ruspert-cement-board-type-s-12-tek-point-screw-150,2026-05-09T11:40:07.509616
IHL Canada,Fasteners,H Paulin 5/16 in. x 3 in. Zinc Coated Hex Head Lag Bolts (500-Box),22760,99.95,,Default Title,https://ihlcanada.com/products/h-paulin-5-16-in-x-3-in-zinc-coated-hex-head-lag-bolts-500-box,2026-05-09T11:40:07.509618
IHL Canada,Fasteners,"DuraDrive #8 x 1-5/8 in. Square Drive Collated Deck Screws (1,000 Per Box)",26711,24.59,,Default Title,https://ihlcanada.com/products/duradrive-8-brown-ruspert-coated-flat-head-square-drive-coarse-thread-collated-exterior-wood-screws-1-000-pack,2026-05-09T11:40:07.509620
IHL Canada,Fasteners,"DuraDrive 1/4 in. x 7/16 in. Crown 20-Gauge A11 Series Galvanized Steel Staples (5,000-Pack)",17130,5.49,,Default Title,https://ihlcanada.com/products/duradrive-7-16-in-crown-a11-series-20-gauge-galvanized-steel-coated-staples-5-000-pack,2026-05-09T11:40:07.509623
IHL Canada,Fasteners,DuraDrive 2-1/4 in. 10-Gauge Smooth Finish Double Head Nails (50 lb. per Box),14542,54.95,,Default Title,https://ihlcanada.com/products/duradrive-2-1-4-in-10-gauge-smooth-finish-double-head-nails-50-lb-per-box,2026-05-09T11:40:07.509625
IHL Canada,Fasteners,DuraDrive 1-1/4 in x 0.3 in Bright Flat Head Fluted Drive Pins,11681,8.24,,Default Title,https://ihlcanada.com/products/duradrive-1-1-4-in-x-0-300-in-concrete-pins-for-concrete-and-steel-100-pack,2026-05-09T11:40:07.509627
IHL Canada,Fasteners,DuraDrive 1/2 in. x 12 in. L-Anchor Bolts with Nuts and Washers (100-Pack),10079,69.95,,Default Title,https://ihlcanada.com/products/copy-of-duradrive-1-2-in-x-6-in-l-anchor-bolts-with-nuts-and-washers-100-box-4,2026-05-09T11:40:07.509629
IHL Canada,Fasteners,H Paulin 1/4 in. Zinc Coated Flat Washers (400-Jug),17869,8.59,,Default Title,https://ihlcanada.com/products/h-paulin-1-4-in-zinc-coated-flat-washers-400-jug,2026-05-09T11:40:07.509632
IHL Canada,Fasteners,DuraDrive 0.27 Caliber Yellow 10-Shot Strip Powder Actuated Fastener Loads (100-Pack),16707,11.95,,Default Title,https://ihlcanada.com/products/copy-of-duradrive-0-27-caliber-green-10-shot-strip-powder-actuated-fastener-loads-100-pack-1,2026-05-09T11:40:07.509634
IHL Canada,Fasteners,"DuraDrive 1-1/4 in. x 7/16 in. Crown 16-Gauge N15 Series Yellow Varnish Galvanized Staples (10,000-Pack)",17148,34.44,,Default Title,https://ihlcanada.com/products/duradrive-1-1-4-in-x-7-16-in-crown-16-gauge-n15-series-yellow-varnish-galvanized-staples-10-000-pack,2026-05-09T11:40:07.509636
IHL Canada,Fasteners,DuraDrive 2-1/2 in Steel Electro-Galvanized Roofing Nails - 50 lb/Box,14575,44.95,,Default Title,https://ihlcanada.com/products/duradrive-2-1-2-in-electro-galvanized-spiral-steel-roofing-nails-50-lb-per-box,2026-05-09T11:40:07.509638
IHL Canada,Fasteners,"DuraDrive 1/2 in. x 1/4 in. Crown 18-Gauge L08 Series Galvanized Steel Coated Staples (5,000-Pack)",17139,4.54,,Default Title,https://ihlcanada.com/products/duradrive-1-2-in-x-1-4-in-crown-18-gauge-l08-series-galvanized-steel-coated-staples-5-000-pack,2026-05-09T11:40:07.509642
IHL Canada,Fasteners,H Paulin #6 x 1-1/4 in. Fine Thread Drywall Screw (500-Jug),16021,14.95,,Default Title,https://ihlcanada.com/products/h-paulin-6-x-1-1-4-in-fine-thread-drywall-screws-500-per-jug,2026-05-09T11:40:07.509644
IHL Canada,Fasteners,DEWALT POWERS 02826 1/4 in. x 2 in. ZAMAC NAILIN Mushroom Head Carbon Steel Nail Anchor (100-Pack),18101,24.95,,Default Title,https://ihlcanada.com/products/dewalt-1-4in-x-2in-mushroom-head-carbon-steel-nail-anchor-100-pack,2026-05-09T11:40:07.509647
IHL Canada,Fasteners,H Paulin #10 x 1-1/2 in. Brown Coated Hex Head Exterior Roofing and Siding Screws (100-Jug),16123,14.95,,Default Title,https://ihlcanada.com/products/h-paulin-10-x-1-1-2-in-brown-coated-hex-head-exterior-roofing-and-siding-screws-100-jug,2026-05-09T11:40:07.509649
IHL Canada,Fasteners,H Paulin #6 x 1-5/8 in. Zinc Coated Flat Head Phillips Drive Self-Drilling Drywall Screws (450-Jug),19322,19.95,,Default Title,https://ihlcanada.com/products/h-paulin-6-x-1-5-8-in-zinc-coated-flat-head-phillips-drive-self-drilling-drywall-screws-450-jug,2026-05-09T11:40:07.509651
IHL Canada,Fasteners,"DuraDrive 2 in. Plastic Cap Spiral Shank Insulation Nails (2,000-Box)",14559,24.95,,Default Title,https://ihlcanada.com/products/duradrive-plastic-cap-spiral-shank-insulation-roofing-nails,2026-05-09T11:40:07.509655
IHL Canada,Fasteners,"DuraDrive 2 in. Hot-Dip Galvanized Spiral Shank Flat Top Coil Framing Nails (4,500-Box)",14507,36.95,,Default Title,https://ihlcanada.com/products/duradrive-2-in-hot-dip-galvanized-ring-shank-flat-top-coil-framing-nails-4-500-box,2026-05-09T11:40:07.509657
IHL Canada,Fasteners,DuraDrive 3-1/4 in. Cold-Dip Galvanized Spiral Shank Coil Framing Nails (4050-Box),14502,54.95,,Default Title,https://ihlcanada.com/products/duradrive-3-1-4-in-duradized-cold-dip-galvanized-spiral-shank-coil-framing-nails-4-050-box,2026-05-09T11:40:07.509659
IHL Canada,Fasteners,H Paulin 1/4 in. x 20 Zinc Coated Grade-2 Hex Nuts (300-Jug),14636,10.95,,Default Title,https://ihlcanada.com/products/h-paulin-1-4-in-x-20-zinc-coated-grade-2-hex-nuts-300-jug,2026-05-09T11:40:07.509661
IHL Canada,Fasteners,"H Paulin #8 x 5/8 in. Zinc Coated Pan Head Square Drive Interior Metal Screws (1,000-Jug)",16102,27.95,,Default Title,https://ihlcanada.com/products/h-paulin-zinc-coated-pan-head-square-drive-interior-metal-screws-1-000-jug,2026-05-09T11:40:07.509664
IHL Canada,Fasteners,The Hillman Group Paulin 537-144 #10 1-1/4 in Zinc Metal Screw,16085,25.0,,Default Title,https://ihlcanada.com/products/h-paulin-10-x-1-1-4-in-zinc-plated-pan-head-socket-type-inchesa-inches-metal-screws-500-per-jug,2026-05-09T11:40:07.509666
IHL Canada,Fasteners,DuraDrive 2-1/2 in x 0.3 in Bright Flat Head Fluted Drive Pins,11688,9.75,,Default Title,https://ihlcanada.com/products/duradrive-2-1-2-in-x-0-300-in-concrete-pins-for-concrete-and-steel-100-pack,2026-05-09T11:40:07.509670
IHL Canada,Fasteners,"DuraDrive 2-3/8 in. 34-Degree Hot-Dip Galvanized Paper Strip Nails (5,000-Box)",14589,77.95,,Default Title,https://ihlcanada.com/products/duradrive-2-3-8-in-34-degree-hot-dip-galvanized-spiral-paper-strip-nails-5-000-per-box,2026-05-09T11:40:07.509672
IHL Canada,Fasteners,H Paulin #10 x 1-1/2 in. Zinc Coated Pan Head Square Drive Interior Metal Screws (400-Jug),16084,25.0,,Default Title,https://ihlcanada.com/products/h-paulin-10-x-1-1-2-in-zinc-coated-pan-head-square-drive-interior-metal-screws-400-jug,2026-05-09T11:40:07.509674
IHL Canada,Fasteners,"DuraDrive #6 x 1-1/4 in. Tek Point Fine Thread Drywall Screws (10,000 Per Box)",19615,79.99,,Default Title,https://ihlcanada.com/products/duradrive-6-x-1-1-4-in-yellow-zinc-coated-bugle-head-phillips-drive-drywall-tek-screws-10-000-box,2026-05-09T11:40:07.509677
IHL Canada,Fasteners,The Hillman Group Paulin 537-202 #8 3/4 in Zinc Metal Screw,16155,32.95,,Default Title,https://ihlcanada.com/products/h-paulin-8-x-3-4-in-pan-head-socket-drill-x-metal-screws-1-000-per-jug,2026-05-09T11:40:07.509679
IHL Canada,Fasteners,DuraDrive 1-1/4 in. Bright Finish Thin Smooth Shank Common Nails (50 lb. per Box),14517,58.25,,Default Title,https://ihlcanada.com/products/duradrive-bright-finish-thin-smooth-shank-common-nails-50-lb-per-box,2026-05-09T11:40:07.509681
IHL Canada,Fasteners,DuraDrive 12 in Thin Smooth Shank Bright Common Nails - 50 lb/Box,14518,45.05,,Default Title,https://ihlcanada.com/products/duradrive-12-in-common-nails-50-lb-per-box,2026-05-09T11:40:07.509683
IHL Canada,Fasteners,DuraDrive 2-1/2 in Thin Smooth Shank Bright Common Nails - 50 lb/Box,14520,46.15,,Default Title,https://ihlcanada.com/products/duradrive-2-1-2-in-common-nails-50-lb-per-box,2026-05-09T11:40:07.509685
IHL Canada,Fasteners,The Hillman Group Paulin 537-081 #8 1-1/2 in Zinc Board Screw,16105,26.95,,Default Title,https://ihlcanada.com/products/h-paulin-8-x-1-1-2-in-flat-head-socket-particle-board-screws-600-per-jug,2026-05-09T11:40:07.509688
IHL Canada,Fasteners,"DuraDrive 1-1/8 in. x 1/4 in. Crown 18-Gauge L14 Series Yellow Varnish Galvanized Staples (5,000-Pack)",17144,10.29,,Default Title,https://ihlcanada.com/products/duradrive-1-1-8-in-x-1-4-in-crown-18-gauge-l14-series-yellow-varnish-galvanized-staples-5-000-pack,2026-05-09T11:40:07.509692
IHL Canada,Fasteners,H Paulin 1/2 in. Zinc Coated Fender Washers (70-Jug),17863,13.95,,Default Title,https://ihlcanada.com/products/h-paulin-1-2-in-zinc-coated-fender-washers-70-jug,2026-05-09T11:40:07.509696
IHL Canada,Fasteners,DuraDrive 2-1/4 in x 0.3 in Bright Flat Head Fluted Drive Pins,11691,9.25,,Default Title,https://ihlcanada.com/products/duradrive-2-1-4-in-x-0-300-in-concrete-pins-for-concrete-and-steel-100-pack,2026-05-09T11:40:07.509699
IHL Canada,Fasteners,"DuraDrive 1/2 in. x 7/16 in. Crown 18-Gauge 80 Series Galvanized Steel Coated Staples (5,000-Pack)",17125,5.95,,Default Title,https://ihlcanada.com/products/duradrive-1-2-in-x-7-16-in-crown-18-gauge-80-series-galvanized-steel-coated-staples-5-000-pack,2026-05-09T11:40:07.509702
IHL Canada,Fasteners,The Hillman Group Paulin 537-142 #10 3/4 in Zinc Metal Screw,16087,28.95,,Default Title,https://ihlcanada.com/products/h-paulin-10-x-3-4-in-pan-head-socket-metal-screws-750-per-jug,2026-05-09T11:40:07.509705
IHL Canada,Fasteners,H Paulin #10 x 1-1/2 in. Zinc Coated Hex Head Roofing and Siding Screws (100-Jug),18294,16.95,,Default Title,https://ihlcanada.com/products/h-paulin-10-x-1-1-2-in-zinc-coated-hex-head-roofing-and-siding-screws-100-jug,2026-05-09T11:40:07.509707
IHL Canada,Fasteners,H Paulin #8 x 1 in. Zinc Coated Flat Head Square Drive Particle Board Screws (750-Jug),16111,27.95,,Default Title,https://ihlcanada.com/products/h-paulin-8-x-1-in-zinc-coated-flat-head-square-drive-particle-board-screws-750-jug,2026-05-09T11:40:07.509709
IHL Canada,Fasteners,H Paulin #6 x 5/8 in. Almond Painted Pan Head Square Drive Soffit Screws (800-Jug),16125,14.95,,Default Title,https://ihlcanada.com/products/h-paulin-6-x-5-8-in-almond-painted-pan-head-square-drive-soffit-screws-800-jug,2026-05-09T11:40:07.509711
IHL Canada,Fasteners,"DuraDrive 2-3/8 in. 34-Degree Bright Ring Shank Paper Strip Nails (5,000-Box)",14593,45.95,,Default Title,https://ihlcanada.com/products/duradrive-2-3-8-in-34-degree-bright-ring-shank-paper-strip-nails-5-000-box,2026-05-09T11:40:07.509714
IHL Canada,Fasteners,H Paulin #10 x 1 in. Zinc Coated Hex Head Self-Drilling Drill-X Interior Metal Screws (500-Jug),16133,27.95,,Default Title,https://ihlcanada.com/products/h-paulin-10-x-1-in-zinc-coated-hex-head-self-drilling-drill-x-interior-metal-screws-500-jug,2026-05-09T11:40:07.509716
IHL Canada,Fasteners,H Paulin #8 x 5/8 in. Zinc Coated Flat Head Square Drive Particle Board Screws (700-Jug),16116,14.95,,Default Title,https://ihlcanada.com/products/h-paulin-8-x-5-8-in-zinc-coated-flat-head-square-drive-particle-board-screws-700-jug,2026-05-09T11:40:07.509718
IHL Canada,Fasteners,DuraDrive 1-1/2 in. 9-Gauge Hot-Dip Galvanized Joist Hanger Nails (50 lb. per Box),14552,69.95,,Default Title,https://ihlcanada.com/products/duradrive-1-1-2-in-9-gauge-hot-dip-galvanized-joist-hanger-nails-50-lb-per-box,2026-05-09T11:40:07.509720
IHL Canada,Fasteners,"DuraDrive 3/8"" x 6"" Threaded Concrete Screw Anchor (50-Pack)",31919,38.45,,Default Title,https://ihlcanada.com/products/duradrive-3-8-inches-x-6-inches-high-performance-white-zinc-threaded-anchor-50-box,2026-05-09T11:40:07.509722
IHL Canada,Fasteners,DuraDrive 5/16 in 2-1/2 in Carbon Steel Sleeve Anchor - 100/Pack,31775,19.95,,Default Title,https://ihlcanada.com/products/duradrive-5-16-in-x-2-1-2-in-white-zinc-hex-nut-sleeve-anchor-100-pack,2026-05-09T11:40:07.509724
IHL Canada,Fasteners,"DuraDrive 3/4"" x 8"" Threaded Concrete Screw Anchor (10-Pack)",31930,46.95,,Default Title,https://ihlcanada.com/products/duradrive-3-4-inches-x-8-inches-high-performance-white-zinc-threaded-anchor-10-box,2026-05-09T11:40:07.509727
IHL Canada,Fasteners,DuraDrive 5/8 in 2-1/2 in Steel Internally Threaded Smooth Drop-In Anchor - 25/Pack,31765,23.95,,Default Title,https://ihlcanada.com/products/duradrive-5-8-in-white-zinc-smooth-drop-in-internally-threaded-expansion-anchor-25-pack,2026-05-09T11:40:07.509729
IHL Canada,Fasteners,DuraDrive 1/4 in. Drop-in Internally Threaded Expansion Anchor Setting Tool,31769,1.49,,Default Title,https://ihlcanada.com/products/duradrive-internally-threaded-expansion-drop-in-anchor-setting-tool,2026-05-09T11:40:07.509731
IHL Canada,Fasteners,"DuraDrive 5/8"" x 8"" Threaded Concrete Screw Anchor (20-Pack)",31927,56.95,,Default Title,https://ihlcanada.com/products/duradrive-5-8-inches-x-8-inches-high-performance-white-zinc-threaded-anchor-20-box,2026-05-09T11:40:07.509733
IHL Canada,Fasteners,"DuraDrive 1/2"" x 5"" Threaded Concrete Screw Anchor (25-Pack)",31921,37.35,,Default Title,https://ihlcanada.com/products/duradrive-1-2-inches-x-5-inches-high-performance-white-zinc-threaded-anchor-25-box,2026-05-09T11:40:07.509735
IHL Canada,Fasteners,"DURADRIVE 3/4"" x 11"" ZINC WEDGE ANCHOR 10-BOX",32098,27.95,,Default Title,https://ihlcanada.com/products/duradiive-3-4-x-11-zinc-wedge-anchor-10-box,2026-05-09T11:40:09.578895
IHL Canada,Fasteners,DuraDrive 1/2 in 6 in Carbon Steel Sleeve Anchor - 10/Pack,31781,6.99,,Default Title,https://ihlcanada.com/products/duradrive-1-2in-x-6in-white-zinc-hex-nut-sleeve-anchor-10-box,2026-05-09T11:40:09.578908
IHL Canada,Fasteners,DuraDrive 3/8 in. x 6 in. Flat Head Sleeve Anchor (50-Pack),31792,24.99,,Default Title,https://ihlcanada.com/products/copy-of-duradrive-3-8-in-x-2-3-4-in-flat-head-sleeve-anchor-50-pack-2,2026-05-09T11:40:09.578912
IHL Canada,Fasteners,"DuraDrive 5/8"" x 4"" Threaded Concrete Screw Anchor (25-Pack)",31924,49.95,,Default Title,https://ihlcanada.com/products/duradrive-5-8in-performance-threaded-anchor-25-pack,2026-05-09T11:40:09.578914
IHL Canada,Fasteners,DuraDrive 5/8 in 4-1/4 in Carbon Steel Sleeve Anchor - 10/Pack,31783,9.99,,Default Title,https://ihlcanada.com/products/duradrive-5-8-in-x-4-1-4-in-white-zinc-hex-nut-sleeve-anchor-10-pack,2026-05-09T11:40:09.578917
IHL Canada,Fasteners,DuraDrive 1/4 in. Smooth Drop-in Internally Threaded Anchor (100-Pack),31762,10.95,,Default Title,https://ihlcanada.com/products/duradrive-internally-threaded-drop-in-anchor,2026-05-09T11:40:09.578919
IHL Canada,Fasteners,DuraDrive 1/4 in. x 1-3/4 in. Performance Wedge Anchor (100-Pack),31931,15.95,,Default Title,https://ihlcanada.com/products/duradrive-1-4-in-performance-wedge-anchor-100-pack,2026-05-09T11:40:09.578922
IHL Canada,Fasteners,"DuraDrive #8 x 3 in. Flooring Screws, Black, Flat Head, Square (1,500 Per Box)",34852,30.95,,Default Title,https://ihlcanada.com/products/duradrive-low-root-bare-flooring-screw-8-x-3-inches-1-5m,2026-05-09T11:40:09.578924
IHL Canada,Fasteners,DuraDrive 3/8 in. x 1-7/8 in. Hex Nut Sleeve Anchor (50-Pack),31776,9.95,,Default Title,https://ihlcanada.com/products/duradrive-3-8in-hex-nut-sleeve-anchor,2026-05-09T11:40:09.578926
IHL Canada,Fasteners,DuraDrive 5/8 in x 7 in Steel Performance Wedge Anchor - 25/Pack,31947,29.95,,Default Title,https://ihlcanada.com/products/duradrive-5-8-in-x-7-in-high-performance-white-zinc-wedge-expansion-anchor-20-box,2026-05-09T11:40:09.578929
IHL Canada,Fasteners,DuraDrive 3/8 in 4 in Carbon Steel Sleeve Anchor - 50/Pack,31778,15.99,,Default Title,https://ihlcanada.com/products/duradrive-3-8-in-x-4-in-white-zinc-hex-nut-sleeve-anchor-50-pack,2026-05-09T11:40:09.578931
IHL Canada,Fasteners,DuraDrive 3/8 in. x 5 in. Flat Head Sleeve Anchor (50-Pack),31791,21.99,,Default Title,https://ihlcanada.com/products/copy-of-duradrive-3-8-in-x-2-3-4-in-flat-head-sleeve-anchor-50-pack-1,2026-05-09T11:40:09.578933
IHL Canada,Fasteners,DuraDrive 5/8 in. Drop-in Internally Threaded Expansion Anchor Setting Tool,31772,4.99,,Default Title,https://ihlcanada.com/products/copy-of-duradrive-1-4-in-drop-in-internally-threaded-expansion-anchor-setting-tool-2,2026-05-09T11:40:09.578936
IHL Canada,Fasteners,DuraDrive 1/4 in 2-1/4 in Steel Sleeve Anchor - 100/Pack,31788,12.99,,Default Title,https://ihlcanada.com/products/duradrive-1-4in-x-2-1-4in-white-zinc-acorn-nut-sleeve-anchor-100-box,2026-05-09T11:40:09.578938
IHL Canada,Fasteners,DuraDrive 3/8 in 3 in Carbon Steel Sleeve Anchor - 50/Pack,31777,11.99,,Default Title,https://ihlcanada.com/products/duradrive-3-8-in-x-3-in-white-zinc-hex-nut-sleeve-anchor-50-pack,2026-05-09T11:40:09.578940
IHL Canada,Fasteners,"Simpson Strong-Tie Quik Drive DSVT2S #10 x 2 in. Tan DSV Collated Decking Screw (1,500-Pack)",23327,114.95,,Default Title,https://ihlcanada.com/products/simpson-strong-tie-quik-drive-dsvt2s-10-x-2-in-tan-dsv-collated-decking-screw-1-500-pack,2026-05-09T11:40:09.578943
IHL Canada,Fasteners,SIMPSON Strong-Tie Quik Drive WSV212S #9 2-1/2 in. Strip Screw (1500-Pack),29282,112.95,,Default Title,https://ihlcanada.com/products/simpson-strong-tie-quick-drive-wsv212s-9-2-1-2-in-strip-screw-1500-pack,2026-05-09T11:40:09.578945
IHL Canada,Fasteners,"DuraDrive 1-3/4 in. x 0.083 Duradized Galvanized Ring Shank Conical Top Coil Framing Nails (9,020-Box)",27882,56.95,,Default Title,https://ihlcanada.com/products/duradrive-1-3-4-in-x-0-083-duradized-galvanized-ring-shank-conical-top-coil-framing-nails-9-020-box,2026-05-09T11:40:09.578947
IHL Canada,Fasteners,DuraDrive #8 x 1-1/4 in. Coarse Thread Spoon Point Cement Board Screws (5000 Per Box),27859,125.0,,Default Title,https://ihlcanada.com/products/duradrive-8-x-1-1-4-in-flat-phillips-head-grey-ruspert-cement-board-type-2-spoon-point-screw-5-00,2026-05-09T11:40:09.578950
IHL Canada,Fasteners,DuraDrive #8 x 1-1/4 in. Coarse Thread Spoon Point Cement Board Screws (150-Pack),27857,4.75,,Default Title,https://ihlcanada.com/products/duradrive-8-grey-coated-flat-head-phillips-drive-type-2-spoon-point-cement-board-screws,2026-05-09T11:40:09.578956
IHL Canada,Fasteners,H Paulin #8 x 2-1/2 in. Black Phosphate Coated Flat Head Square Drive Flooring Screws (250-Jug),19319,18.95,,Default Title,https://ihlcanada.com/products/h-paulin-8-x-2-1-2-in-black-phosphate-coated-flat-head-square-drive-flooring-screws-250-jug,2026-05-09T11:40:09.578959
IHL Canada,Fasteners,DEWALT POWERS 02820 1/4 in. x 1-1/2 in. ZAMAC NAILIN Mushroom Head Carbon Steel Nail Anchor (100-Pack),18099,19.95,,Default Title,https://ihlcanada.com/products/dewalt-1-4in-x-1-1-2in-mushroom-head-carbon-steel-nail-anchor-100-pack,2026-05-09T11:40:09.578961
IHL Canada,Fasteners,"H Paulin #8 x 5/8 in. Zinc Coated Pan Head Square Drive Self-Drilling Drill-X Interior Metal Screws (1,000-Jug)",16156,32.95,,Default Title,https://ihlcanada.com/products/h-paulin-8-zinc-coated-pan-head-square-drive-self-drilling-drill-x-interior-metal-screws-1-000-jug,2026-05-09T11:40:09.578963
IHL Canada,Fasteners,H Paulin #6 x 1 in. Zinc Coated Pan Head Square Drive Interior Metal Screws (750-Jug),16089,21.95,,Default Title,https://ihlcanada.com/products/h-paulin-zinc-coated-pan-head-square-drive-interior-metal-screws-750-jug,2026-05-09T11:40:09.578966
IHL Canada,Fasteners,H Paulin 5/16 in. x 36 in. Zinc Coated Threaded Rod,15550,2.99,,Default Title,https://ihlcanada.com/products/h-paulin-5-16-in-x-36-in-zinc-coated-threaded-rod,2026-05-09T11:40:09.578968
IHL Canada,Fasteners,DuraDrive 2-1/4 in 9 Gauge Bright Concrete Nails - 4.5 lb/Box,14535,6.95,,Default Title,https://ihlcanada.com/products/duradrive-2-1-4-in-concrete-nails-4-5-lb-per-box,2026-05-09T11:40:09.578970
IHL Canada,Fasteners,"DuraDrive 3/4 in. x .300 in. Bright Finish Flat Head Fluted Concrete and Steel Drive Pins (1,000-Pack)",11694,36.95,,Default Title,https://ihlcanada.com/products/duradrive-0-300-in-bright-finish-flat-head-fluted-concrete-and-steel-drive-pins-1-000-pack,2026-05-09T11:40:09.578972
IHL Canada,Fasteners,"DuraDrive #8 x 1-1/2 in. Construction Screws, Bare, Flat Head, Square (5,000 Per Box)",16049,51.95,,Default Title,https://ihlcanada.com/products/duradrive-8-low-root-zinc-coated-flat-head-square-drive-flooring-screws,2026-05-09T11:40:09.578975
IHL Canada,Fasteners,H Paulin #8 x 2-1/2 in. Zinc Coated Flat Head Square Drive Particle Board Screws (250-Jug),16112,19.95,,Default Title,https://ihlcanada.com/products/h-paulin-8-x-2-1-2-in-zinc-coated-flat-head-square-drive-particle-board-screws-250-jug,2026-05-09T11:40:09.578977
IHL Canada,Fasteners,"DuraDrive 1-1/4 in. 18-Gauge Bright Finish L-Cleat Flooring Nails (1,000-Pack)",14553,10.49,,Default Title,https://ihlcanada.com/products/duradrive-1-1-4-in-18-gauge-bright-finish-l-cleat-flooring-nails-1-000-pack,2026-05-09T11:40:09.578979
IHL Canada,Fasteners,DuraDrive 2-1/2 in Bright Concrete Nails - 4.5 lb/Pack,14534,7.49,,Default Title,https://ihlcanada.com/products/duradrive-2-1-2-in-concrete-nails-4-5-lb-per-box,2026-05-09T11:40:09.578982
IHL Canada,Fasteners,"DuraDrive 9/16 in. x 7/16 in. Crown Galvanized Steel Coated Staples (10,000-Pack)",17127,5.25,,Default Title,https://ihlcanada.com/products/duradrive-9-16-in-x-7-16-in-crown-galvanized-steel-coated-staples-10-000-pack,2026-05-09T11:40:09.578984
IHL Canada,Fasteners,DuraDrive 3 in Steel Electro-Galvanized Roofing Nails - 50 lb/Box,14572,58.95,,Default Title,https://ihlcanada.com/products/duradrive-3-in-electro-galvanized-steel-roofing-nails-50-lb-per-box,2026-05-09T11:40:09.578986
IHL Canada,Fasteners,DuraDrive 3 in Steel Bright Ardox Spiral Nails - 50 lb/Box,14436,45.95,,Default Title,https://ihlcanada.com/products/duradrive-3-in-ardox-nails-50-lb-per-box,2026-05-09T11:40:09.578988
IHL Canada,Fasteners,The Hillman Group Paulin 537-127 #8 1-1/2 in Zinc Metal Screw,16097,25.95,,Default Title,https://ihlcanada.com/products/h-paulin-8-x-1-1-2-in-pan-head-socket-metal-screws-500-per-jug,2026-05-09T11:40:09.578991
IHL Canada,Fasteners,DuraDrive 1 in. 9-Gauge Bright Finish Fluted Spiral Shank Concrete Nails (4.5 lb. per Box),14526,6.95,,Default Title,https://ihlcanada.com/products/duradrive-9-gauge-bright-finish-fluted-spiral-shank-concrete-nails,2026-05-09T11:40:09.578993
IHL Canada,Fasteners,"DuraDrive 1/2 in. x 6 in. L-Anchor Bolts with Nuts and Washers (5,000-Pack)",10081,1399.0,,Default Title,https://ihlcanada.com/products/copy-of-duradrive-1-2-in-x-6-in-l-anchor-bolts-with-nuts-and-washers-100-box,2026-05-09T11:40:09.578995
IHL Canada,Fasteners,DuraDrive 2-1/2 in Steel Galvanized Ardox Spiral Nails - 50 lb/Box,14450,94.95,,Default Title,https://ihlcanada.com/products/duradrive-2-1-2-in-hot-dip-galvanized-ardox-nails-50-lb-per-box,2026-05-09T11:40:09.578998
IHL Canada,Fasteners,The Hillman Group Paulin 537-104 #6 1-1/4 in Zinc Metal Screw,16091,21.95,,Default Title,https://ihlcanada.com/products/h-paulin-6-x-1-1-4-in-pan-head-socket-metal-screws-700-per-jug,2026-05-09T11:40:09.579000
IHL Canada,Fasteners,"H Paulin #10 x 1/2 in. Zinc Coated Pan Head Square Drive Metal Screws (1,000-Jug)",16086,30.95,,Default Title,https://ihlcanada.com/products/h-paulin-10-x-1-2-in-zinc-coated-pan-head-square-drive-metal-screws-1-000-jug,2026-05-09T11:40:09.579002
IHL Canada,Fasteners,H Paulin #10 x 1-1/2 in. Zinc Coated Pan Head Square Drive Self-Drilling Drill-X Metal Screws (400-Jug),16143,29.95,,Default Title,https://ihlcanada.com/products/h-paulin-10-x-1-1-2-in-zinc-coated-pan-head-square-drive-self-drilling-drill-x-metal-screws-400-jug,2026-05-09T11:40:09.579005
IHL Canada,Fasteners,DuraDrive 5 in Steel Bright Ardox Spiral Nails - 50 lb/Box,14444,59.75,,Default Title,https://ihlcanada.com/products/duradrive-5-in-ardox-nails-50-lb-per-box,2026-05-09T11:40:09.579010
IHL Canada,Fasteners,The Hillman Group Paulin 537-124 #8 3/4 in Zinc Metal Screw,16100,27.95,,Default Title,https://ihlcanada.com/products/h-paulin-8-x-3-4-in-pan-head-socket-metal-screws-1-000-per-jug,2026-05-09T11:40:09.579013
IHL Canada,Fasteners,The Hillman Group Paulin 537-122 #8 1/2 in Zinc Metal Screw,16099,27.95,,Default Title,https://ihlcanada.com/products/h-paulin-8-x-1-2-in-pan-head-socket-metal-screws-1-000-per-jug,2026-05-09T11:40:09.579015
IHL Canada,Fasteners,The Hillman Group Paulin 537-059 #8 1/2 in Zinc Board Screw,16108,13.95,,Default Title,https://ihlcanada.com/products/h-paulin-8-x-1-2-in-flat-head-socket-particle-board-screws-1-000-per-jug,2026-05-09T11:40:09.579017
IHL Canada,Fasteners,DEAWLT POWERS 02802 3/16 in. x 7/8 in. ZAMAC NAILIN Mushroom Head Carbon Steel Nail Anchor (100-Pack),18102,15.95,,Default Title,https://ihlcanada.com/products/deawlt-3-16in-x-7-8in-mushroom-head-carbon-steel-nail-anchor-100-pack,2026-05-09T11:40:09.579020
IHL Canada,Fasteners,H Paulin #10 x 5/8 in. Zinc Plated Pan Head Square Drive Type S Duct Screws (600-Jug),16127,22.95,,Default Title,https://ihlcanada.com/products/h-paulin-10-x-5-8-in-zinc-plated-pan-head-square-drive-type-s-duct-screws-600-jug,2026-05-09T11:40:09.579022
IHL Canada,Fasteners,"H Paulin #8 x 3/4 in. Zinc Coated Hex Head Self-Drilling Drill-X Metal Screws (1,000-Jug)",16044,37.95,,Default Title,https://ihlcanada.com/products/h-paulin-8-x-3-4-in-zinc-coated-hex-head-self-drilling-drill-x-metal-screws-1-000-jug,2026-05-09T11:40:09.579024
IHL Canada,Fasteners,H Paulin #6 x 1-5/8 in. Black Phosphate Coated Flat Head Phillips Drive Fine Thread Drywall Trim Screws (650-Jug),18287,18.95,,Default Title,https://ihlcanada.com/products/h-paulin-6-x-1-5-8-in-black-phosphate-coated-flat-head-phillips-drive-fine-thread-drywall-trim-screws-650-jug,2026-05-09T11:40:09.579026
IHL Canada,Fasteners,DuraDrive 12 in. Ardox Nails (50 lb. per Box),14429,58.25,,Default Title,https://ihlcanada.com/products/duradrive-12-in-ardox-nails-50-lb-per-box,2026-05-09T11:40:09.579029
IHL Canada,Fasteners,DuraDrive 10 in Steel Hot-Dip Galvanized Ardox Spiral Nails - 50 lb/Box,14447,64.85,,Default Title,https://ihlcanada.com/products/duradrive-10-in-hdg-ardox-nails-50-lb-per-box,2026-05-09T11:40:09.579031
IHL Canada,Fasteners,"H Paulin #8 x 1/2 in. Zinc Coated Pan Head Square Drive Type S Duct Screws (1,000-Jug)",18290,34.95,,Default Title,https://ihlcanada.com/products/h-paulin-8-x-1-2-in-zinc-coated-pan-head-square-drive-type-s-duct-screws-1-000-jug,2026-05-09T11:40:09.579034
IHL Canada,Fasteners,H Paulin 1/2 in. Zinc Flat Washers (50 per Jug),17868,7.95,,Default Title,https://ihlcanada.com/products/h-paulin-1-2-in-zinc-flat-washers-50-per-jug,2026-05-09T11:40:09.579036
IHL Canada,Fasteners,DuraDrive 2 in. Hot Dipped Galvanized Spiral Shank Ardox Nails (50 lb. per Box),14449,76.95,,Default Title,https://ihlcanada.com/products/duradrive-hot-dipped-galvanized-spiral-shank-ardox-nails-50-lb-per-box,2026-05-09T11:40:09.579038
IHL Canada,Fasteners,DEWALT POWERS 02808 1/4 in. x 1 in. ZAMAC NAILIN Mushroom Head Carbon Steel Nail Anchor (100-Pack),18098,17.99,,Default Title,https://ihlcanada.com/products/dewalt-1-4in-x-1in-mushroom-head-carbon-steel-nail-anchor-100-pack,2026-05-09T11:40:09.579040
IHL Canada,Fasteners,H Paulin #12-14 x 1-1/2 in. Plastic Wall Plugs Drywall Anchors (250-Jug),15236,11.95,,Default Title,https://ihlcanada.com/products/h-paulin-12-14-x-1-1-2-in-plastic-wall-plugs-drywall-anchors-250-pack,2026-05-09T11:40:09.579043
IHL Canada,Fasteners,"DuraDrive 3/4 in. 18-Gauge Galvanized Brad Nails (5,000-Pack)",14480,4.49,,Default Title,https://ihlcanada.com/products/duradrive-18-gauge-galvanized-brad-nails,2026-05-09T11:40:09.579045
IHL Canada,Fasteners,The Hillman Group Paulin 537-105 #6 1-1/2 in Zinc Metal Screw,16090,19.95,,Default Title,https://ihlcanada.com/products/h-paulin-6-x-1-1-2-in-pan-head-socket-metal-screws-500-per-jug,2026-05-09T11:40:09.579047
IHL Canada,Fasteners,"DuraDrive 3/4 in. x 1/4 in. Crown L11 Series Yellow Varnish Galvanized Staples (5,000-Pack)",17141,7.99,,Default Title,https://ihlcanada.com/products/duradrive-3-4-in-x-1-4-in-crown-l11-series-yellow-varnish-galvanized-staples-5-000-pack,2026-05-09T11:40:09.579050
IHL Canada,Fasteners,DuraDrive 10 in Steel Bright Ardox Spiral Nails - 50 lb/Box,14424,62.49,,Default Title,https://ihlcanada.com/products/duradrive-10-in-ardox-nails-50-lb-per-box,2026-05-09T11:40:09.579053
IHL Canada,Fasteners,H Paulin #8-10 Nylon Self-Drilling Drywall Anchors (150-Jug),18110,21.95,,Default Title,https://ihlcanada.com/products/h-paulin-8-10-nylon-self-drilling-drywall-anchors-150-pack,2026-05-09T11:40:09.579055
IHL Canada,Fasteners,DuraDrive 3 in 8 Gauge Bright Concrete Nails - 4.5 lb/Pack,14539,9.95,,Default Title,https://ihlcanada.com/products/duradrive-3-in-concrete-nails-4-5-lb-per-box,2026-05-09T11:40:09.579057
IHL Canada,Fasteners,H Paulin 1/2 in. x 12 in. Zinc Plated Carriage Bolts (55-Box),10722,75.0,,Default Title,https://ihlcanada.com/products/h-paulin-1-2-in-x-12-in-hot-dipped-galvanized-carriage-bolts-55-box,2026-05-09T11:40:09.579059
IHL Canada,Fasteners,DuraDrive 3-1/2 in Steel Bright Ardox Spiral Nails - 50 lb/Box,14437,46.95,,Default Title,https://ihlcanada.com/products/duradrive-3-1-2-in-ardox-nails-50-lb-per-box,2026-05-09T11:40:09.579062
IHL Canada,Fasteners,DuraDrive 1-3/4 in. Electro-Galvanized Steel Coated Spiral Shank Roofing Nails (50 lb. per Box),14573,59.95,,Default Title,https://ihlcanada.com/products/duradrive-electro-galvanized-steel-coated-spiral-shank-roofing-nails,2026-05-09T11:40:09.579064
IHL Canada,Fasteners,"Simpson Strong-Tie 1-1/4 in. x 0.106 in. Diameter Concrete Pins Strip with Fuel Cell (1,000-Pack)",19535,84.95,,Default Title,https://ihlcanada.com/products/simpson-strong-tie-1-1-4-in-x-0-106-in-diameter-concrete-pins-strip-with-fuel-cell-1-000-pack,2026-05-09T11:40:09.579066
IHL Canada,Fasteners,Paulin 3/8 in. x 10 ft. Zinc Threaded Rod Stud,15547,7.59,,Default Title,https://ihlcanada.com/products/paulin-3-8-in-x-10-ft-zinc-threaded-rod-stud,2026-05-09T11:40:09.579069
IHL Canada,Fasteners,H Paulin #10 x 2 in. Zinc Coated Flat Head Square Drive Interior Wood Screws (400-Jug),16181,29.95,,Default Title,https://ihlcanada.com/products/h-paulin-10-x-2-in-zinc-coated-flat-head-square-drive-interior-wood-screws-400-jug,2026-05-09T11:40:09.579071
IHL Canada,Fasteners,H Paulin #10 x 3 in. Zinc Flat Head Square Drive Wood Screw,16183,19.95,,Default Title,https://ihlcanada.com/products/h-paulin-10-x-3-in-flat-socket-head-wood-screws-150-per-jug,2026-05-09T11:40:09.579073
IHL Canada,Fasteners,H Paulin #6 x 1-1/4 in. Zinc Coated Flat Head Phillips Drive Self-Drilling Drywall Screws (650-Jug),16026,16.95,,Default Title,https://ihlcanada.com/products/h-paulin-6-x-1-1-4-in-zinc-coated-flat-head-phillips-drive-self-drilling-drywall-screws-650-jug,2026-05-09T11:40:09.579075
IHL Canada,Fasteners,H Paulin #8 x 1-3/4 in. Zinc Coated Flat Head Square Drive Particle Board Screws (500-Jug),16110,24.95,,Default Title,https://ihlcanada.com/products/h-paulin-8-x-1-3-4-in-zinc-coated-flat-head-square-drive-particle-board-screws-500-jug,2026-05-09T11:40:09.579078
IHL Canada,Fasteners,H Paulin #14 x 3/4 in. Zinc Coated Hex Head Self-Drilling Drill-X Metal Screws (400-Jug),16139,29.95,,Default Title,https://ihlcanada.com/products/h-paulin-14-x-3-4-in-zinc-coated-hex-head-self-drilling-drill-x-metal-screws-400-jug,2026-05-09T11:40:09.579080
IHL Canada,Fasteners,"DuraDrive #6 x 1-5/8 in. Fine Thread Drywall Screws (5,000 Per Box)",16017,42.95,,Default Title,https://ihlcanada.com/products/duradrive-1-x-1-5-8-in-black-phosphate-coated-bugle-head-phillips-drive-fine-thread-drywall-screws-5-000-box,2026-05-09T11:40:09.579082
IHL Canada,Fasteners,DuraDrive 1-7/8 in. x .300 in. Black Zinc Coated Flat Head Ballistic Point Fluted Concrete and Steel,11697,13.95,,Default Title,https://ihlcanada.com/products/duradrive-1-7-8-in-x-0-300-in-black-zinc-coated-flat-head-ballistic-point-fluted-concrete-and-steel-drive-pins-100-pack,2026-05-09T11:40:09.579085
IHL Canada,Fasteners,"DuraDrive 2 in. x 0.099 in. Flat Top Premium Framing Nails (4,500-Box)",14497,19.95,,Default Title,https://ihlcanada.com/products/duradrive-0-099-in-flat-top-premium-coil-framing-nails,2026-05-09T11:40:09.579087
IHL Canada,Fasteners,DuraDrive 2-1/4 in. Hot-Dip Galvanized Spiral Shank Coil Framing Nails (4500-Box),14506,46.95,,Default Title,https://ihlcanada.com/products/duradrive-2-1-4-in-hot-dip-galvanized-ring-shank-flat-top-coil-framing-nails-4-500-box,2026-05-09T11:40:09.579089
IHL Canada,Fasteners,H Paulin 3/8 in. Zinc Coated Fender Washers (100-Jug),17866,11.95,,Default Title,https://ihlcanada.com/products/h-paulin-zinc-coated-fender-washers-100-jug,2026-05-09T11:40:09.579091
IHL Canada,Fasteners,H Paulin #10 x 4 in. Zinc Coated Flat Head Square Drive Wood Screws (150-Jug),16184,29.95,,Default Title,https://ihlcanada.com/products/h-paulin-10-zinc-coated-flat-head-square-drive-wood-screws-150-jug,2026-05-09T11:40:09.579094
IHL Canada,Fasteners,DuraDrive 1-3/4 in 8 Gauge Bright Concrete Nails - 50 lb/Pack,14532,66.95,,Default Title,https://ihlcanada.com/products/duradrive-1-3-4-in-concrete-nails-50-lb-per-box,2026-05-09T11:40:09.579096
IHL Canada,Fasteners,H Paulin #8 x 3 in. Black Phosphate Coated Flat Head Square Drive Flooring Screws (150-Jug),19320,12.95,,Default Title,https://ihlcanada.com/products/h-paulin-8-x-3-in-black-phosphate-coated-flat-head-square-drive-flooring-screws-150-jug,2026-05-09T11:40:09.579098
IHL Canada,Fasteners,DuraDrive 3/8 in 2-1/2 in Steel Hammer Strike Nail Anchor - 25/Pack,31749,16.95,,Default Title,https://ihlcanada.com/products/duradrive-3-8-in-x-2-1-2-in-carbon-steel-mushroom-head-hammer-strike-nail-strike-anchor-100-pack,2026-05-09T11:40:09.579101
IHL Canada,Fasteners,The Hillman Group Paulin #6 1 in Philips Threaded Drywall Screws (500-Jug),36029,12.95,,Default Title,https://ihlcanada.com/products/paulin-537291-drywall-screw-fine-6-1-inches-500-jar,2026-05-09T11:40:09.579103
IHL Canada,Fasteners,DuraDrive 3/4 in 3-3/16 in Steel Internally Threaded Smooth Drop-In Anchor - 10/Pack,31766,16.95,,Default Title,https://ihlcanada.com/products/duradrive-3-4-in-white-zinc-smooth-drop-in-internally-threaded-expansion-anchor-10-pack,2026-05-09T11:40:09.579105
IHL Canada,Fasteners,DuraDrive 1/4 in. Short Drop-in Internally Threaded Expansion Anchor Setting Tool,31759,4.95,,Default Title,https://ihlcanada.com/products/duradrive-internally-threaded-expansion-short-drop-in-anchor-setting-tool,2026-05-09T11:40:09.579107
IHL Canada,Fasteners,DuraDrive 5/8 in 5-3/4 in Carbon Steel Sleeve Anchor - 10/Pack,31784,11.99,,Default Title,https://ihlcanada.com/products/duradrive-5-8-in-x-5-3-4-in-white-zinc-hex-nut-sleeve-anchor-25-pack,2026-05-09T11:40:09.579112
IHL Canada,Fasteners,Milwaukee MDP16D-2000 3 in (Drivable) 3-5/8 in (Total) Steel Bright Duplex Nails - 2000/Pack,36243,128.0,,Default Title,https://ihlcanada.com/products/milwaukee-mdp16d-2000-16d-3-x-131-col-duplex-nails,2026-05-09T11:40:09.579114
IHL Canada,Fasteners,"DuraDrive 5/8"" x 5"" Threaded Concrete Screw Anchor (25-Pack)",31925,55.95,,Default Title,https://ihlcanada.com/products/duradrive-5-8-inches-x-5-inches-high-performance-white-zinc-threaded-anchor-25-box,2026-05-09T11:40:09.579116
IHL Canada,Fasteners,Milwaukee MDP8D-2000 2-1/4 in (Drivable) 2-7/8 in (Total) Steel Bright Collated Duplex Nails - 2000/,36242,128.0,,Default Title,https://ihlcanada.com/products/milwaukee-mdp8d-2000-8d-2-1-4-x-131-collated-duplex-nails,2026-05-09T11:40:09.579119
IHL Canada,Fasteners,DuraDrive 1/4 in 4 in Steel Hammer Strike Nail Anchor - 100/Pack,31747,32.95,,Default Title,https://ihlcanada.com/products/duradrive-1-4-in-x-4-in-carbon-steel-mushroom-head-hammer-strike-nail-strike-anchor-100-pack,2026-05-09T11:40:09.579121
IHL Canada,Fasteners,"Metabo HPT 23005SHPT 1-9/16 in. 23-Gauge Galvanized Headless Micro Pin Nails (2,000-Pack)",31968,7.99,,Default Title,https://ihlcanada.com/products/metabo-hpt-23005shpt-1-9-16-in-23-gauge-galvanized-headless-micro-pin-nails-2-000-pack,2026-05-09T11:40:09.579123
IHL Canada,Fasteners,DuraDrive 1/4 in. Lipped Short Drop-in Anchor (100-Pack),31756,14.95,,Default Title,https://ihlcanada.com/products/duradrive-lipped-short-drop-in-anchor,2026-05-09T11:40:09.579125
IHL Canada,Fasteners,DuraDrive 1/2 in 1 in Steel Internally Threaded Lipped Short Drop-In Anchor - 50/Pack,31758,19.99,,Default Title,https://ihlcanada.com/products/duradrive-1-2-in-white-zinc-lipped-mini-drop-in-internally-threaded-expansion-anchor-50-pack,2026-05-09T11:40:09.579128
IHL Canada,Fasteners,DuraDrive 3/16 in. Carbon Steel Tie Wire Head Hammer Strike Anchor (100-Pack),31754,19.99,,Default Title,https://ihlcanada.com/products/duradrive-carbon-steel-tie-wire-head-hammer-strike-anchor-100-pack,2026-05-09T11:40:09.579130
IHL Canada,Fasteners,DuraDrive 1/4 in 1-1/2 in Steel Hammer Strike Nail Anchor - 100/Pack,31742,15.95,,Default Title,https://ihlcanada.com/products/duradrive-1-4-in-x-1-1-2-in-carbon-steel-mushroom-head-hammer-strike-nail-strike-anchor-100-pack,2026-05-09T11:40:09.579132
IHL Canada,Fasteners,"DuraDrive 3/4"" x 5"" Threaded Concrete Screw Anchor (15-Pack)",31928,66.95,,Default Title,https://ihlcanada.com/products/duradrive-3-4in-performance-threaded-anchor,2026-05-09T11:40:09.579134
IHL Canada,Fasteners,DuraDrive 5/16 in. x 1-1/2 in. Hex Nut Sleeve Anchor (100-Pack),31774,13.95,,Default Title,https://ihlcanada.com/products/duradrive-5-16in-hex-nut-sleeve-anchor-100-pack,2026-05-09T11:40:09.579137
IHL Canada,Fasteners,DuraDrive 3/16 in 3 in Steel Hammer Strike Nail Anchor - 100/Pack,31739,18.95,,Default Title,https://ihlcanada.com/products/duradrive-3-16-in-x-3-in-carbon-steel-mushroom-head-hammer-strike-nail-strike-anchor-100-pack,2026-05-09T11:40:09.579139
IHL Canada,Fasteners,DuraDrive 3/4 in. x 4-1/4 in. Hex Nut Sleeve Anchor (10-Pack),31785,14.99,,Default Title,https://ihlcanada.com/products/duradrive-3-4in-hex-nut-sleeve-anchor,2026-05-09T11:40:09.579141
IHL Canada,Fasteners,DuraDrive 1/4 in 2-1/2 in Steel Hammer Strike Nail Anchor - 100/Pack,31744,24.95,,Default Title,https://ihlcanada.com/products/duradrive-1-4-in-x-2-1-2-in-carbon-steel-mushroom-head-hammer-strike-nail-strike-anchor-100-pack,2026-05-09T11:40:09.579143
IHL Canada,Fasteners,DuraDrive 3/16 in 2 in Steel Hammer Strike Nail Anchor - 100/Pack,31737,15.95,,Default Title,https://ihlcanada.com/products/duradrive-3-16-in-x-2-in-carbon-steel-mushroom-head-hammer-strike-nail-strike-anchor-100-pack,2026-05-09T11:40:09.579146
IHL Canada,Fasteners,DuraDrive 3/4 in 3-3/16 in Steel Internally Threaded Coil Drop-In Anchor - 10/Pack,31768,19.95,,Default Title,https://ihlcanada.com/products/duradrive-3-4-in-white-zinc-coil-drop-in-internally-threaded-expansion-anchor-10-box,2026-05-09T11:40:09.579148
IHL Canada,Fasteners,DuraDrive 1/4 in 1-1/8 in Steel Tie Wire Head Hammer Strike Nail Anchor - 100/Pack,31755,24.49,,Default Title,https://ihlcanada.com/products/duradrive-1-4-in-carbon-steel-tie-wire-head-hammer-strike-anchor,2026-05-09T11:40:09.579150
IHL Canada,Fasteners,DuraDrive 3/4 in x 5-1/2 in Steel Performance Wedge Anchor - 10/Pack,31950,23.95,,Default Title,https://ihlcanada.com/products/duradrive-3-4-inches-x-5-1-2-inches-high-performance-white-zinc-wedge-expansion-anchor-10-box,2026-05-09T11:40:09.579152
IHL Canada,Fasteners,DuraDrive 3/16 in. x 1-1/2 in. Mushroom Head Hammer Strike Nail Anchor (100-Pack),31736,13.95,,Default Title,https://ihlcanada.com/products/duradrive-3-16in-mushroom-head-hammer-strike-anchor-100-pack,2026-05-09T11:40:09.579155
IHL Canada,Fasteners,DuraDrive 3/16 in 4 in Steel Hammer Strike Nail Anchor - 100/Pack,31740,24.95,,Default Title,https://ihlcanada.com/products/duradrive-3-16-in-x-4-in-carbon-steel-mushroom-head-hammer-strike-nail-strike-anchor-100-pack,2026-05-09T11:40:09.579158
IHL Canada,Fasteners,DuraDrive 1/4 in 3 in Steel Hammer Strike Nail Anchor - 100/Pack,31745,28.95,,Default Title,https://ihlcanada.com/products/duradrive-1-4-in-x-3-in-carbon-steel-mushroom-head-hammer-strike-nail-strike-anchor-100-pack,2026-05-09T11:40:09.579160
IHL Canada,Fasteners,DuraDrive 3/8 in. x 2-3/4 in. Flat Head Sleeve Anchor (50-Pack),31789,16.99,,Default Title,https://ihlcanada.com/products/duradrive-3-8-in-flat-head-sleeve-anchor,2026-05-09T11:40:09.579162
IHL Canada,Fasteners,DuraDrive 1/2 in. x 2-1/2 in. Hex Nut Sleeve Anchor (25-Pack),31779,8.95,,Default Title,https://ihlcanada.com/products/duradrive-1-2in-hex-nut-sleeve-anchor,2026-05-09T11:40:09.579164
IHL Canada,Fasteners,DuraDrive 1/4 in 2 in Steel Hammer Strike Nail Anchor - 100/Pack,31743,17.95,,Default Title,https://ihlcanada.com/products/duradrive-1-4-in-x-2-in-carbon-steel-mushroom-head-hammer-strike-nail-strike-anchor-100-pack,2026-05-09T11:40:09.579167
IHL Canada,Fasteners,"Metabo HPT 50312-16D 3-1/2 in. 21-Degree Plastic Strip Duplex/Double Head Nails (2,000-Box)",31963,109.99,,Default Title,https://ihlcanada.com/products/metabo-hpt-50312-16d-3-1-2-in-21-degree-plastic-strip-duplex-double-head-nails-2-000-box,2026-05-09T11:40:09.579169
IHL Canada,Fasteners,"Metabo HPT 50234-8D 2-3/4 in. 21-Degree Plastic Strip Duplex/Double Head Nails (2,000-Box)",31962,94.99,,Default Title,https://ihlcanada.com/products/metabo-hpt-50234-8d-2-3-4-in-21-degree-plastic-strip-duplex-double-head-nails-2-000-box,2026-05-09T11:40:09.579171
IHL Canada,Fasteners,DuraDrive 3/8 in 4 in Steel Hammer Strike Nail Anchor - 25/Pack,31751,21.95,,Default Title,https://ihlcanada.com/products/duradrive-3-8-in-x-4-in-carbon-steel-mushroom-head-hammer-strike-nail-strike-anchor-100-pack,2026-05-09T11:40:09.579173
IHL Canada,Fasteners,DuraDrive 1/4 in. Pipe Internally Threaded Hammer Strike Anchor (100-Pack),31752,49.95,,Default Title,https://ihlcanada.com/products/duradrive-pipe-internally-threaded-hammer-strike-anchor,2026-05-09T11:40:09.579176
IHL Canada,Fasteners,DuraDrive 2-1/2 in. 8 Gauge Electro-Galvanized Joist Hanger Paper Strip Nails (2000-Box),36076,66.95,,Default Title,https://ihlcanada.com/products/duradrive-prem-joisthanger-strip-nails-eg-2-1-2-inches-x-0-162-2m-10g,2026-05-09T11:40:09.579178
IHL Canada,Fasteners,DuraDrive 3/8 in. x 4 in. Flat Head Sleeve Anchor (50-Pack),31790,18.95,,Default Title,https://ihlcanada.com/products/copy-of-duradrive-3-8-in-x-2-3-4-in-flat-head-sleeve-anchor-50-pack,2026-05-09T11:40:09.579180
IHL Canada,Fasteners,The Hillman Group Paulin B232-090 #12 2-1/2 in Hex Head Tek Screw,32863,189.95,,Default Title,https://ihlcanada.com/products/h-paulin-b232-090-tek-screw-hex-washer-head-12x2-1-2-inches-1500-box,2026-05-09T11:40:09.579183
IHL Canada,Fasteners,DuraDrive 1/4 in. x 1-1/4 in. Mushroom Head Hammer Strike Nail Anchor (100-Pack),31741,13.95,,Default Title,https://ihlcanada.com/products/duradrive-1-4in-mushroom-head-hammer-strike-anchor-100-pack,2026-05-09T11:40:09.579185
IHL Canada,Fasteners,DuraDrive 3/4 in. Drop-in Internally Threaded Expansion Anchor Setting Tool,31773,8.99,,Default Title,https://ihlcanada.com/products/copy-of-duradrive-1-4-in-drop-in-internally-threaded-expansion-anchor-setting-tool-3,2026-05-09T11:40:09.579187
IHL Canada,Fasteners,DuraDrive 1/4 in. x 1-3/8 in. Acorn Nut Sleeve Anchor (100-Pack),31787,10.99,,Default Title,https://ihlcanada.com/products/duradrive-1-4in-acorn-nut-sleeve-anchor-100-pack,2026-05-09T11:40:09.579189
IHL Canada,Fasteners,DuraDrive 3/8 in x 3 in Steel Performance Wedge Anchor - 50/Pack,31935,16.95,,Default Title,https://ihlcanada.com/products/duradrive-3-8-inches-x-3-inches-high-performance-white-zinc-wedge-expansion-anchor-50-box,2026-05-09T11:40:09.579192
IHL Canada,Fasteners,"DuraDrive 3/4"" x 6"" Threaded Concrete Screw Anchor (10-Pack)",31929,39.75,,Default Title,https://ihlcanada.com/products/duradrive-3-4-inches-x-6-inches-high-performance-white-zinc-threaded-anchor-10-box,2026-05-09T11:40:09.579194
IHL Canada,Fasteners,DuraDrive 3/8 in. x 2 in. Mushroom Head Hammer Strike Nail Anchor (25-Pack),31748,15.95,,Default Title,https://ihlcanada.com/products/duradrive-3-8in-mushroom-head-hammer-strike-anchor-100-pack,2026-05-09T11:40:09.579196
IHL Canada,Fasteners,DuraDrive 3/8 in x 3-1/2 in Steel Performance Wedge Anchor - 50/Pack,31936,17.25,,Default Title,https://ihlcanada.com/products/duradrive-3-8-inches-x-3-1-2-inches-high-performance-white-zinc-wedge-expansion-anchor-50-box,2026-05-09T11:40:09.579198
IHL Canada,Fasteners,"DuraDrive 1/4"" x 2-1/4"" Threaded Concrete Screw Anchor (100-Pack)",31914,35.95,,Default Title,https://ihlcanada.com/products/duradrive-1-4-inches-x-2-1-4-inches-high-performance-white-zinc-threaded-anchor-100-box,2026-05-09T11:40:09.579200
IHL Canada,Fasteners,DuraDrive 3/4 in. x 4-1/4 in. Performance Wedge Anchor (10-Pack),31948,18.95,,Default Title,https://ihlcanada.com/products/duradrive-3-4in-performance-wedge-anchor-20-pack,2026-05-09T11:40:09.579203
IHL Canada,Fasteners,DuraDrive 1/4 in x 3-1/4 in Steel Performance Wedge Anchor - 100/Pack,31933,21.95,,Default Title,https://ihlcanada.com/products/duradrive-1-4-inches-x-3-1-4-inches-high-performance-white-zinc-wedge-expansion-anchor-100-box,2026-05-09T11:40:09.579205
IHL Canada,Fasteners,DuraDrive 5/8 in. x 3 in. Hex Nut Sleeve Anchor (25-Pack),31782,19.99,,Default Title,https://ihlcanada.com/products/duradrive-5-8in-hex-nut-sleeve-anchor,2026-05-09T11:40:09.579207
IHL Canada,Fasteners,DuraDrive 3/16 in 2-1/2 in Steel Hammer Strike Nail Anchor - 100/Pack,31738,16.95,,Default Title,https://ihlcanada.com/products/duradrive-3-16-in-x-2-1-2-in-carbon-steel-mushroom-head-hammer-strike-nail-strike-anchor-100-pack,2026-05-09T11:40:09.579210
IHL Canada,Fasteners,"DuraDrive 5/8"" x 6"" Threaded Concrete Screw Anchor (20-Pack)",31926,49.95,,Default Title,https://ihlcanada.com/products/duradrive-5-8-inches-x-6-inches-high-performance-white-zinc-threaded-anchor-20-box,2026-05-09T11:40:09.579212
IHL Canada,Fasteners,DuraDrive 3/8 in 1-3/4 in Steel Pipe Internally Hammer Strike Nail Anchor - 50/Pack,31753,32.95,,Default Title,https://ihlcanada.com/products/duradrive-3-8-in-pipe-hammer-internally-threaded-strike-nail-anchor,2026-05-09T11:40:09.579214
IHL Canada,Fasteners,DuraDrive 1/2 in 3 in Carbon Steel Sleeve Anchor - 25/Pack,31780,9.95,,Default Title,https://ihlcanada.com/products/duradrive-1-2-in-x-3-in-white-zinc-hex-nut-sleeve-anchor-25-pack,2026-05-09T11:40:09.579217
IHL Canada,Fasteners,DuraDrive 1/4 in x 2-1/4 in Steel Performance Wedge Anchor - 100/Pack,31932,20.95,,Default Title,https://ihlcanada.com/products/duradrive-1-4-in-x-2-1-4-in-high-performance-white-zinc-wedge-expansion-anchor-100-box,2026-05-09T11:40:09.579219
IHL Canada,Fasteners,DuraDrive 1/4 in 3-1/2 in Steel Hammer Strike Nail Anchor - 100/Pack,31746,29.95,,Default Title,https://ihlcanada.com/products/duradrive-1-4-in-x-3-1-2-in-carbon-steel-mushroom-head-hammer-strike-nail-strike-anchor-100-pack,2026-05-09T11:40:09.579221
IHL Canada,Fasteners,DuraDrive 3/8 in 3 in Steel Hammer Strike Nail Anchor - 25/Pack,31750,19.95,,Default Title,https://ihlcanada.com/products/duradrive-3-8-in-x-3-in-carbon-steel-mushroom-head-hammer-strike-nail-strike-anchor-100-pack,2026-05-09T11:40:09.579223
IHL Canada,Fasteners,DuraDrive 3/4 in 6-1/4 in Carbon Steel Sleeve Anchor - 10/Pack,31786,18.99,,Default Title,https://ihlcanada.com/products/duradrive-3-4-in-x-6-1-4-in-white-zinc-hex-nut-sleeve-anchor-10-pack,2026-05-09T11:40:09.579226
IHL Canada,Fasteners,DuraDrive 1/2 in Steel White Zinc Short Internally Threaded Expansion Drop-In Anchor Setting Tool,31761,6.95,,Default Title,https://ihlcanada.com/products/duradrive-1-2-in-mini-drop-in-internally-threaded-expansion-anchor-setting-tool,2026-05-09T11:40:09.579228
IHL Canada,Fasteners,1/2 in. x 8 in. Zinc Plated Carriage Bolt (80-Pack),28523,75.0,,Default Title,https://ihlcanada.com/products/1-2-in-x-8-in-zinc-plated-carriage-bolt-80-pack,2026-05-09T11:40:09.579230
IHL Canada,Fasteners,"Simpson Strong-Tie GDP-75KT 3/4 in. GDP Concrete Pin (1,000-Piece)",26267,76.45,,Default Title,https://ihlcanada.com/products/simpson-strong-tie-gdp-75kt-3-4-in-gdp-concrete-pin-1-000-piece,2026-05-09T11:40:09.579232
IHL Canada,Fasteners,H Paulin 1/2 in. x 6 in. Zinc Coated Hex Head Lag Bolts (25-Box),29061,23.95,,Default Title,https://ihlcanada.com/products/h-paulin-1-2-in-x-6-in-zinc-coated-hex-head-lag-bolts-25-box,2026-05-09T11:40:09.579235
IHL Canada,Fasteners,DuraDrive #8 x 1-1/4 in. Fine Thread Tek Point Cement Board Screws (150-Pack),27861,4.75,,Default Title,https://ihlcanada.com/products/duradrive-8-grey-coated-flat-head-phillips-drive-type-s-12-tek-point-cement-board-screws,2026-05-09T11:40:09.579237
IHL Canada,Fasteners,H Paulin 1/2 in. x 6 in. Zinc Coated Carriage Bolts (25-Box),29060,20.95,,Default Title,https://ihlcanada.com/products/h-paulin-1-2-in-x-6-in-zinc-coated-carriage-bolts-25-box,2026-05-09T11:40:09.579239
IHL Canada,Fasteners,"DuraDrive #8 x 1-5/8 in. Coarse Thread Spoon Point Cement Board Screws (5,000 Per Box)",27860,155.0,,Default Title,https://ihlcanada.com/products/duradrive-8-x-1-5-8-in-flat-phillips-head-grey-ruspert-cement-board-type-2-spoon-point-screw-5-00,2026-05-09T11:40:09.579241
IHL Canada,Fasteners,"Simpson Strong-Tie GDP-150KT 1-1/2 in. GDP Concrete Pin (1,000-Piece)",26266,84.95,,Default Title,https://ihlcanada.com/products/simpson-strong-tie-gdp-150kt-1-1-2-in-gdp-concrete-pin-1-000-piece,2026-05-09T11:40:09.579244
IHL Canada,Fasteners,"DuraDrive 5/16 in. 22-Gauge Galvanized Steel Coated Upholstry Staples (10,000-Pack)",17124,2.95,,Default Title,https://ihlcanada.com/products/duradrive-5-16-in-22-gauge-galvanized-steel-coated-upholstry-staples-10-000-pack,2026-05-09T11:40:09.579246
IHL Canada,Fasteners,DEWALT POWERS 7410SD1 3/8 in. x 2-1/4 in. POWER-STUD+ SD1 Wedge Expansion Anchor (50-Pack),10154,20.59,,Default Title,https://ihlcanada.com/products/dewalt-3-8in-x-2-1-4in-wedge-expansion-anchor-50-pack,2026-05-09T11:40:09.579248
IHL Canada,Fasteners,H Paulin #10 x 3-1/2 in. Low Root Brown Coated Flat Head Square Drive Cedar Decking Screws (125-Jug),16061,26.95,,Default Title,https://ihlcanada.com/products/h-paulin-10-x-3-1-2-in-low-root-brown-coated-flat-head-square-drive-cedar-decking-screws-125-jug,2026-05-09T11:40:09.579251
IHL Canada,Fasteners,H Paulin #7 x 2 in. Zinc Coated Flat Head Phillips Drive Self-Drilling Drywall Screws (375-Jug),19315,22.95,,Default Title,https://ihlcanada.com/products/h-paulin-7-x-2-in-zinc-coated-flat-head-phillips-drive-self-drilling-drywall-screws-375-jug,2026-05-09T11:40:09.579253
IHL Canada,Fasteners,"DuraDrive 5/8 in. x 1/4 in. Crown 18-Gauge L10 Series Yellow Varnish Galvanized Staples (5,000-Pack)",17140,4.89,,Default Title,https://ihlcanada.com/products/duradrive-5-8-in-x-1-4-in-crown-18-gauge-l10-series-yellow-varnish-galvanized-staples-5-000-pack,2026-05-09T11:40:09.579255
IHL Canada,Fasteners,DuraDrive 1-3/4 in. 8-Gauge Bright Finish Fluted Spiral Shank Concrete Nails (4.5 lb. per Box),14531,6.95,,Default Title,https://ihlcanada.com/products/duradrive-8-gauge-bright-finish-fluted-spiral-shank-concrete-nails,2026-05-09T11:40:09.579257
IHL Canada,Fasteners,DuraDrive 4 in Steel Bright Ardox Spiral Nails - 50 lb/Box,14442,59.75,,Default Title,https://ihlcanada.com/products/duradrive-4-in-ardox-nails-50-lb-per-box,2026-05-09T11:40:09.579260
IHL Canada,Fasteners,H Paulin #8 x 2-1/2 in. Low Root Brown Coated Flat Head Square Drive Cedar Decking Screws (250-Jug),16062,24.95,,Default Title,https://ihlcanada.com/products/h-paulin-8-x-2-1-2-in-low-root-brown-coated-flat-head-square-drive-cedar-decking-screws-250-jug,2026-05-09T11:40:09.579262
IHL Canada,Fasteners,"DuraDrive #8 x 3 in. Tek Point Fine Thread Drywall Screws (2,500 Per Box)",16032,54.99,,Default Title,https://ihlcanada.com/products/duradrive-8-x-3-in-grey-phosphate-coated-bugle-head-phillips-drive-tek-point-drywall-screws-2-500-box,2026-05-09T11:40:09.579264
IHL Canada,Fasteners,H Paulin #10 X 1 in. Zinc Coated Flat Head Square Drive Interior Wood Screws (900-Jug),16179,35.95,,Default Title,https://ihlcanada.com/products/h-paulin-10-x-1-in-zinc-coated-flat-head-square-drive-interior-wood-screws-900-jug,2026-05-09T11:40:09.579267
IHL Canada,Fasteners,H Paulin #10 x 5/8 in. Zinc Coated Pan Head Square Drive Self-Drilling Drill-X Interior Metal Screws (750-Jug),16149,29.95,,Default Title,https://ihlcanada.com/products/h-paulin-10-zinc-coated-pan-head-square-drive-self-drilling-drill-x-interior-metal-screws-750-jug,2026-05-09T11:40:09.579269
IHL Canada,Fasteners,H Paulin #8 x 2 in. Black Phosphate Coated Flat Head Square Drive Flooring Screws (400-Jug),19318,24.95,,Default Title,https://ihlcanada.com/products/h-paulin-8-x-2-in-black-phosphate-coated-flat-head-square-drive-flooring-screws-400-jug,2026-05-09T11:40:09.579271
IHL Canada,Fasteners,DuraDrive 1-1/2 in x 0.3 in Bright Flat Head Fluted Drive Pins,11679,9.95,,Default Title,https://ihlcanada.com/products/duradrive-1-1-2-in-x-0-300-in-concrete-pins-for-concrete-and-steel-100-pack,2026-05-09T11:40:09.579273
IHL Canada,Fasteners,H Paulin 3/8 in. Zinc Coated Flat Washers (150-Jug),17870,7.95,,Default Title,https://ihlcanada.com/products/h-paulin-3-8-in-zinc-coated-flat-washers-150-jug,2026-05-09T11:40:09.579276
IHL Canada,Fasteners,H Paulin 5/16 in. x 18 Zinc Coated Grade-2 Hex Nut (200-Jug),14640,10.95,,Default Title,https://ihlcanada.com/products/h-paulin-5-16-in-x-18-zinc-coated-grade-2-hex-nut-200-jug,2026-05-09T11:40:09.579278
IHL Canada,Fasteners,DuraDrive #6 x 2 in. Blue Coated Ringed Shank Drywall Nails (50 lb. per Box),14548,70.95,,Default Title,https://ihlcanada.com/products/duradrive-6-x-2-in-blue-coated-ringed-shank-drywall-nails-50-lb-per-box,2026-05-09T11:40:09.579280
IHL Canada,Fasteners,"DuraDrive 2 in. Plastic Cap Ring Shank Insulation Nails (2,000-Box)",14555,24.95,,Default Title,https://ihlcanada.com/products/duradrive-2-in-plastic-cap-ring-shank-insulation-nails-2-000-box,2026-05-09T11:40:09.579282
IHL Canada,Fasteners,Simpson 3/8 in. x 3 in. Sleeve-All Anchors (50 per Box),19693,19.95,,Default Title,https://ihlcanada.com/products/simpson-3-8in-x-3in-sleeve-all-anchors-50-pack,2026-05-09T11:40:09.579285
IHL Canada,Fasteners,H Paulin #14-16 x 1-3/8 in. Plastic Conical Concrete Anchors (250-Jug),10088,11.95,,Default Title,https://ihlcanada.com/products/h-paulin-14-16-x-1-3-8-in-conical-concrete-anchors-250-pack,2026-05-09T11:40:09.579287
IHL Canada,Fasteners,DuraDrive 1-1/4 in 16 Gauge Galvanized Finish Nails - 2500 Brads/Pack,14461,5.69,,Default Title,https://ihlcanada.com/products/duradrive-1-1-4-in-16-gauge-galvanized-brad-nails-2-500-pack,2026-05-09T11:40:09.579289
IHL Canada,Fasteners,DuraDrive 2-1/2 in Steel Bright Ardox Spiral Nails - 50 lb/Box,14431,47.95,,Default Title,https://ihlcanada.com/products/duradrive-2-1-2-in-ardox-nails-50-lb-per-box,2026-05-09T11:40:09.579291
IHL Canada,Fasteners,DuraDrive 1-7/8 in x 0.3 in Bright Flat Head Fluted Drive Pins,11683,8.95,,Default Title,https://ihlcanada.com/products/duradrive-1-7-8-in-x-0-300-in-concrete-pins-for-concrete-and-steel-100-pack,2026-05-09T11:40:09.579294
IHL Canada,Fasteners,DuraDrive 2 in 9 Gauge Bright Concrete Nails - 4.5 lb/Box,14533,6.95,,Default Title,https://ihlcanada.com/products/duradrive-2-in-concrete-nails-4-5-lb-per-box,2026-05-09T11:40:09.579296
IHL Canada,Fasteners,"DuraDrive 2 in. x 0.091 in. Cold-Dipped Galvanized Spiral Shank Coil Framing Nails (4,500-Box)",14501,30.95,,Default Title,https://ihlcanada.com/products/duradrive-2-in-x-0-091-in-cold-dipped-galvanized-spiral-shank-coil-framing-nails-4-500-box,2026-05-09T11:40:09.579298
IHL Canada,Fasteners,"H Paulin #10 x 5/8 in. Pan Head Socket Metal Screws (1,000-Jug)",16088,30.95,,Default Title,https://ihlcanada.com/products/h-paulin-10-x-5-8-in-pan-head-socket-metal-screws-1-000-jug,2026-05-09T11:40:09.579300
IHL Canada,Fasteners,H Paulin #6 x 1/2 in. Zinc Coated Pan Head Square Drive Interior Metal Screws (900-Jug),16092,14.95,,Default Title,https://ihlcanada.com/products/h-paulin-6-x-1-2-in-zinc-coated-pan-head-square-drive-interior-metal-screws-900-jug,2026-05-09T11:40:09.579302
IHL Canada,Fasteners,"Carriage Bolts 1/2"" X 8"" HDG",10723,99.95,,Default Title,https://ihlcanada.com/products/paulin-b852-603-1-2-in-x-8-in-zinc-plated-carriage-bolt-80-pack,2026-05-09T11:40:09.579305
IHL Canada,Fasteners,DuraDrive 1 in. Electro Galvanized Steel Coated Smooth Shank Roofing Nails (50 lb. per Box),14567,36.95,,Default Title,https://ihlcanada.com/products/duradrive-electro-galvanized-steel-coated-smooth-shank-roofing-nails,2026-05-09T11:40:09.579307
IHL Canada,Fasteners,H Paulin #8 x 1 in. Zinc Coated Hex Head Self-Drilling Drill-X Metal Screws (750-Jug),16142,22.95,,Default Title,https://ihlcanada.com/products/h-paulin-8-x-1-in-zinc-coated-hex-head-self-drilling-drill-x-metal-screws-750-jug,2026-05-09T11:40:09.579309
IHL Canada,Fasteners,DuraDrive 2 in 9 Gauge Bright Concrete Nails - 50 lb/Box,14538,66.95,,Default Title,https://ihlcanada.com/products/duradrive-2-in-concrete-nails-50-lb-per-box,2026-05-09T11:40:09.579311
IHL Canada,Fasteners,"DuraDrive #8 x 3 in. Fine Thread Drywall Screws (2,000 Per Box)",16020,38.95,,Default Title,https://ihlcanada.com/products/duradrive-8-x-3-in-black-phosphate-coated-bugle-head-phillips-head-fine-thread-drywall-screws-2-000-box,2026-05-09T11:40:09.579314
IHL Canada,Fasteners,H Paulin #6-8 x 3/4 in. Plastic Conical Concrete Anchors (900-Jug),10089,11.95,,Default Title,https://ihlcanada.com/products/copy-of-h-paulin-8-10-x-7-8-in-plastic-conical-concrete-anchors-900-jug,2026-05-09T11:40:09.579316
IHL Canada,Fasteners,"DuraDrive 1/2 in. x 8 in. L-Anchor Bolts with Nuts and Washers (5,000-Pack)",10083,2099.0,,Default Title,https://ihlcanada.com/products/copy-of-duradrive-1-2-in-x-6-in-l-anchor-bolts-with-nuts-and-washers-100-box-2,2026-05-09T11:40:09.579318
IHL Canada,Fasteners,The Hillman Group Paulin 537-099 #6 3/8 in Zinc Metal Screw,16094,15.95,,Default Title,https://ihlcanada.com/products/h-paulin-6-x-3-8-in-pan-head-socket-metal-screws-1-000-per-jug,2026-05-09T11:40:09.579320
IHL Canada,Fasteners,DuraDrive 1-1/2 in 9 Gauge Bright Concrete Nails - 4.5 lb/Box,14527,9.95,,Default Title,https://ihlcanada.com/products/duradrive-1-1-2-in-concrete-nails-4-5-lb-per-box,2026-05-09T11:40:09.579323
IHL Canada,Fasteners,H Paulin 3/8 in. x 36 in. Zinc Coated Threaded Rod,15548,3.95,,Default Title,https://ihlcanada.com/products/h-paulin-3-8-in-x-36-in-zinc-coated-threaded-rod,2026-05-09T11:40:09.579325
IHL Canada,Fasteners,H Paulin #7 x 2-1/4 in. Zinc Coated Flat Head Phillips Drive Self-Drilling Drywall Screws (300-Jug),19314,17.95,,Default Title,https://ihlcanada.com/products/h-paulin-7-x-2-1-4-in-zinc-coated-flat-head-phillips-drive-self-drilling-drywall-screws-300-jug,2026-05-09T11:40:09.579327
IHL Canada,Fasteners,The Hillman Group Paulin 537-214 #10 1-1/4 in Zinc Metal Screw,16144,26.95,,Default Title,https://ihlcanada.com/products/h-paulin-10-x-1-1-4-in-pan-head-socket-drill-x-metal-screws-500-per-jug,2026-05-09T11:40:09.579330
IHL Canada,Fasteners,The Hillman Group Paulin 537-210 #10 1/2 in Zinc Metal Screw,16145,36.95,,Default Title,https://ihlcanada.com/products/h-paulin-10-x-1-2-in-pan-head-socket-drill-x-metal-screws-1-000-per-jug,2026-05-09T11:40:09.579332
IHL Canada,Fasteners,H Paulin #12 x 1 in. Zinc Coated Hex Head Interior Metal Screws (450-Jug),16136,29.95,,Default Title,https://ihlcanada.com/products/h-paulin-12-x-1-in-zinc-coated-hex-head-interior-metal-screws-450-jug,2026-05-09T11:40:09.579334
IHL Canada,Fasteners,H Paulin 5/16 in. Zinc Coated Fender Washers (200-Jug),17867,8.95,,Default Title,https://ihlcanada.com/products/h-paulin-5-16-in-zinc-coated-fender-washers-200-jug,2026-05-09T11:40:09.579336
IHL Canada,Fasteners,"H Paulin #8 x 5/8 in. Zinc Coated Hex Head Self-Drilling Drill-X Interior Metal Screws (1,000-Jug)",16043,33.95,,Default Title,https://ihlcanada.com/products/h-paulin-8-x-5-8-in-zinc-coated-hex-head-self-drilling-drill-x-interior-metal-screws-1-000-jug,2026-05-09T11:40:09.579339
IHL Canada,Fasteners,H Paulin #8 x 3 in. Low Root Brown Coated Flat Head Square Drive Pressure Treated Cedar Decking Screws (200-Jug),16064,21.95,,Default Title,https://ihlcanada.com/products/h-paulin-8-x-3-in-low-root-brown-coated-flat-head-square-drive-pressure-treated-cedar-decking-screws-200-jug,2026-05-09T11:40:09.579341
IHL Canada,Fasteners,"H Paulin #10 x 1/2 in. Zinc Coated Hex Head Self-Drilling Drill-X Exterior Metal Screws (1,000-Jug)",16132,29.95,,Default Title,https://ihlcanada.com/products/h-paulin-10-x-1-2-in-zinc-coated-hex-head-self-drilling-drill-x-exterior-metal-screws-1-000-jug,2026-05-09T11:40:09.579343
IHL Canada,Fasteners,DuraDrive 1 in 16 Gauge Galvanized Finish Nails - 2500 Brads/Pack,14463,4.95,,Default Title,https://ihlcanada.com/products/duradrive-1-in-16-gauge-galvanized-brad-nails-2-500-pack,2026-05-09T11:40:09.579346
IHL Canada,Fasteners,"DuraDrive #7 x 2-1/2 in. Fine Thread Drywall Screws (2,500 Per Box)",16018,37.95,,Default Title,https://ihlcanada.com/products/duradrive-7-x-2-1-2-in-black-phosphate-coated-bugle-head-phillips-drive-fine-thread-drywall-screws-2-500-box,2026-05-09T11:40:09.579348
IHL Canada,Fasteners,DuraDrive 2 in Steel Electro-Galvanized Roofing Nails - 50 lb/Box,14574,44.95,,Default Title,https://ihlcanada.com/products/duradrive-2-in-electro-galvanized-steel-spiral-roofing-nails-50-lb-per-box,2026-05-09T11:40:09.579350
IHL Canada,Fasteners,H Paulin 1/2 in. x 5 in. Zinc Plated Hex Bolt (125-Box),19214,109.95,,Default Title,https://ihlcanada.com/products/h-paulin-1-2-in-x-5-in-zinc-plated-hex-bolt-125-box,2026-05-09T11:40:09.579352
IHL Canada,Fasteners,DuraDrive 1-1/2 in Thin Smooth Shank Bright Common Nails - 50 lb/Box,14515,57.15,,Default Title,https://ihlcanada.com/products/duradrive-1-1-2-in-common-nails-50-lb-per-box,2026-05-09T11:40:09.579354
IHL Canada,Fasteners,DuraDrive 1-1/4 in. Concrete Nails (50 lb. per Box),14530,78.95,,Default Title,https://ihlcanada.com/products/duradrive-1-1-4-in-concrete-nails-50-lb-per-box,2026-05-09T11:40:09.579357
IHL Canada,Fasteners,DuraDrive 8 in Steel Bright Ardox Spiral Nails - 50 lb/Box,14446,45.95,,Default Title,https://ihlcanada.com/products/duradrive-8-in-ardox-nails-50-lb-per-box,2026-05-09T11:40:09.579359
IHL Canada,Fasteners,The Hillman Group Paulin 537-102 #6 3/4 in Zinc Metal Screw,16093,27.95,,Default Title,https://ihlcanada.com/products/h-paulin-6-x-3-4-in-pan-head-socket-metal-screws-1-000-per-jug,2026-05-09T11:40:09.579361
IHL Canada,Fasteners,H Paulin 5/16 in. Zinc Coated Flat Washers (200-Jug),17871,9.95,,Default Title,https://ihlcanada.com/products/h-paulin-5-16-in-zinc-coated-flat-washers-200-jug,2026-05-09T11:40:09.579363
IHL Canada,Fasteners,H Paulin #10 x 1-1/4 in. Zinc Coated Flat Head Square Drive Interior Wood Screws (600-Jug),16177,27.95,,Default Title,https://ihlcanada.com/products/h-paulin-10-x-1-1-4-in-zinc-coated-flat-head-square-drive-interior-wood-screws-600-jug,2026-05-09T11:40:09.579366
IHL Canada,Fasteners,"DuraDrive 2 in. x 1/2 in. Crown BCS1516 Series Galvanized Steel Coated Flooring Staples (5,000-Pack)",17133,46.99,,Default Title,https://ihlcanada.com/products/duradrive-2-in-x-1-2-in-crown-bcs1516-series-galvanized-steel-coated-flooring-staples-5-000-pack,2026-05-09T11:40:09.579368
IHL Canada,Fasteners,Papco 5/8 in. Grade-8 Zinc Plated Hexagon Nuts (25-Pack),14642,9.25,,Default Title,https://ihlcanada.com/products/papco-5-8-in-grade-8-zinc-plated-hexagon-nuts-25-pack,2026-05-09T11:40:09.579370
IHL Canada,Fasteners,The Hillman Group Paulin 537-200 #8 1/2 in Zinc Metal Screw,16153,32.95,,Default Title,https://ihlcanada.com/products/h-paulin-8-x-1-2-in-pan-head-socket-drill-x-metal-screws-1-000-per-jug,2026-05-09T11:40:09.579372
IHL Canada,Fasteners,DuraDrive 2-3/4 in 9 Gauge Bright Concrete Nails - 4.5 lb/Box,14536,6.95,,Default Title,https://ihlcanada.com/products/duradrive-2-3-4-in-concrete-nails-4-5-lb-per-box,2026-05-09T11:40:09.579374
IHL Canada,Fasteners,DEWALT 50504-PWR Green 0.22-Caliber Short Single Low Velocity Power Load Shots (100-Pack),16703,19.95,,Default Title,https://ihlcanada.com/products/dewalt-50504-pwr-green-0-22-caliber-short-single-low-velocity-power-load-shots-100-pack,2026-05-09T11:40:09.579377
IHL Canada,Fasteners,DuraDrive 3/4 in. x .300 in. Bright Finish Flat Head Fluted Concrete and Steel Drive Pins (100-Pack),11693,5.93,,Default Title,https://ihlcanada.com/products/duradrive-0-300-in-bright-finish-flat-head-fluted-concrete-and-steel-drive-pins-100-pack,2026-05-09T11:40:09.579379
IHL Canada,Fasteners,H Paulin #10 x 1-3/4 in. Zinc Coated Flat Head Square Drive Wood Screws (400-Jug),16178,33.95,,Default Title,https://ihlcanada.com/products/h-paulin-10-x-1-3-4-in-zinc-coated-flat-head-square-drive-wood-screws-400-jug,2026-05-09T11:40:09.579381
IHL Canada,Fasteners,DuraDrive 10 in Thin Smooth Shank Bright Common Nails - 50 lb/Box,14514,62.65,,Default Title,https://ihlcanada.com/products/duradrive-10-in-common-nails-50-lb-per-box,2026-05-09T11:40:09.579383
IHL Canada,Fasteners,"DuraDrive 1-3/4 in. x 1/2 in. Crown BCS1500 Series Galvanzied Steel Coated Staples (5,000-Pack)",17132,41.4,,Default Title,https://ihlcanada.com/products/duradrive-1-3-4-in-x-1-2-in-crown-bcs1500-series-galvanzied-steel-coated-staples-5-000-pack,2026-05-09T11:40:09.579386
IHL Canada,Fasteners,H Paulin #8 x 3/8 in. Zinc Coated Pan Head Square Drive Interior Metal Screws (800-Jug),16101,15.95,,Default Title,https://ihlcanada.com/products/h-paulin-zinc-coated-pan-head-square-drive-interior-metal-screws-800-jug,2026-05-09T11:40:09.579388
IHL Canada,Fasteners,DuraDrive 1-1/2 in 9 Gauge Bright Concrete Nails - 50 lb/Box,14528,64.95,,Default Title,https://ihlcanada.com/products/duradrive-1-1-2-in-concrete-nails-50-lb-per-box,2026-05-09T11:40:09.579391
IHL Canada,Fasteners,Paulin 5/8 in. Gold Zinc Plated Spring Lock Washers (50-Pack),17877,14.95,,Default Title,https://ihlcanada.com/products/tbd-20,2026-05-09T11:40:09.579393
IHL Canada,Fasteners,H Paulin #10 x 3/4 in. Zinc Coated Flat Head Square Drive Interior Wood Screws (850-Jug),16182,29.95,,Default Title,https://ihlcanada.com/products/h-paulin-10-x-3-4-in-zinc-coated-flat-head-square-drive-interior-wood-screws-850-jug,2026-05-09T11:40:09.579395
IHL Canada,Fasteners,The Hillman Group Paulin 537-101 #6 5/8 in Zinc Metal Screw,16095,24.59,,Default Title,https://ihlcanada.com/products/h-paulin-6-x-5-8-in-pan-head-socket-metal-screws-800-per-jug,2026-05-09T11:40:09.579397
IHL Canada,Fasteners,"DuraDrive #8 x 2-5/8 in. Tek Point Fine Thread Drywall Screws (3,000 Per Box)",16030,59.95,,Default Title,https://ihlcanada.com/products/duradrive-8-x-2-5-8-in-zinc-coated-flat-head-phillips-drive-tek-point-drywall-screws-3-000-box,2026-05-09T11:40:09.579400
IHL Canada,Fasteners,DuraDrive 6 in Steel Bright Ardox Spiral Nails - 50 lb/Box,14445,45.95,,Default Title,https://ihlcanada.com/products/duradrive-6-in-ardox-nails-50-lb-per-box,2026-05-09T11:40:09.579402
IHL Canada,Fasteners,DuraDrive 3-1/2 in. HDG Ardox Nails (50 lb. per Box),14454,98.95,,Default Title,https://ihlcanada.com/products/duradrive-3-1-2-in-hdg-ardox-nails-50-lb-per-box,2026-05-09T11:40:09.579404
IHL Canada,Fasteners,H Paulin #8 x 5/8 in. Zinc Coated Flat Head Square Drive Wood Screws (700-Jug),16186,18.95,,Default Title,https://ihlcanada.com/products/h-paulin-8-x-5-8-in-zinc-coated-flat-head-square-drive-wood-screws-700-jug,2026-05-09T11:40:09.579406
IHL Canada,Fasteners,H Paulin #6 x 1-5/8 in. Flat Head Phillips Drive Fine Thread Drywall Screws (500-Jug),18285,12.95,,Default Title,https://ihlcanada.com/products/h-paulin-6-flat-head-phillips-drive-fine-thread-drywall-screws-500-jug,2026-05-09T11:40:09.579409
IHL Canada,Fasteners,DuraDrive 1-1/2 in x 0.3 in Bright Flat Head Fluted Drive Pins,11680,54.99,,Default Title,https://ihlcanada.com/products/duradrive-1-1-2-in-x-0-300-in-concrete-pins-for-concrete-and-steel-1-000-pack,2026-05-09T11:40:09.579411
IHL Canada,Fasteners,H Paulin #10-12 x 1 in. Plastic Conical Concrete Anchors (500-Jug),10087,12.95,,Default Title,https://ihlcanada.com/products/h-paulin-10-12-x-1-in-plastic-conical-concrete-anchors-500-pack,2026-05-09T11:40:09.579413
IHL Canada,Fasteners,"DuraDrive 1 in. x 1/2 in. Crown 16-Gauge GS Series Galvanized Steel Coated Staples (10,000-Pack)",17138,21.79,,Default Title,https://ihlcanada.com/products/duradrive-1-in-x-1-2-in-crown-16-gauge-gs-series-galvanized-steel-coated-staples-10-000-pack,2026-05-09T11:40:09.579415
IHL Canada,Fasteners,H Paulin #7 x 2-1/2 in. Zinc Coated Flat Head Phillips Drive Self-Drilling Drywall Screws (250-Jug),19313,18.95,,Default Title,https://ihlcanada.com/products/h-paulin-7-x-2-1-2-in-zinc-coated-flat-head-phillips-drive-self-drilling-drywall-screws-250-jug,2026-05-09T11:40:09.579417
IHL Canada,Fasteners,DuraDrive 4 in Thin Smooth Shank Bright Common Nails - 50 lb/Box,14523,47.25,,Default Title,https://ihlcanada.com/products/duradrive-4-in-common-nails-50-lb-per-box,2026-05-09T11:40:09.579419
IHL Canada,Fasteners,"DuraDrive 1-3/4 in. x 1/2 in. Crown 16-Gauge GS Series Paslode Galvanized Steel Coated Staples (10,000 - Pack)",17137,55.99,,Default Title,https://ihlcanada.com/products/duradrive-1-3-4-in-x-1-2-in-crown-16-gauge-gs-series-paslode-galvanized-steel-coated-staples-10-000-pack,2026-05-09T11:40:09.579422
IHL Canada,Fasteners,DEWALT 50502-PWR Brown 0.22-Caliber Short Single Low Velocity Power Load Shots (100-Pack),16702,19.95,,Default Title,https://ihlcanada.com/products/dewalt-50502-pwr-brown-0-22-caliber-short-single-low-velocity-power-load-shots-100-pack,2026-05-09T11:40:09.579424
IHL Canada,Fasteners,H Paulin #7 x 2-1/4 in. Black Phosphate Coated Flat Head Phillips Drive Fine Thread Drywall Trim Screws (375-Jug),18288,18.95,,Default Title,https://ihlcanada.com/products/h-paulin-7-x-2-1-4-in-black-phosphate-coated-flat-head-phillips-drive-fine-thread-drywall-trim-screws-375-jug,2026-05-09T11:40:09.579426
IHL Canada,Fasteners,DuraDrive 2-3/4 in 9 Gauge Bright Concrete Nails - 50 lb/Box,14537,78.95,,Default Title,https://ihlcanada.com/products/duradrive-2-3-4-in-concrete-nails-50-lb-per-box,2026-05-09T11:40:09.579428
IHL Canada,Nails,"DuraDrive 3-1/4 in. 34-Degree Smooth Paper Strip Nails (3,000-Box)",14584,30.95,,Default Title,https://ihlcanada.com/products/duradrive-3-1-4-in-x-0-120-34-degree-smooth-paper-strip-nail-3-000-per-box,2026-05-09T11:40:11.189364
IHL Canada,Nails,DuraDrive 3-1/4 in. Coil Framing Nails (4050-Box),14498,33.95,,Default Title,https://ihlcanada.com/products/duradrive-3-1-4-in-x-0-113-in-flat-top-coil-framing-nails-4-050-box,2026-05-09T11:40:11.189378
IHL Canada,Nails,DuraDrive 2-1/4 in 0.099 in Flat Top Premium Coil Framing Nails - 4500/Box,14496,22.95,,Default Title,https://ihlcanada.com/products/duradrive-2-1-4-in-x-0-099-in-coil-framing-nails-4-500-per-box,2026-05-09T11:40:11.189382
IHL Canada,Nails,DuraDrive 3/4 in. x 24 in. Round Steel Nail Forming Stake (10-Pack),12722,29.95,,Default Title,https://ihlcanada.com/products/copy-of-duradrive-3-4-in-x-18-in-round-steel-nail-forming-stake-10-pack,2026-05-09T11:40:11.189384
IHL Canada,Nails,"DuraDrive 2-3/8 in. x 0.113 in. 34-Degree Smooth Paper Strip Nails (5,000-Box)",14579,38.45,,Default Title,https://ihlcanada.com/products/duradrive-34-degree-angled-galvanized-smooth-shank-paper-strip-nails,2026-05-09T11:40:11.189386
IHL Canada,Nails,DuraDrive 3/4 in. x 18 in. Round Steel Nail Forming Stake (10-Pack),12721,23.95,,Default Title,https://ihlcanada.com/products/duradrive-3-4-in-diameter-round-steel-forming-stake-nail-10-pack,2026-05-09T11:40:11.189389
IHL Canada,Nails,"DuraDrive 1-1/4 in. Coil Roofing Nails (7,200 Per Box)",14512,24.99,,Default Title,https://ihlcanada.com/products/duradrive-1-1-4-in-x-0-120-in-zinc-chromate-coated-smooth-shank-coil-roofing-nail-7-200-box,2026-05-09T11:40:11.189391
IHL Canada,Nails,DuraDrive 3/4 in. x 36 in. Round Steel Nail Forming Stake (10-Pack),28563,42.95,,Default Title,https://ihlcanada.com/products/copy-of-duradrive-3-4-in-x-18-in-round-steel-nail-forming-stake-10-pack-1,2026-05-09T11:40:11.189394
IHL Canada,Nails,DuraDrive 2 in. Common Nails 50Lbs,14519,42.85,,Default Title,https://ihlcanada.com/products/duradrive-2-in-common-nails-50-lb-per-box,2026-05-09T11:40:11.189396
IHL Canada,Nails,DuraDrive 2-3/4 in. Duplex Nails 50Lbs,14543,41.75,,Default Title,https://ihlcanada.com/products/duradrive-2-3-4-in-9-gauge-double-headed-nails-50-lb-per-box,2026-05-09T11:40:11.189399
IHL Canada,Nails,DuraDrive GSN40 1/2 in. to 1-5/8 in. Gas Concrete Nailer,14550,399.0,,Default Title,https://ihlcanada.com/products/duradrive-gsn40-1-2-in-x-1-5-8-in-cordless-gas-powered-concrete-pins-nailer,2026-05-09T11:40:11.189402
IHL Canada,Nails,DuraDrive 3-1/4 in Steel Bright Ardox Spiral Nails - 50 lb/Box,14439,43.95,,Default Title,https://ihlcanada.com/products/duradrive-3-1-4-in-ardox-nails-50-lb-per-box,2026-05-09T11:40:11.189404
IHL Canada,Nails,DuraDrive 3-1/2 in. Common Nails 50Lbs,14522,42.85,,Default Title,https://ihlcanada.com/products/duradrive-3-1-2-in-common-nails-50-lb-per-box,2026-05-09T11:40:11.189406
IHL Canada,Nails,DuraDrive 154mm Concrete Nailer Gas Fuel Cell (2-Pack),12731,12.99,,Default Title,https://ihlcanada.com/products/duradrive-154mm-concrete-pins-gas-nailer-fuel-cell-2-pack,2026-05-09T11:40:11.189409
IHL Canada,Nails,DuraDrive 3-1/2 in. 6-Gauge Double Head Nails (50 lb. per Box),14545,46.15,,Default Title,https://ihlcanada.com/products/duradrive-3-1-2-in-6-gauge-double-head-nails-50-lb-per-box,2026-05-09T11:40:11.189411
IHL Canada,Nails,DuraDrive 2-1/2 in 0.099 in Flat Top Premium Coil Framing Nails - 4500/Box,14494,23.95,,Default Title,https://ihlcanada.com/products/duradrive-2-1-2-in-premium-coil-framing-nails-4-500-per-box,2026-05-09T11:40:11.189413
IHL Canada,Nails,DuraDrive 2-1/2 in Plastic Cap Insulation Nails - 2000/Pack,14557,27.95,,Default Title,https://ihlcanada.com/products/duradrive-2-1-2-in-plastic-cap-spiral-insulation-nails-2-000-pack,2026-05-09T11:40:11.189416
IHL Canada,Nails,"DuraDrive 3 in. 34-Degree Smooth Paper Strip Nails (3,000-Box)",21652,31.85,,Default Title,https://ihlcanada.com/products/duradrive-3-in-x-0-120-in-34-degree-smooth-paper-strip-nails-3-000-per-box,2026-05-09T11:40:11.189418
IHL Canada,Nails,DuraDrive 3 in Thin Smooth Shank Bright Common Nails - 50 lb/Box,14521,47.25,,Default Title,https://ihlcanada.com/products/duradrive-3-in-common-nails-50-lb-per-box,2026-05-09T11:40:11.189420
IHL Canada,Nails,DuraDrive 3 in. Duplex Nails 50Lbs,14544,41.75,,Default Title,https://ihlcanada.com/products/duradrive-3-in-8-gauge-double-headed-nails-50-lb-per-box,2026-05-09T11:40:11.189422
IHL Canada,Nails,"DuraDrive 3 in. Plastic Cap Ring Shank Nails (2,000-Box)",14556,29.95,,Default Title,https://ihlcanada.com/products/duradrive-3-in-plastic-cap-ring-shank-nails-2-000-box,2026-05-09T11:40:11.189425
IHL Canada,Nails,DuraDrive 1-1/4 in 9 Gauge Bright Concrete Nails - 4.5 lb/Box,14529,9.95,,Default Title,https://ihlcanada.com/products/duradrive-1-1-4-in-concrete-nails-4-5-lb-per-box,2026-05-09T11:40:11.189427
IHL Canada,Nails,DuraDrive 2-1/4 in Steel Bright Ardox Spiral Nails - 50 lb/Box,14433,44.95,,Default Title,https://ihlcanada.com/products/duradrive-2-1-4-in-ardox-nails-50-lb-per-box,2026-05-09T11:40:11.189429
IHL Canada,Nails,DuraDrive 3 in 8 Gauge Bright Concrete Nails - 50 lb/Pack,14541,78.95,,Default Title,https://ihlcanada.com/products/duradrive-3-in-concrete-nails-50-lb-per-box,2026-05-09T11:40:11.189432
IHL Canada,Nails,DuraDrive 2 in Steel Bright Ardox Spiral Nails - 50 lb/Box,14430,49.5,,Default Title,https://ihlcanada.com/products/duradrive-2-in-ardox-nails-50-lb-per-box,2026-05-09T11:40:11.189434
IHL Canada,Nails,"DuraDrive 2 in. 16-Gauge L-Cleat Flooring Nails (1,000-Pack)",14554,14.89,,Default Title,https://ihlcanada.com/products/duradrive-2-in-16-gauge-l-cleat-flooring-nails-1-000-pack,2026-05-09T11:40:11.189437
IHL Canada,Nails,DuraDrive 2-1/2 in Thin Smooth Shank Bright Common Nails - 50 lb/Box,14520,46.15,,Default Title,https://ihlcanada.com/products/duradrive-2-1-2-in-common-nails-50-lb-per-box,2026-05-09T11:40:11.189439
IHL Canada,Nails,DuraDrive 2-1/4 in. 10-Gauge Smooth Finish Double Head Nails (50 lb. per Box),14542,54.95,,Default Title,https://ihlcanada.com/products/duradrive-2-1-4-in-10-gauge-smooth-finish-double-head-nails-50-lb-per-box,2026-05-09T11:40:11.189442
IHL Canada,Nails,"DuraDrive 2-3/8 in. 34-Degree Bright Ring Shank Paper Strip Nails (5,000-Box)",14593,45.95,,Default Title,https://ihlcanada.com/products/duradrive-2-3-8-in-34-degree-bright-ring-shank-paper-strip-nails-5-000-box,2026-05-09T11:40:11.189444
IHL Canada,Nails,DuraDrive 12 in Thin Smooth Shank Bright Common Nails - 50 lb/Box,14518,45.05,,Default Title,https://ihlcanada.com/products/duradrive-12-in-common-nails-50-lb-per-box,2026-05-09T11:40:11.189446
IHL Canada,Nails,"DuraDrive 1-1/2 in. Plastic Cap Spiral Shank Insulation Nails (2,000-Box)",31628,24.95,,Default Title,https://ihlcanada.com/products/duradrive-1-1-2-in-plastic-cap-spiral-shank-insulation-nails-2-000-box,2026-05-09T11:40:11.189449
IHL Canada,Nails,"DuraDrive 2 in. Plastic Cap Spiral Shank Insulation Nails (2,000-Box)",14559,24.95,,Default Title,https://ihlcanada.com/products/duradrive-plastic-cap-spiral-shank-insulation-roofing-nails,2026-05-09T11:40:11.189451
IHL Canada,Nails,DuraDrive 1-1/4 in. Bright Finish Thin Smooth Shank Common Nails (50 lb. per Box),14517,58.25,,Default Title,https://ihlcanada.com/products/duradrive-bright-finish-thin-smooth-shank-common-nails-50-lb-per-box,2026-05-09T11:40:11.189453
IHL Canada,Nails,🎁 DuraDrive GSN40 1/2 in. to 1-5/8 in. Gas Concrete Nailer (100% off),14550,0.0,,Default Title,https://ihlcanada.com/products/duradrive-gsn40-1-2-in-x-1-5-8-in-cordless-gas-powered-concrete-pins-nailer-sca_clone_freegift,2026-05-09T11:40:11.189456
IHL Canada,Nails,DuraDrive 15 in. Double-Ended Nail Puller,27217,7.49,,Default Title,https://ihlcanada.com/products/duradrive-15-in-double-ended-nail-puller,2026-05-09T11:40:11.189458
IHL Canada,Nails,DuraDrive 3 in Steel Bright Ardox Spiral Nails - 50 lb/Box,14436,45.95,,Default Title,https://ihlcanada.com/products/duradrive-3-in-ardox-nails-50-lb-per-box,2026-05-09T11:40:11.189461
IHL Canada,Nails,DuraDrive 3-1/2 in Steel Bright Ardox Spiral Nails - 50 lb/Box,14437,46.95,,Default Title,https://ihlcanada.com/products/duradrive-3-1-2-in-ardox-nails-50-lb-per-box,2026-05-09T11:40:11.189463
IHL Canada,Nails,DuraDrive 3 in 8 Gauge Bright Concrete Nails - 4.5 lb/Pack,14539,9.95,,Default Title,https://ihlcanada.com/products/duradrive-3-in-concrete-nails-4-5-lb-per-box,2026-05-09T11:40:11.189465
IHL Canada,Nails,DuraDrive 5 in Steel Bright Ardox Spiral Nails - 50 lb/Box,14444,59.75,,Default Title,https://ihlcanada.com/products/duradrive-5-in-ardox-nails-50-lb-per-box,2026-05-09T11:40:11.189468
IHL Canada,Nails,DuraDrive 2-1/4 in 9 Gauge Bright Concrete Nails - 4.5 lb/Box,14535,6.95,,Default Title,https://ihlcanada.com/products/duradrive-2-1-4-in-concrete-nails-4-5-lb-per-box,2026-05-09T11:40:11.189470
IHL Canada,Nails,DuraDrive 12 in. Ardox Nails (50 lb. per Box),14429,58.25,,Default Title,https://ihlcanada.com/products/duradrive-12-in-ardox-nails-50-lb-per-box,2026-05-09T11:40:11.189472
IHL Canada,Nails,DuraDrive 2-1/2 in Bright Concrete Nails - 4.5 lb/Pack,14534,7.49,,Default Title,https://ihlcanada.com/products/duradrive-2-1-2-in-concrete-nails-4-5-lb-per-box,2026-05-09T11:40:11.189475
IHL Canada,Nails,DuraDrive 1-3/4 in 8 Gauge Bright Concrete Nails - 50 lb/Pack,14532,66.95,,Default Title,https://ihlcanada.com/products/duradrive-1-3-4-in-concrete-nails-50-lb-per-box,2026-05-09T11:40:11.189477
IHL Canada,Nails,DuraDrive 10 in Steel Bright Ardox Spiral Nails - 50 lb/Box,14424,62.49,,Default Title,https://ihlcanada.com/products/duradrive-10-in-ardox-nails-50-lb-per-box,2026-05-09T11:40:11.189479
IHL Canada,Nails,"DuraDrive 2 in. x 0.099 in. Flat Top Premium Framing Nails (4,500-Box)",14497,19.95,,Default Title,https://ihlcanada.com/products/duradrive-0-099-in-flat-top-premium-coil-framing-nails,2026-05-09T11:40:11.189482
IHL Canada,Nails,DuraDrive 1 in. 9-Gauge Bright Finish Fluted Spiral Shank Concrete Nails (4.5 lb. per Box),14526,6.95,,Default Title,https://ihlcanada.com/products/duradrive-9-gauge-bright-finish-fluted-spiral-shank-concrete-nails,2026-05-09T11:40:11.189484
IHL Canada,Nails,"DuraDrive 1-1/4 in. 18-Gauge Bright Finish L-Cleat Flooring Nails (1,000-Pack)",14553,10.49,,Default Title,https://ihlcanada.com/products/duradrive-1-1-4-in-18-gauge-bright-finish-l-cleat-flooring-nails-1-000-pack,2026-05-09T11:40:11.189486
IHL Canada,Nails,DuraDrive PFCN50 2 in. Mallet Actuated L-Cleat Flooring Nailer,11578,325.0,,Default Title,https://ihlcanada.com/products/duradrive-pfcn50-2-in-mallet-actuated-l-cleat-flooring-nailer,2026-05-09T11:40:11.189489
IHL Canada,Nails,DuraDrive 3/8 in 3 in Steel Hammer Strike Nail Anchor - 25/Pack,31750,19.95,,Default Title,https://ihlcanada.com/products/duradrive-3-8-in-x-3-in-carbon-steel-mushroom-head-hammer-strike-nail-strike-anchor-100-pack,2026-05-09T11:40:11.189491
IHL Canada,Nails,DuraDrive 3/16 in 3 in Steel Hammer Strike Nail Anchor - 100/Pack,31739,18.95,,Default Title,https://ihlcanada.com/products/duradrive-3-16-in-x-3-in-carbon-steel-mushroom-head-hammer-strike-nail-strike-anchor-100-pack,2026-05-09T11:40:11.189493
IHL Canada,Nails,DuraDrive 3/8 in 1-3/4 in Steel Pipe Internally Hammer Strike Nail Anchor - 50/Pack,31753,32.95,,Default Title,https://ihlcanada.com/products/duradrive-3-8-in-pipe-hammer-internally-threaded-strike-nail-anchor,2026-05-09T11:40:11.189496
IHL Canada,Nails,DuraDrive 3/8 in 4 in Steel Hammer Strike Nail Anchor - 25/Pack,31751,21.95,,Default Title,https://ihlcanada.com/products/duradrive-3-8-in-x-4-in-carbon-steel-mushroom-head-hammer-strike-nail-strike-anchor-100-pack,2026-05-09T11:40:11.189498
IHL Canada,Nails,DuraDrive 3/16 in 2-1/2 in Steel Hammer Strike Nail Anchor - 100/Pack,31738,16.95,,Default Title,https://ihlcanada.com/products/duradrive-3-16-in-x-2-1-2-in-carbon-steel-mushroom-head-hammer-strike-nail-strike-anchor-100-pack,2026-05-09T11:40:11.189500
IHL Canada,Nails,DuraDrive 3/16 in 2 in Steel Hammer Strike Nail Anchor - 100/Pack,31737,15.95,,Default Title,https://ihlcanada.com/products/duradrive-3-16-in-x-2-in-carbon-steel-mushroom-head-hammer-strike-nail-strike-anchor-100-pack,2026-05-09T11:40:11.189502
IHL Canada,Nails,DuraDrive 3/8 in 2-1/2 in Steel Hammer Strike Nail Anchor - 25/Pack,31749,16.95,,Default Title,https://ihlcanada.com/products/duradrive-3-8-in-x-2-1-2-in-carbon-steel-mushroom-head-hammer-strike-nail-strike-anchor-100-pack,2026-05-09T11:40:11.189505
IHL Canada,Nails,DuraDrive 3/16 in 4 in Steel Hammer Strike Nail Anchor - 100/Pack,31740,24.95,,Default Title,https://ihlcanada.com/products/duradrive-3-16-in-x-4-in-carbon-steel-mushroom-head-hammer-strike-nail-strike-anchor-100-pack,2026-05-09T11:40:11.189507
IHL Canada,Nails,DuraDrive 6 in Steel Bright Ardox Spiral Nails - 50 lb/Box,14445,45.95,,Default Title,https://ihlcanada.com/products/duradrive-6-in-ardox-nails-50-lb-per-box,2026-05-09T11:40:11.189509
IHL Canada,Nails,DuraDrive 2-3/4 in 9 Gauge Bright Concrete Nails - 4.5 lb/Box,14536,6.95,,Default Title,https://ihlcanada.com/products/duradrive-2-3-4-in-concrete-nails-4-5-lb-per-box,2026-05-09T11:40:11.189511
IHL Canada,Nails,DuraDrive 8 in Steel Bright Ardox Spiral Nails - 50 lb/Box,14446,45.95,,Default Title,https://ihlcanada.com/products/duradrive-8-in-ardox-nails-50-lb-per-box,2026-05-09T11:40:11.189514
IHL Canada,Nails,DuraDrive 3-1/2 in. HDG Ardox Nails (50 lb. per Box),14454,98.95,,Default Title,https://ihlcanada.com/products/duradrive-3-1-2-in-hdg-ardox-nails-50-lb-per-box,2026-05-09T11:40:11.189516
IHL Canada,Nails,DuraDrive 2-3/4 in 9 Gauge Bright Concrete Nails - 50 lb/Box,14537,78.95,,Default Title,https://ihlcanada.com/products/duradrive-2-3-4-in-concrete-nails-50-lb-per-box,2026-05-09T11:40:11.189518
IHL Canada,Nails,DuraDrive 4 in Thin Smooth Shank Bright Common Nails - 50 lb/Box,14523,47.25,,Default Title,https://ihlcanada.com/products/duradrive-4-in-common-nails-50-lb-per-box,2026-05-09T11:40:11.189521
IHL Canada,Nails,DuraDrive 4 in Steel Bright Ardox Spiral Nails - 50 lb/Box,14442,59.75,,Default Title,https://ihlcanada.com/products/duradrive-4-in-ardox-nails-50-lb-per-box,2026-05-09T11:40:11.189523
IHL Canada,Nails,DuraDrive 3/8 in. x 2 in. Mushroom Head Hammer Strike Nail Anchor (25-Pack),31748,15.95,,Default Title,https://ihlcanada.com/products/duradrive-3-8in-mushroom-head-hammer-strike-anchor-100-pack,2026-05-09T11:40:11.189525
IHL Canada,Nails,DuraDrive 3/16 in. x 1-1/2 in. Mushroom Head Hammer Strike Nail Anchor (100-Pack),31736,13.95,,Default Title,https://ihlcanada.com/products/duradrive-3-16in-mushroom-head-hammer-strike-anchor-100-pack,2026-05-09T11:40:11.189528
IHL Canada,Nails,DuraDrive 1/4 in 3 in Steel Hammer Strike Nail Anchor - 100/Pack,31745,28.95,,Default Title,https://ihlcanada.com/products/duradrive-1-4-in-x-3-in-carbon-steel-mushroom-head-hammer-strike-nail-strike-anchor-100-pack,2026-05-09T11:40:11.189530
IHL Canada,Nails,DuraDrive 1/4 in 4 in Steel Hammer Strike Nail Anchor - 100/Pack,31747,32.95,,Default Title,https://ihlcanada.com/products/duradrive-1-4-in-x-4-in-carbon-steel-mushroom-head-hammer-strike-nail-strike-anchor-100-pack,2026-05-09T11:40:11.189533
IHL Canada,Nails,DuraDrive 1/4 in 2 in Steel Hammer Strike Nail Anchor - 100/Pack,31743,17.95,,Default Title,https://ihlcanada.com/products/duradrive-1-4-in-x-2-in-carbon-steel-mushroom-head-hammer-strike-nail-strike-anchor-100-pack,2026-05-09T11:40:11.189535
IHL Canada,Nails,DuraDrive 1/4 in 1-1/8 in Steel Tie Wire Head Hammer Strike Nail Anchor - 100/Pack,31755,24.49,,Default Title,https://ihlcanada.com/products/duradrive-1-4-in-carbon-steel-tie-wire-head-hammer-strike-anchor,2026-05-09T11:40:11.189538
IHL Canada,Nails,DuraDrive 1/4 in 3-1/2 in Steel Hammer Strike Nail Anchor - 100/Pack,31746,29.95,,Default Title,https://ihlcanada.com/products/duradrive-1-4-in-x-3-1-2-in-carbon-steel-mushroom-head-hammer-strike-nail-strike-anchor-100-pack,2026-05-09T11:40:11.189540
IHL Canada,Nails,DuraDrive 1/4 in 2-1/2 in Steel Hammer Strike Nail Anchor - 100/Pack,31744,24.95,,Default Title,https://ihlcanada.com/products/duradrive-1-4-in-x-2-1-2-in-carbon-steel-mushroom-head-hammer-strike-nail-strike-anchor-100-pack,2026-05-09T11:40:11.189542
IHL Canada,Nails,DuraDrive 1/4 in 1-1/2 in Steel Hammer Strike Nail Anchor - 100/Pack,31742,15.95,,Default Title,https://ihlcanada.com/products/duradrive-1-4-in-x-1-1-2-in-carbon-steel-mushroom-head-hammer-strike-nail-strike-anchor-100-pack,2026-05-09T11:40:11.189545
IHL Canada,Nails,DuraDrive 1-1/2 in 9 Gauge Bright Concrete Nails - 50 lb/Box,14528,64.95,,Default Title,https://ihlcanada.com/products/duradrive-1-1-2-in-concrete-nails-50-lb-per-box,2026-05-09T11:40:11.189547
IHL Canada,Nails,DuraDrive 1-1/4 in. Concrete Nails (50 lb. per Box),14530,78.95,,Default Title,https://ihlcanada.com/products/duradrive-1-1-4-in-concrete-nails-50-lb-per-box,2026-05-09T11:40:11.189550
IHL Canada,Nails,DuraDrive 2 in 9 Gauge Bright Concrete Nails - 50 lb/Box,14538,66.95,,Default Title,https://ihlcanada.com/products/duradrive-2-in-concrete-nails-50-lb-per-box,2026-05-09T11:40:11.189552
IHL Canada,Nails,DuraDrive 10 in Thin Smooth Shank Bright Common Nails - 50 lb/Box,14514,62.65,,Default Title,https://ihlcanada.com/products/duradrive-10-in-common-nails-50-lb-per-box,2026-05-09T11:40:11.189554
IHL Canada,Nails,DuraDrive 1-1/2 in Thin Smooth Shank Bright Common Nails - 50 lb/Box,14515,57.15,,Default Title,https://ihlcanada.com/products/duradrive-1-1-2-in-common-nails-50-lb-per-box,2026-05-09T11:40:11.189556
IHL Canada,Nails,DuraDrive 2 in 9 Gauge Bright Concrete Nails - 4.5 lb/Box,14533,6.95,,Default Title,https://ihlcanada.com/products/duradrive-2-in-concrete-nails-4-5-lb-per-box,2026-05-09T11:40:11.189559
IHL Canada,Nails,DuraDrive 1-1/2 in 9 Gauge Bright Concrete Nails - 4.5 lb/Box,14527,9.95,,Default Title,https://ihlcanada.com/products/duradrive-1-1-2-in-concrete-nails-4-5-lb-per-box,2026-05-09T11:40:11.189561
IHL Canada,Nails,DuraDrive 2-1/2 in Steel Bright Ardox Spiral Nails - 50 lb/Box,14431,47.95,,Default Title,https://ihlcanada.com/products/duradrive-2-1-2-in-ardox-nails-50-lb-per-box,2026-05-09T11:40:11.189564
IHL Canada,Nails,DuraDrive 1/4 in. x 1-1/4 in. Mushroom Head Hammer Strike Nail Anchor (100-Pack),31741,13.95,,Default Title,https://ihlcanada.com/products/duradrive-1-4in-mushroom-head-hammer-strike-anchor-100-pack,2026-05-09T11:40:11.189566
IHL Canada,Nails,DuraDrive 1-3/4 in. 8-Gauge Bright Finish Fluted Spiral Shank Concrete Nails (4.5 lb. per Box),14531,6.95,,Default Title,https://ihlcanada.com/products/duradrive-8-gauge-bright-finish-fluted-spiral-shank-concrete-nails,2026-05-09T11:40:11.189569
IHL Canada,Nails,DuraDrive #6 x 2 in. Blue Coated Ringed Shank Drywall Nails (50 lb. per Box),14548,70.95,,Default Title,https://ihlcanada.com/products/duradrive-6-x-2-in-blue-coated-ringed-shank-drywall-nails-50-lb-per-box,2026-05-09T11:40:11.189571
IHL Canada,Nails,"DuraDrive 2 in. Plastic Cap Ring Shank Insulation Nails (2,000-Box)",14555,24.95,,Default Title,https://ihlcanada.com/products/duradrive-2-in-plastic-cap-ring-shank-insulation-nails-2-000-box,2026-05-09T11:40:11.189573
IHL Canada,Adhesives,Selsil Gap Pro 280 ml White Siliconized Acrylic Latex Caulk,34788,2.35,,Default Title,https://ihlcanada.com/products/selsil-gap-plus-siliconized-acrylic-sealant-white-280ml,2026-05-09T11:40:12.663094
IHL Canada,Adhesives,"Selsil 280mL Kitchen & Bath 100% Silicone, Translucent",27740,5.99,,Default Title,https://ihlcanada.com/products/selsil-280ml-translucent-kitchen-and-bath-silicone-sealant,2026-05-09T11:40:12.663106
IHL Canada,Adhesives,"Selsil 280mL General Purpose 100% Silicone, Translucent",28153,5.75,,Default Title,https://ihlcanada.com/products/copy-of-selsil-280-ml-black-general-purpose-silicone-sealant-1,2026-05-09T11:40:12.663110
IHL Canada,Adhesives,"Selsil 280mL Kitchen & Bath 100% Silicone, White",27739,5.99,,Default Title,https://ihlcanada.com/products/copy-of-selsil-280-ml-almond-kitchen-and-bath-silicone-sealant-1,2026-05-09T11:40:12.663113
IHL Canada,Adhesives,"Selsil 280 ml Exterior 100% Silicone, Translucent",27736,5.99,,Default Title,https://ihlcanada.com/products/selsil-280ml-translucent-premium-exterior-silicone-glazing-siding-and-pipes,2026-05-09T11:40:12.663115
IHL Canada,Adhesives,Selsil OctoSPEED 290 ml White Construction Adhesive,30113,8.49,,Default Title,https://ihlcanada.com/products/selsil-290ml-white-octospeed-construction-adhesive,2026-05-09T11:40:12.663118
IHL Canada,Adhesives,"Selsil 280mL General Purpose 100% Silicone, White",28152,5.75,,Default Title,https://ihlcanada.com/products/copy-of-selsil-280-ml-black-general-purpose-silicone-sealant-2,2026-05-09T11:40:12.663121
IHL Canada,Adhesives,"Selsil 280mL Kitchen & Bath 100% Silicone, Almond",30143,5.99,,Default Title,https://ihlcanada.com/products/selsil-280ml-kitchen-and-bath-silicone-sealant,2026-05-09T11:40:12.663124
IHL Canada,Adhesives,Selsil OctoTACK 290 ml White Construction Adhesive,30114,7.99,,Default Title,https://ihlcanada.com/products/selsil-290ml-white-octotack-construction-adhesive,2026-05-09T11:40:12.663126
IHL Canada,Adhesives,Selsil Octomax 290 mL Black Multi-Purpose Adhesive Sealant,28688,5.99,,Default Title,https://ihlcanada.com/products/copy-of-selsil-290ml-sandalwood-octomax-multi-purpose-adhesive-sealant-2,2026-05-09T11:40:12.663129
IHL Canada,Adhesives,Selsil 290mL OCTOCLEAR Adhesive Sealant,30111,7.99,,Default Title,https://ihlcanada.com/products/selsil-290ml-octoclear-adhesive-sealant,2026-05-09T11:40:12.663132
IHL Canada,Adhesives,Selsil 17 oz. / 500 ml Spray Foam Gun Cleaner,28123,6.99,,Default Title,https://ihlcanada.com/products/selsil-500-ml-selfix-expanding-insulating-spray-foam-gun-grade-cleaner,2026-05-09T11:40:12.663135
IHL Canada,Adhesives,"Selsil 280mL General Purpose 100% Silicone, Grey",28692,5.75,,Default Title,https://ihlcanada.com/products/copy-of-selsil-280-ml-black-general-purpose-silicone-sealant,2026-05-09T11:40:12.663137
IHL Canada,Adhesives,Selsil Octomax 290 mL Sandalwood Multi-Purpose Adhesive Sealant,30103,5.99,,Default Title,https://ihlcanada.com/products/selsil-290ml-octomax-multi-purpose-adhesive-sealant,2026-05-09T11:40:12.663140
IHL Canada,Adhesives,Selsil Octomax 290 mL White Multi-Purpose Adhesive Sealant,30101,5.99,,Default Title,https://ihlcanada.com/products/copy-of-selsil-290ml-sandalwood-octomax-multi-purpose-adhesive-sealant,2026-05-09T11:40:12.663143
IHL Canada,Adhesives,Selsil OctoFLEX 290 ml Grey General Purpose Sealant,30142,3.99,,Default Title,https://ihlcanada.com/products/selsil-290ml-octoflex-general-purpose-sealant,2026-05-09T11:40:12.663145
IHL Canada,Adhesives,Selsil OctoFLEX 290 ml White General Purpose Sealant,30110,5.99,,Default Title,https://ihlcanada.com/products/copy-of-selsil-290ml-grey-octoflex-general-purpose-sealant,2026-05-09T11:40:12.663148
IHL Canada,Adhesives,Selsil 600 ml Grey Masonry and Metal Expanding Joints Polyurethane Adhesive Sealant Sausage,30385,9.99,,Default Title,https://ihlcanada.com/products/selsil-masonry-metal-expanding-joint-adhesive-sealant-sausage,2026-05-09T11:40:12.663151
IHL Canada,Adhesives,Selsil 600 ml Black Masonry and Metal Expanding Joints Polyurethane Adhesive Sealant Sausage,30389,9.99,,Default Title,https://ihlcanada.com/products/copy-of-selsil-600-ml-grey-masonry-and-metal-expanding-joints-polyurethane-adhesive-sealant-sausage,2026-05-09T11:40:12.663153
IHL Canada,Adhesives,Selsil Ninja Large MDF Rapid Adhesive Super Glue,28124,9.99,,Default Title,https://ihlcanada.com/products/selsil-ninja-mdf-super-glue,2026-05-09T11:40:12.663156
IHL Canada,Adhesives,"Selsil 280mL General Purpose 100% Silicone, Black",30106,5.75,,Default Title,https://ihlcanada.com/products/selsil-280ml-general-purpose-silicone-sealant,2026-05-09T11:40:12.663159
IHL Canada,Adhesives,Selsil Octomax 290 mL Brown Multi-Purpose Adhesive Sealant,28689,5.99,,Default Title,https://ihlcanada.com/products/copy-of-selsil-290ml-sandalwood-octomax-multi-purpose-adhesive-sealant-1,2026-05-09T11:40:12.663161
IHL Canada,Adhesives,Selsil 600 ml Bronze Masonry and Metal Expanding Joints Polyurethane Adhesive Sealant Sausage,35281,9.99,,Default Title,https://ihlcanada.com/products/selsil-pu-sealant-40-shore-sausage-bronze-600ml,2026-05-09T11:40:12.663164
IHL Canada,Adhesives,Selsil 600 ml Sandalwood Masonry and Metal Expanding Joints Polyurethane Adhesive Sealant Sausage,30697,9.99,,Default Title,https://ihlcanada.com/products/copy-of-selsil-600-ml-grey-masonry-and-metal-expanding-joints-polyurethane-adhesive-sealant-sausage-1,2026-05-09T11:40:12.663167
IHL Canada,Adhesives,Selsil 600 ml White Masonry and Metal Expanding Joints Polyurethane Adhesive Sealant Sausage,30104,9.99,,Default Title,https://ihlcanada.com/products/copy-of-selsil-600-ml-grey-masonry-and-metal-expanding-joints-polyurethane-adhesive-sealant-sausage-3,2026-05-09T11:40:12.663169
IHL Canada,Adhesives,Selsil 600 ml Limestone Masonry and Metal Expanding Joints Polyurethane Adhesive Sealant Sausage,30105,9.99,,Default Title,https://ihlcanada.com/products/copy-of-selsil-600-ml-grey-masonry-and-metal-expanding-joints-polyurethane-adhesive-sealant-sausage-2,2026-05-09T11:40:12.663172
IHL Canada,Adhesives,Selsil PAK 500g Miracle Multi Purpose Cleaning Paste,34640,6.99,,Default Title,https://ihlcanada.com/products/selsil-pak-miracle-multi-purpose-cleaning-paste-500g,2026-05-09T11:40:12.663175
IHL Canada,Adhesives,Selsil Multi-Purpose Spray Adhesive Glue 600 ml / 20 oz,35432,14.99,,Default Title,https://ihlcanada.com/products/selsil-mp-spray,2026-05-09T11:40:12.663178
IHL Canada,Adhesives,Selsil Pro Multi-Purpose Lubricant Spray 400ml,28125,5.99,,Default Title,https://ihlcanada.com/products/selsil-400ml-multi-usage-penetrating-oil-spray,2026-05-09T11:40:12.663180
IHL Canada,Adhesives,Selsil D3 5 kg Carpenters Super Wood Glue,28147,25.95,,Default Title,https://ihlcanada.com/products/selsil-d3-carpenters-super-wood-glue,2026-05-09T11:40:12.663183
IHL Canada,Adhesives,Selsil D3 500g Carpenters Super Wood Glue,28146,4.95,,Default Title,https://ihlcanada.com/products/selsil-d3-500g-carpenters-super-wood-glue,2026-05-09T11:40:12.663186
IHL Canada,Adhesives,Selsil D3 20 kg Carpenters Super Wood Glue,28148,79.95,,Default Title,https://ihlcanada.com/products/selsil-d3-20kg-carpenters-super-wood-glue,2026-05-09T11:40:12.663188
IHL Canada,Adhesives,Selsil PAK 16 oz. Miracle Multi-Purpose Spray Cleaner,35292,5.99,,Default Title,https://ihlcanada.com/products/selsil-pak-mult-purpose-cleaner-spray-16oz,2026-05-09T11:40:12.663191
IHL Canada,Safety,DuraDrive HI-VIS Safety Hoodie,35837,29.99,,Black,https://ihlcanada.com/products/duradrive-hi-vis-pullover-safety-hoodie,2026-05-09T11:40:14.505949
IHL Canada,Safety,DuraDrive HI-VIS Safety Hoodie,35837,29.99,,Black,https://ihlcanada.com/products/duradrive-hi-vis-pullover-safety-hoodie,2026-05-09T11:40:14.505962
IHL Canada,Safety,DuraDrive HI-VIS Safety Hoodie,35837,29.99,,Black,https://ihlcanada.com/products/duradrive-hi-vis-pullover-safety-hoodie,2026-05-09T11:40:14.505965
IHL Canada,Safety,DuraDrive HI-VIS Safety Hoodie,35837,29.99,,Black,https://ihlcanada.com/products/duradrive-hi-vis-pullover-safety-hoodie,2026-05-09T11:40:14.505968
IHL Canada,Safety,DuraDrive HI-VIS Safety Hoodie,35837,29.99,,Black,https://ihlcanada.com/products/duradrive-hi-vis-pullover-safety-hoodie,2026-05-09T11:40:14.505971
IHL Canada,Safety,DuraDrive HI-VIS Safety Hoodie,35837,29.99,,Black,https://ihlcanada.com/products/duradrive-hi-vis-pullover-safety-hoodie,2026-05-09T11:40:14.505973
IHL Canada,Safety,DuraDrive HI-VIS Safety Hoodie,35837,29.99,,Orange,https://ihlcanada.com/products/duradrive-hi-vis-pullover-safety-hoodie,2026-05-09T11:40:14.505975
IHL Canada,Safety,DuraDrive HI-VIS Safety Hoodie,35837,29.99,,Orange,https://ihlcanada.com/products/duradrive-hi-vis-pullover-safety-hoodie,2026-05-09T11:40:14.505978
IHL Canada,Safety,DuraDrive HI-VIS Safety Hoodie,35837,29.99,,Orange,https://ihlcanada.com/products/duradrive-hi-vis-pullover-safety-hoodie,2026-05-09T11:40:14.505980
IHL Canada,Safety,DuraDrive HI-VIS Safety Hoodie,35837,29.99,,Orange,https://ihlcanada.com/products/duradrive-hi-vis-pullover-safety-hoodie,2026-05-09T11:40:14.505983
IHL Canada,Safety,DuraDrive HI-VIS Safety Hoodie,35837,29.99,,Orange,https://ihlcanada.com/products/duradrive-hi-vis-pullover-safety-hoodie,2026-05-09T11:40:14.505985
IHL Canada,Safety,DuraDrive HI-VIS Safety Hoodie,35837,29.99,,Orange,https://ihlcanada.com/products/duradrive-hi-vis-pullover-safety-hoodie,2026-05-09T11:40:14.505987
IHL Canada,Safety,DuraDrive Hi-Vis Ripstop Insulated Winter Jacket - Water Resistant,35537,69.95,,Orange,https://ihlcanada.com/products/duradrive-hi-vis-ripstop-parka,2026-05-09T11:40:14.505990
IHL Canada,Safety,DuraDrive Hi-Vis Ripstop Insulated Winter Jacket - Water Resistant,35537,69.95,,Orange,https://ihlcanada.com/products/duradrive-hi-vis-ripstop-parka,2026-05-09T11:40:14.505992
IHL Canada,Safety,DuraDrive Hi-Vis Ripstop Insulated Winter Jacket - Water Resistant,35537,69.95,,Orange,https://ihlcanada.com/products/duradrive-hi-vis-ripstop-parka,2026-05-09T11:40:14.505995
IHL Canada,Safety,DuraDrive Hi-Vis Ripstop Insulated Winter Jacket - Water Resistant,35537,69.95,,Orange,https://ihlcanada.com/products/duradrive-hi-vis-ripstop-parka,2026-05-09T11:40:14.505997
IHL Canada,Safety,DuraDrive Hi-Vis Ripstop Insulated Winter Jacket - Water Resistant,35537,69.95,,Orange,https://ihlcanada.com/products/duradrive-hi-vis-ripstop-parka,2026-05-09T11:40:14.505999
IHL Canada,Safety,DuraDrive Hi-Vis Ripstop Insulated Winter Jacket - Water Resistant,35537,69.95,,Orange,https://ihlcanada.com/products/duradrive-hi-vis-ripstop-parka,2026-05-09T11:40:14.506002
IHL Canada,Safety,DuraDrive Hi-Vis Ripstop Insulated Winter Jacket - Water Resistant,35537,69.95,,Yellow,https://ihlcanada.com/products/duradrive-hi-vis-ripstop-parka,2026-05-09T11:40:14.506004
IHL Canada,Safety,DuraDrive Hi-Vis Ripstop Insulated Winter Jacket - Water Resistant,35537,69.95,,Yellow,https://ihlcanada.com/products/duradrive-hi-vis-ripstop-parka,2026-05-09T11:40:14.506007
IHL Canada,Safety,DuraDrive Hi-Vis Ripstop Insulated Winter Jacket - Water Resistant,35537,69.95,,Yellow,https://ihlcanada.com/products/duradrive-hi-vis-ripstop-parka,2026-05-09T11:40:14.506009
IHL Canada,Safety,DuraDrive Hi-Vis Ripstop Insulated Winter Jacket - Water Resistant,35537,69.95,,Yellow,https://ihlcanada.com/products/duradrive-hi-vis-ripstop-parka,2026-05-09T11:40:14.506011
IHL Canada,Safety,DuraDrive Hi-Vis Ripstop Insulated Winter Jacket - Water Resistant,35537,69.95,,Yellow,https://ihlcanada.com/products/duradrive-hi-vis-ripstop-parka,2026-05-09T11:40:14.506013
IHL Canada,Safety,DuraDrive Hi-Vis Ripstop Insulated Winter Jacket - Water Resistant,35537,69.95,,Yellow,https://ihlcanada.com/products/duradrive-hi-vis-ripstop-parka,2026-05-09T11:40:14.506015
IHL Canada,Safety,DuraDrive Hi-Vis Ripstop Insulated Winter Jacket - Water Resistant,35537,69.95,,Black,https://ihlcanada.com/products/duradrive-hi-vis-ripstop-parka,2026-05-09T11:40:14.506018
IHL Canada,Safety,DuraDrive Hi-Vis Ripstop Insulated Winter Jacket - Water Resistant,35537,69.95,,Black,https://ihlcanada.com/products/duradrive-hi-vis-ripstop-parka,2026-05-09T11:40:14.506020
IHL Canada,Safety,DuraDrive Hi-Vis Ripstop Insulated Winter Jacket - Water Resistant,35537,69.95,,Black,https://ihlcanada.com/products/duradrive-hi-vis-ripstop-parka,2026-05-09T11:40:14.506022
IHL Canada,Safety,DuraDrive Hi-Vis Ripstop Insulated Winter Jacket - Water Resistant,35537,69.95,,Black,https://ihlcanada.com/products/duradrive-hi-vis-ripstop-parka,2026-05-09T11:40:14.506024
IHL Canada,Safety,DuraDrive Hi-Vis Ripstop Insulated Winter Jacket - Water Resistant,35537,69.95,,Black,https://ihlcanada.com/products/duradrive-hi-vis-ripstop-parka,2026-05-09T11:40:14.506027
IHL Canada,Safety,DuraDrive Hi-Vis Ripstop Insulated Winter Jacket - Water Resistant,35537,69.95,,Black,https://ihlcanada.com/products/duradrive-hi-vis-ripstop-parka,2026-05-09T11:40:14.506029
IHL Canada,Safety,DuraDrive N95 NIOSH-Approved Industrial Disposable Dust Masks with Exhalation Valve (10-Pack),26869,12.95,,Default Title,https://ihlcanada.com/products/duradrive-niosh-approved-tc-84a-5409-n95-industrial-disposable-vented-respirator-with-exhalation-valve-10-pack,2026-05-09T11:40:14.506031
IHL Canada,Safety,DuraDrive Hi-Vis Navy Short Sleeve Cooling Safety T-Shirt,29033,11.99,,XS,https://ihlcanada.com/products/duradrive-hi-vis-navy-short-sleeve-cooling-safety-t-shirt,2026-05-09T11:40:14.506034
IHL Canada,Safety,DuraDrive Hi-Vis Navy Short Sleeve Cooling Safety T-Shirt,29033,11.99,,S,https://ihlcanada.com/products/duradrive-hi-vis-navy-short-sleeve-cooling-safety-t-shirt,2026-05-09T11:40:14.506036
IHL Canada,Safety,DuraDrive Hi-Vis Navy Short Sleeve Cooling Safety T-Shirt,29033,11.99,,M,https://ihlcanada.com/products/duradrive-hi-vis-navy-short-sleeve-cooling-safety-t-shirt,2026-05-09T11:40:14.506038
IHL Canada,Safety,DuraDrive Hi-Vis Navy Short Sleeve Cooling Safety T-Shirt,29033,11.99,,L,https://ihlcanada.com/products/duradrive-hi-vis-navy-short-sleeve-cooling-safety-t-shirt,2026-05-09T11:40:14.506041
IHL Canada,Safety,DuraDrive Hi-Vis Navy Short Sleeve Cooling Safety T-Shirt,29033,11.99,,XL,https://ihlcanada.com/products/duradrive-hi-vis-navy-short-sleeve-cooling-safety-t-shirt,2026-05-09T11:40:14.506043
IHL Canada,Safety,DuraDrive Hi-Vis Navy Short Sleeve Cooling Safety T-Shirt,29033,11.99,,2XL,https://ihlcanada.com/products/duradrive-hi-vis-navy-short-sleeve-cooling-safety-t-shirt,2026-05-09T11:40:14.506045
IHL Canada,Safety,DuraDrive Hi-Vis Navy Short Sleeve Cooling Safety T-Shirt,29033,11.99,,3XL,https://ihlcanada.com/products/duradrive-hi-vis-navy-short-sleeve-cooling-safety-t-shirt,2026-05-09T11:40:14.506047
IHL Canada,Safety,DuraDrive CSA Type 1 Class E Hard Hat,26687,11.99,,White,https://ihlcanada.com/products/duradrive-csa-type-1-class-e-hard-hat,2026-05-09T11:40:14.506050
IHL Canada,Safety,DuraDrive CSA Type 1 Class E Hard Hat,26687,11.99,,Red,https://ihlcanada.com/products/duradrive-csa-type-1-class-e-hard-hat,2026-05-09T11:40:14.506052
IHL Canada,Safety,DuraDrive CSA Type 1 Class E Hard Hat,26687,11.99,,Black,https://ihlcanada.com/products/duradrive-csa-type-1-class-e-hard-hat,2026-05-09T11:40:14.506054
IHL Canada,Safety,DuraDrive CSA Type 1 Class E Hard Hat,26687,11.99,,grey,https://ihlcanada.com/products/duradrive-csa-type-1-class-e-hard-hat,2026-05-09T11:40:14.506056
IHL Canada,Safety,DuraDrive CSA Type 1 Class E Hard Hat,26687,11.99,,Navy,https://ihlcanada.com/products/duradrive-csa-type-1-class-e-hard-hat,2026-05-09T11:40:14.506059
IHL Canada,Safety,DuraDrive CSA Type 1 Class E Hard Hat,26687,11.99,,orange,https://ihlcanada.com/products/duradrive-csa-type-1-class-e-hard-hat,2026-05-09T11:40:14.506061
IHL Canada,Safety,DuraDrive CSA Type 1 Class E Hard Hat,26687,11.99,,Sky Blue,https://ihlcanada.com/products/duradrive-csa-type-1-class-e-hard-hat,2026-05-09T11:40:14.506063
IHL Canada,Safety,DuraDrive CSA Type 1 Class E Hard Hat,26687,11.99,,yellow,https://ihlcanada.com/products/duradrive-csa-type-1-class-e-hard-hat,2026-05-09T11:40:14.506065
IHL Canada,Safety,DuraDrive N95 NIOSH-Approved Industrial Disposable Non-Vented Dust Mask (20-Pack),26868,11.95,,Default Title,https://ihlcanada.com/products/duradrive-niosh-approved-tc-84a-5408-n95-industrial-disposable-non-vented-respirator-20-pack,2026-05-09T11:40:14.506068
IHL Canada,Safety,DuraDrive Clear Lens Frameless Sport Shaped Safety Glasses,27562,1.99,,Default Title,https://ihlcanada.com/products/duradrive-frameless-sport-shaped-safety-glasses,2026-05-09T11:40:14.506070
IHL Canada,Safety,DuraDrive Men's 4 in. Hi-Vis Reflective Stripes Hooded Jacket,23275,32.99,,Black,https://ihlcanada.com/products/duradrive-mens-4-in-hi-vis-reflective-stripes-hooded-jacket,2026-05-09T11:40:14.506072
IHL Canada,Safety,DuraDrive Men's 4 in. Hi-Vis Reflective Stripes Hooded Jacket,23275,32.99,,Black,https://ihlcanada.com/products/duradrive-mens-4-in-hi-vis-reflective-stripes-hooded-jacket,2026-05-09T11:40:14.506075
IHL Canada,Safety,DuraDrive Men's 4 in. Hi-Vis Reflective Stripes Hooded Jacket,23275,32.99,,Black,https://ihlcanada.com/products/duradrive-mens-4-in-hi-vis-reflective-stripes-hooded-jacket,2026-05-09T11:40:14.506077
IHL Canada,Safety,DuraDrive Men's 4 in. Hi-Vis Reflective Stripes Hooded Jacket,23275,32.99,,Black,https://ihlcanada.com/products/duradrive-mens-4-in-hi-vis-reflective-stripes-hooded-jacket,2026-05-09T11:40:14.506079
IHL Canada,Safety,DuraDrive Men's 4 in. Hi-Vis Reflective Stripes Hooded Jacket,23275,32.99,,Black,https://ihlcanada.com/products/duradrive-mens-4-in-hi-vis-reflective-stripes-hooded-jacket,2026-05-09T11:40:14.506081
IHL Canada,Safety,DuraDrive Men's 4 in. Hi-Vis Reflective Stripes Hooded Jacket,23275,32.99,,Black,https://ihlcanada.com/products/duradrive-mens-4-in-hi-vis-reflective-stripes-hooded-jacket,2026-05-09T11:40:14.506083
IHL Canada,Safety,DuraDrive Men's 4 in. Hi-Vis Reflective Stripes Hooded Jacket,23275,32.99,,Black,https://ihlcanada.com/products/duradrive-mens-4-in-hi-vis-reflective-stripes-hooded-jacket,2026-05-09T11:40:14.506086
IHL Canada,Safety,DuraDrive Men's 4 in. Hi-Vis Reflective Stripes Hooded Jacket,23275,32.99,,Navy,https://ihlcanada.com/products/duradrive-mens-4-in-hi-vis-reflective-stripes-hooded-jacket,2026-05-09T11:40:14.506088
IHL Canada,Safety,DuraDrive Men's 4 in. Hi-Vis Reflective Stripes Hooded Jacket,23275,32.99,,Navy,https://ihlcanada.com/products/duradrive-mens-4-in-hi-vis-reflective-stripes-hooded-jacket,2026-05-09T11:40:14.506090
IHL Canada,Safety,DuraDrive Men's 4 in. Hi-Vis Reflective Stripes Hooded Jacket,23275,32.99,,Navy,https://ihlcanada.com/products/duradrive-mens-4-in-hi-vis-reflective-stripes-hooded-jacket,2026-05-09T11:40:14.506092
IHL Canada,Safety,DuraDrive Men's 4 in. Hi-Vis Reflective Stripes Hooded Jacket,23275,32.99,,Navy,https://ihlcanada.com/products/duradrive-mens-4-in-hi-vis-reflective-stripes-hooded-jacket,2026-05-09T11:40:14.506094
IHL Canada,Safety,DuraDrive Men's 4 in. Hi-Vis Reflective Stripes Hooded Jacket,23275,32.99,,Navy,https://ihlcanada.com/products/duradrive-mens-4-in-hi-vis-reflective-stripes-hooded-jacket,2026-05-09T11:40:14.506097
IHL Canada,Safety,DuraDrive Men's 4 in. Hi-Vis Reflective Stripes Hooded Jacket,23275,32.99,,Navy,https://ihlcanada.com/products/duradrive-mens-4-in-hi-vis-reflective-stripes-hooded-jacket,2026-05-09T11:40:14.506102
IHL Canada,Safety,DuraDrive Men's 4 in. Hi-Vis Reflective Stripes Hooded Jacket,23275,32.99,,Orange,https://ihlcanada.com/products/duradrive-mens-4-in-hi-vis-reflective-stripes-hooded-jacket,2026-05-09T11:40:14.506104
IHL Canada,Safety,DuraDrive Men's 4 in. Hi-Vis Reflective Stripes Hooded Jacket,23275,32.99,,Orange,https://ihlcanada.com/products/duradrive-mens-4-in-hi-vis-reflective-stripes-hooded-jacket,2026-05-09T11:40:14.506107
IHL Canada,Safety,DuraDrive Men's 4 in. Hi-Vis Reflective Stripes Hooded Jacket,23275,32.99,,Orange,https://ihlcanada.com/products/duradrive-mens-4-in-hi-vis-reflective-stripes-hooded-jacket,2026-05-09T11:40:14.506109
IHL Canada,Safety,DuraDrive Men's 4 in. Hi-Vis Reflective Stripes Hooded Jacket,23275,32.99,,Orange,https://ihlcanada.com/products/duradrive-mens-4-in-hi-vis-reflective-stripes-hooded-jacket,2026-05-09T11:40:14.506111
IHL Canada,Safety,DuraDrive Men's 4 in. Hi-Vis Reflective Stripes Hooded Jacket,23275,32.99,,Orange,https://ihlcanada.com/products/duradrive-mens-4-in-hi-vis-reflective-stripes-hooded-jacket,2026-05-09T11:40:14.506113
IHL Canada,Safety,DuraDrive Men's 4 in. Hi-Vis Reflective Stripes Hooded Jacket,23275,32.99,,Orange,https://ihlcanada.com/products/duradrive-mens-4-in-hi-vis-reflective-stripes-hooded-jacket,2026-05-09T11:40:14.506116
IHL Canada,Safety,DuraDrive Men's 4 in. Hi-Vis Reflective Stripes Hooded Jacket,23275,32.99,,Orange,https://ihlcanada.com/products/duradrive-mens-4-in-hi-vis-reflective-stripes-hooded-jacket,2026-05-09T11:40:14.506118
IHL Canada,Safety,DuraDrive Orange Disposable Uncorded Foam Earplug with 32 dB NRR (200-Pair),22876,18.99,,Default Title,https://ihlcanada.com/products/duradrive-orange-disposable-uncorded-foam-earplug-with-32-db-nrr-200-pair,2026-05-09T11:40:14.506120
IHL Canada,Safety,Ontario WSIB Regulation #A Deluxe First Aid Kit,12559,16.95,,Default Title,https://ihlcanada.com/products/ihl-ontario-wsib-deluxe-first-aid-kit,2026-05-09T11:40:14.506123
IHL Canada,Safety,"Dynamic HP542R Mont-Blanc Hard Hat, Type 2, Class E",13242,36.99,,Yellow,https://ihlcanada.com/products/dynamic-hp241r-mont-blanc-series-foam-lined-cap-style-hard-hat-with-ratchet-asni-z89-type-2-class-e-csa-z94-type-2-class-e,2026-05-09T11:40:14.506125
IHL Canada,Safety,"Dynamic HP542R Mont-Blanc Hard Hat, Type 2, Class E",13242,36.99,,White,https://ihlcanada.com/products/dynamic-hp241r-mont-blanc-series-foam-lined-cap-style-hard-hat-with-ratchet-asni-z89-type-2-class-e-csa-z94-type-2-class-e,2026-05-09T11:40:14.506127
IHL Canada,Safety,"Dynamic HP542R Mont-Blanc Hard Hat, Type 2, Class E",13242,36.99,,Green,https://ihlcanada.com/products/dynamic-hp241r-mont-blanc-series-foam-lined-cap-style-hard-hat-with-ratchet-asni-z89-type-2-class-e-csa-z94-type-2-class-e,2026-05-09T11:40:14.506130
IHL Canada,Safety,"Dynamic HP542R Mont-Blanc Hard Hat, Type 2, Class E",13242,36.99,,LightBlue,https://ihlcanada.com/products/dynamic-hp241r-mont-blanc-series-foam-lined-cap-style-hard-hat-with-ratchet-asni-z89-type-2-class-e-csa-z94-type-2-class-e,2026-05-09T11:40:14.506132
IHL Canada,Safety,"Dynamic HP542R Mont-Blanc Hard Hat, Type 2, Class E",13242,36.99,,Navy,https://ihlcanada.com/products/dynamic-hp241r-mont-blanc-series-foam-lined-cap-style-hard-hat-with-ratchet-asni-z89-type-2-class-e-csa-z94-type-2-class-e,2026-05-09T11:40:14.506134
IHL Canada,Safety,"Dynamic HP542R Mont-Blanc Hard Hat, Type 2, Class E",13242,36.99,,Orange,https://ihlcanada.com/products/dynamic-hp241r-mont-blanc-series-foam-lined-cap-style-hard-hat-with-ratchet-asni-z89-type-2-class-e-csa-z94-type-2-class-e,2026-05-09T11:40:14.506136
IHL Canada,Safety,"Dynamic HP542R Mont-Blanc Hard Hat, Type 2, Class E",13242,36.99,,Red,https://ihlcanada.com/products/dynamic-hp241r-mont-blanc-series-foam-lined-cap-style-hard-hat-with-ratchet-asni-z89-type-2-class-e-csa-z94-type-2-class-e,2026-05-09T11:40:14.506138
IHL Canada,Safety,"Dynamic HP542R Mont-Blanc Hard Hat, Type 2, Class E",13242,36.99,,RoyalBlue,https://ihlcanada.com/products/dynamic-hp241r-mont-blanc-series-foam-lined-cap-style-hard-hat-with-ratchet-asni-z89-type-2-class-e-csa-z94-type-2-class-e,2026-05-09T11:40:14.506141
IHL Canada,Safety,"Dynamic HP542R Mont-Blanc Hard Hat, Type 2, Class E",13242,36.99,,SkyBlue,https://ihlcanada.com/products/dynamic-hp241r-mont-blanc-series-foam-lined-cap-style-hard-hat-with-ratchet-asni-z89-type-2-class-e-csa-z94-type-2-class-e,2026-05-09T11:40:14.506143
IHL Canada,Safety,DuraDrive Men's Hi-Vis Class 2 Level 2 Tear-Away Safety Vest with Pockets,19943,13.95,,Orange,https://ihlcanada.com/products/duradrive-mens-hi-vis-class-2-level-2-tear-away-safety-vest-with-pockets,2026-05-09T11:40:14.506145
IHL Canada,Safety,DuraDrive Men's Hi-Vis Class 2 Level 2 Tear-Away Safety Vest with Pockets,19943,13.95,,Orange,https://ihlcanada.com/products/duradrive-mens-hi-vis-class-2-level-2-tear-away-safety-vest-with-pockets,2026-05-09T11:40:14.506148
IHL Canada,Safety,DuraDrive Men's Hi-Vis Class 2 Level 2 Tear-Away Safety Vest with Pockets,19943,13.95,,Orange,https://ihlcanada.com/products/duradrive-mens-hi-vis-class-2-level-2-tear-away-safety-vest-with-pockets,2026-05-09T11:40:14.506150
IHL Canada,Safety,DuraDrive Men's Hi-Vis Class 2 Level 2 Tear-Away Safety Vest with Pockets,19943,13.95,,Yellow,https://ihlcanada.com/products/duradrive-mens-hi-vis-class-2-level-2-tear-away-safety-vest-with-pockets,2026-05-09T11:40:14.506152
IHL Canada,Safety,DuraDrive Men's Hi-Vis Class 2 Level 2 Tear-Away Safety Vest with Pockets,19943,13.95,,Yellow,https://ihlcanada.com/products/duradrive-mens-hi-vis-class-2-level-2-tear-away-safety-vest-with-pockets,2026-05-09T11:40:14.506155
IHL Canada,Safety,DuraDrive Men's Hi-Vis Class 2 Level 2 Tear-Away Safety Vest with Pockets,19943,13.95,,Yellow,https://ihlcanada.com/products/duradrive-mens-hi-vis-class-2-level-2-tear-away-safety-vest-with-pockets,2026-05-09T11:40:14.506157
IHL Canada,Safety,DuraDrive Clear Lens Economy Frameless Safety Glasses,27565,1.49,,Default Title,https://ihlcanada.com/products/duradrive-economy-frameless-safety-glasses,2026-05-09T11:40:14.506159
IHL Canada,Safety,DuraDrive Orange Disposable Corded Foam Earplug with 32 dB NRR (100-Pair),28213,18.99,,Default Title,https://ihlcanada.com/products/duradrive-orange-disposable-corded-foam-earplug-with-32-db-nrr-100-pair,2026-05-09T11:40:14.506162
IHL Canada,Safety,DuraDrive A07-28C Clear Lens Anti-Scratch Anti-Fog Safety Glasses with Removable Foam Gasket,29076,5.79,,Default Title,https://ihlcanada.com/products/duradrive-safety-glass-with-removable-foam-gasket,2026-05-09T11:40:14.506164
IHL Canada,Safety,GVS Elipse SPR321 P100 Dust Filter (2-Pack),23708,19.99,,Default Title,https://ihlcanada.com/products/gvs-elipse-spr321-p100-elipse-replacement-filter-2-pack,2026-05-09T11:40:14.506166
IHL Canada,Safety,DURADRIVE 100% COTTON HI-VIS L/S T-SHIRT - ORANGE,32099,24.95,,Orange,https://ihlcanada.com/products/duradrive-hi-vis-t-shirt,2026-05-09T11:40:14.506169
IHL Canada,Safety,DURADRIVE 100% COTTON HI-VIS L/S T-SHIRT - ORANGE,32099,24.95,,Orange,https://ihlcanada.com/products/duradrive-hi-vis-t-shirt,2026-05-09T11:40:14.506171
IHL Canada,Safety,DURADRIVE 100% COTTON HI-VIS L/S T-SHIRT - ORANGE,32099,24.95,,Orange,https://ihlcanada.com/products/duradrive-hi-vis-t-shirt,2026-05-09T11:40:14.506173
IHL Canada,Safety,DURADRIVE 100% COTTON HI-VIS L/S T-SHIRT - ORANGE,32099,24.95,,Orange,https://ihlcanada.com/products/duradrive-hi-vis-t-shirt,2026-05-09T11:40:14.506176
IHL Canada,Safety,DURADRIVE 100% COTTON HI-VIS L/S T-SHIRT - ORANGE,32099,24.95,,Orange,https://ihlcanada.com/products/duradrive-hi-vis-t-shirt,2026-05-09T11:40:14.506178
IHL Canada,Safety,DURADRIVE 100% COTTON HI-VIS L/S T-SHIRT - ORANGE,32099,24.95,,Orange,https://ihlcanada.com/products/duradrive-hi-vis-t-shirt,2026-05-09T11:40:14.506180
IHL Canada,Safety,DURADRIVE 100% COTTON HI-VIS L/S T-SHIRT - ORANGE,32099,24.95,,Orange,https://ihlcanada.com/products/duradrive-hi-vis-t-shirt,2026-05-09T11:40:14.506182
IHL Canada,Safety,DuraDrive Clear Anti-Fog Adjustable Safety Glasses,31025,5.99,,Default Title,https://ihlcanada.com/products/duradrive-a07-62-adjustable-temple-safety-glasses-clear-lens-w-anti-fog,2026-05-09T11:40:14.506185
IHL Canada,Safety,DuraDrive Clear Lens Anti-Scratch Anti-Fog Wrap Around Safety Glasses,29109,2.79,,Default Title,https://ihlcanada.com/products/duradrive-a07-29c-wrap-around-safety-glasses,2026-05-09T11:40:14.506187
IHL Canada,Safety,DuraDrive Clear Anti-Scratch Nemesis Safety Glasses,29073,3.79,,Default Title,https://ihlcanada.com/products/duradrive-anti-scratch-nemsis-safety-glasses,2026-05-09T11:40:14.506189
IHL Canada,Safety,DuraDrive Smoke Anti-Scratch Nemesis Safety Glasses,29119,3.79,,Default Title,https://ihlcanada.com/products/duradrive-cs-013s-nemsis-safety-glasses-smoke-lens-anti-scratch-with-strap,2026-05-09T11:40:14.506192
IHL Canada,Safety,GVS Elipse SPR457 Half Mask Respirator with P100 Filters M/L,23707,49.99,,Default Title,https://ihlcanada.com/products/gvs-elipse-spr457-p100-medium-large-half-mask-respirator,2026-05-09T11:40:14.506194
IHL Canada,Safety,DURADRIVE 29035 HI-VIS COOLING CREW NECK SHORT SLEEVE DELUXE T-SHIRT YELLOW,29035,11.99,,S,https://ihlcanada.com/products/duradrive-29035-hi-vis-cooling-crew-neck-short-sleeve-deluxe-t-shirt-yellow,2026-05-09T11:40:14.506197
IHL Canada,Safety,DURADRIVE 29035 HI-VIS COOLING CREW NECK SHORT SLEEVE DELUXE T-SHIRT YELLOW,29035,11.99,,M,https://ihlcanada.com/products/duradrive-29035-hi-vis-cooling-crew-neck-short-sleeve-deluxe-t-shirt-yellow,2026-05-09T11:40:14.506199
IHL Canada,Safety,DURADRIVE 29035 HI-VIS COOLING CREW NECK SHORT SLEEVE DELUXE T-SHIRT YELLOW,29035,11.99,,L,https://ihlcanada.com/products/duradrive-29035-hi-vis-cooling-crew-neck-short-sleeve-deluxe-t-shirt-yellow,2026-05-09T11:40:14.506201
IHL Canada,Safety,DURADRIVE 29035 HI-VIS COOLING CREW NECK SHORT SLEEVE DELUXE T-SHIRT YELLOW,29035,11.99,,XL,https://ihlcanada.com/products/duradrive-29035-hi-vis-cooling-crew-neck-short-sleeve-deluxe-t-shirt-yellow,2026-05-09T11:40:14.506204
IHL Canada,Safety,DURADRIVE 29035 HI-VIS COOLING CREW NECK SHORT SLEEVE DELUXE T-SHIRT YELLOW,29035,11.99,,2XL,https://ihlcanada.com/products/duradrive-29035-hi-vis-cooling-crew-neck-short-sleeve-deluxe-t-shirt-yellow,2026-05-09T11:40:14.506206
IHL Canada,Safety,DURADRIVE 29035 HI-VIS COOLING CREW NECK SHORT SLEEVE DELUXE T-SHIRT YELLOW,29035,11.99,,3XL,https://ihlcanada.com/products/duradrive-29035-hi-vis-cooling-crew-neck-short-sleeve-deluxe-t-shirt-yellow,2026-05-09T11:40:14.506208
IHL Canada,Safety,DuraDrive PM8010 Hi-Vis Orange Soft Foam Adjustable Earmuffs,26685,16.99,,Default Title,https://ihlcanada.com/products/duradrive-pm8010-hi-vis-soft-foam-adjustable-earmuffs,2026-05-09T11:40:14.506210
IHL Canada,Safety,DuraDrive Orange Reusable Corded Triple-Flange Silicone Earplug with 25 dB NRR (200-Pair),28216,44.99,,Default Title,https://ihlcanada.com/products/duradrive-orange-reusable-corded-triple-flange-silicone-earplug-with-25-db-nrr-200-pair,2026-05-09T11:40:14.506213
IHL Canada,Safety,Wasip F4560701 Emergency Eyewash Station with 1-Litre Bottle,12551,19.95,,Default Title,https://ihlcanada.com/products/wasip-f4560701-emergency-eyewash-station-with-1-litre-bottle,2026-05-09T11:40:14.506215
IHL Canada,Safety,DuraDrive Smoked Lens Safety Glasses,27563,1.99,,Default Title,https://ihlcanada.com/products/duradrive-smoked-lens-safety-glasses,2026-05-09T11:40:14.506217
IHL Canada,Safety,Pyramex Proximity H2X Safety Glasses with Anti-Fog Clear Lens,22704,7.99,,Default Title,https://ihlcanada.com/products/pyramex-proximity-h2x-safety-glasses-with-anti-fog-clear-lens,2026-05-09T11:40:14.506220
IHL Canada,Safety,DuraDrive 1428 Clear Lens Anti-Scratch Visitor Safety Glasses,29072,1.99,,Default Title,https://ihlcanada.com/products/duradrive-1428-clear-lens-anti-scratch-visitor-safety-glass,2026-05-09T11:40:14.506224
IHL Canada,Safety,DuraDrive Orange Reusable Corded Triple-Flange Silicone Earplug with 25 dB NRR (100-Pairs),28217,44.99,,Default Title,https://ihlcanada.com/products/duradrive-orange-reusable-corded-triple-flange-silicone-earplug-with-25-db-nrr-100-pair,2026-05-09T11:40:14.506226
IHL Canada,Safety,GVS Elipse SPM001 Half Mask Respirator Blue Carry Case,27377,36.95,,Default Title,https://ihlcanada.com/products/gvs-elipse-spm001-half-mask-respirator-blue-carry-case,2026-05-09T11:40:14.506229
IHL Canada,Safety,Ontario #1 Deluxe First Aid Kit 6-15 11 in x 3.3 in,12557,52.49,,Default Title,https://ihlcanada.com/products/wasip-ontario-1-deluxe-first-aid-kit,2026-05-09T11:40:14.506231
IHL Canada,Safety,Pyramex GG504TSHIELD CAPSTONE SHIELD Clear H2X Anti-Fog Lens Goggles with Impact Protection Face Shield,12797,29.49,,Default Title,https://ihlcanada.com/products/pyramex-gg504tshield-capstone-shield-clear-h2x-anti-fog-lens-goggles-with-impact-protection-face-shield,2026-05-09T11:40:14.506233
IHL Canada,Safety,Peakworks FBH100002A Class A 3-Point Compliance Harness and Lanyard with Snap Hooks Kit,31804,114.99,,Default Title,https://ihlcanada.com/products/peakworks-pip11-6-compliance-fall-protection-harness-and-lanyard-combo-set,2026-05-09T11:40:14.506236
IHL Canada,Safety,DuraDrive Frameless Indoor/Outdoor Safety Glasses Mirror,26676,3.49,,Default Title,https://ihlcanada.com/products/duradrive-indoor-outdoor-mirror-lens-endeavor-plus-frameless-safety-glasses,2026-05-09T11:40:14.506238
IHL Canada,Safety,DuraDrive Anti-Fog Anti-Scratch Smoke Safety Glasses,29110,2.79,,Default Title,https://ihlcanada.com/products/duradrive-a07-29s-wrap-around-safety-glasses-smoke-lens-anti-scratch-anti-fog,2026-05-09T11:40:14.506240
IHL Canada,Safety,DuraDrive Smoked Lens Side Shields Top Guard Safety Glasses,27571,1.99,,Default Title,https://ihlcanada.com/products/duradrive-cs321b-smoked-lens-safety-glasses,2026-05-09T11:40:14.506243
IHL Canada,Safety,Wasip F4570301 1-Litre Emergency Eyewash Bottle (Empty) with Eye Cup,12548,12.5,,Default Title,https://ihlcanada.com/products/wasip-f4570301-1-litre-emergency-eyewash-bottle-with-eye-cup,2026-05-09T11:40:14.506245
IHL Canada,Safety,DuraDrive Clear Lens Side Shields Top Guard Safety Glasses,27570,1.99,,Default Title,https://ihlcanada.com/products/duradrive-side-shields-top-guard-safety-glasses,2026-05-09T11:40:14.506247
IHL Canada,Safety,DuraDrive High Impact Safety Glasses Clear Lens,26671,1.99,,Default Title,https://ihlcanada.com/products/duradrive-neshoba-safety-glasses,2026-05-09T11:40:14.506250
IHL Canada,Safety,DuraDrive A04-01C Clear Lens Anti-Scratch Anti-Fog Safety Goggle,29080,9.99,,Default Title,https://ihlcanada.com/products/duradrive-anti-scratch-anti-fog-safety-goggle,2026-05-09T11:40:14.506252
IHL Canada,Safety,"TRAFFIC CONE 28 Inches PVC ORANGE PYLON W/BASE, 4 Inches HI COLLAR, 7LBS",36298,18.95,,Default Title,https://ihlcanada.com/products/traffic-cone-28-inches-pvc-orange-pylon-w-base-4-inches-hi-collar-7lbs,2026-05-09T11:40:14.506254
IHL Canada,Safety,Wasip F4501189 4-Litre First Aid Eyewash Sterile Solution Jug,12550,49.95,,Default Title,https://ihlcanada.com/products/wasip-f4501189-4-litre-first-aid-eyewash-sterile-solution-jug,2026-05-09T11:40:14.506257
IHL Canada,Safety,Pyramex HP141 SL Series Cap Style Hard Hat with Ratchet ASNI Z89 Type 1 Class E CSA Z94 Type 1 Class E,13214,14.99,,Blue,https://ihlcanada.com/products/pyramex-hp141-sl-series-cap-style-hard-hat-with-ratchet-asni-z89-type-1-class-e-csa-z94-type-1-class-e,2026-05-09T11:40:14.506259
IHL Canada,Safety,Pyramex HP141 SL Series Cap Style Hard Hat with Ratchet ASNI Z89 Type 1 Class E CSA Z94 Type 1 Class E,13214,14.99,,Flu.Orange,https://ihlcanada.com/products/pyramex-hp141-sl-series-cap-style-hard-hat-with-ratchet-asni-z89-type-1-class-e-csa-z94-type-1-class-e,2026-05-09T11:40:14.506262
IHL Canada,Safety,Pyramex HP141 SL Series Cap Style Hard Hat with Ratchet ASNI Z89 Type 1 Class E CSA Z94 Type 1 Class E,13214,14.99,,Green,https://ihlcanada.com/products/pyramex-hp141-sl-series-cap-style-hard-hat-with-ratchet-asni-z89-type-1-class-e-csa-z94-type-1-class-e,2026-05-09T11:40:14.506264
IHL Canada,Safety,Pyramex HP141 SL Series Cap Style Hard Hat with Ratchet ASNI Z89 Type 1 Class E CSA Z94 Type 1 Class E,13214,14.99,,Grey,https://ihlcanada.com/products/pyramex-hp141-sl-series-cap-style-hard-hat-with-ratchet-asni-z89-type-1-class-e-csa-z94-type-1-class-e,2026-05-09T11:40:14.506266
IHL Canada,Safety,Pyramex HP141 SL Series Cap Style Hard Hat with Ratchet ASNI Z89 Type 1 Class E CSA Z94 Type 1 Class E,13214,14.99,,HiVisGreen,https://ihlcanada.com/products/pyramex-hp141-sl-series-cap-style-hard-hat-with-ratchet-asni-z89-type-1-class-e-csa-z94-type-1-class-e,2026-05-09T11:40:14.506268
IHL Canada,Safety,Pyramex HP141 SL Series Cap Style Hard Hat with Ratchet ASNI Z89 Type 1 Class E CSA Z94 Type 1 Class E,13214,14.99,,Orange,https://ihlcanada.com/products/pyramex-hp141-sl-series-cap-style-hard-hat-with-ratchet-asni-z89-type-1-class-e-csa-z94-type-1-class-e,2026-05-09T11:40:14.506270
IHL Canada,Safety,Pyramex HP141 SL Series Cap Style Hard Hat with Ratchet ASNI Z89 Type 1 Class E CSA Z94 Type 1 Class E,13214,14.99,,Pink,https://ihlcanada.com/products/pyramex-hp141-sl-series-cap-style-hard-hat-with-ratchet-asni-z89-type-1-class-e-csa-z94-type-1-class-e,2026-05-09T11:40:14.506273
IHL Canada,Safety,Pyramex HP141 SL Series Cap Style Hard Hat with Ratchet ASNI Z89 Type 1 Class E CSA Z94 Type 1 Class E,13214,14.99,,Red,https://ihlcanada.com/products/pyramex-hp141-sl-series-cap-style-hard-hat-with-ratchet-asni-z89-type-1-class-e-csa-z94-type-1-class-e,2026-05-09T11:40:14.506275
IHL Canada,Safety,Pyramex HP141 SL Series Cap Style Hard Hat with Ratchet ASNI Z89 Type 1 Class E CSA Z94 Type 1 Class E,13214,14.99,,White,https://ihlcanada.com/products/pyramex-hp141-sl-series-cap-style-hard-hat-with-ratchet-asni-z89-type-1-class-e-csa-z94-type-1-class-e,2026-05-09T11:40:14.506277
IHL Canada,Safety,Pyramex HP141 SL Series Cap Style Hard Hat with Ratchet ASNI Z89 Type 1 Class E CSA Z94 Type 1 Class E,13214,14.99,,Yellow,https://ihlcanada.com/products/pyramex-hp141-sl-series-cap-style-hard-hat-with-ratchet-asni-z89-type-1-class-e-csa-z94-type-1-class-e,2026-05-09T11:40:14.506279
IHL Canada,Safety,Ontario #2 Deluxe First Aid Kit 6-15 12.5 in x 4.5 in,12558,95.0,,Default Title,https://ihlcanada.com/products/wasip-ontario-2-deluxe-first-aid-kit,2026-05-09T11:40:14.506282
IHL Canada,Safety,Dynamic SFY701 Kilimanjaro Full Brim Style Hard Hat with Ratchet ASNI Z89 Type 1 Class E CSA Z94 Type 1 Class E,13231,21.99,,Red,https://ihlcanada.com/products/dynamic-sfy701-kilimanjaro-full-brim-style-hard-hat-with-ratchet-asni-z89-type-1-class-e-csa-z94-type-1-class-e,2026-05-09T11:40:14.506284
IHL Canada,Safety,Dynamic SFY701 Kilimanjaro Full Brim Style Hard Hat with Ratchet ASNI Z89 Type 1 Class E CSA Z94 Type 1 Class E,13231,21.99,,White,https://ihlcanada.com/products/dynamic-sfy701-kilimanjaro-full-brim-style-hard-hat-with-ratchet-asni-z89-type-1-class-e-csa-z94-type-1-class-e,2026-05-09T11:40:14.506286
IHL Canada,Safety,Dynamic SFY701 Kilimanjaro Full Brim Style Hard Hat with Ratchet ASNI Z89 Type 1 Class E CSA Z94 Type 1 Class E,13231,21.99,,Yellow,https://ihlcanada.com/products/dynamic-sfy701-kilimanjaro-full-brim-style-hard-hat-with-ratchet-asni-z89-type-1-class-e-csa-z94-type-1-class-e,2026-05-09T11:40:14.506288
IHL Canada,Safety,DuraDrive Frameless Indoor/Outdoor Safety Glasses Clear,26674,2.99,,Default Title,https://ihlcanada.com/products/duradrive-endeavor-plus-frameless-safety-glasses,2026-05-09T11:40:14.506291
IHL Canada,Safety,DuraDrive Smoked Frameless CSA Z94.3 Economy Safety Glasses,27566,1.49,,Default Title,https://ihlcanada.com/products/duradrive-economy-smoked-lens-safety-glasses,2026-05-09T11:40:14.506293
IHL Canada,Safety,DuraDrive Anti-Fog Semi-Frame Safety Glasses Smoke,26702,4.59,,Default Title,https://ihlcanada.com/products/duradrive-smoke-anti-fog-lens-everlite-lightweight-safety-glasses,2026-05-09T11:40:14.506295
IHL Canada,Safety,North 7581P100L Respirator Replacement Black and Magenta Organic Combination Gas and Vapor Cartridge,27376,34.95,,Default Title,https://ihlcanada.com/products/north-7581p100l-respirator-replacement-black-and-magenta-organic-combination-gas-and-vapor-cartridges-with-p100-particulate-filter-2-pack,2026-05-09T11:40:14.506298
IHL Canada,Safety,DuraDrive Orange Reusable Uncorded Triple-Flange Silicone Earplug with 25 dB NRR (200-Pair),28215,26.99,,Default Title,https://ihlcanada.com/products/duradrive-orange-reusable-uncorded-triple-flange-silicone-earplug-with-25-db-nrr-200-pair,2026-05-09T11:40:14.506300
IHL Canada,Safety,GVS Elipse SPR451 Half Mask Respirator with P100 Filters S/M,23706,49.99,,Default Title,https://ihlcanada.com/products/gvs-elipse-spr451-p100-half-mask-small-medium-respirator,2026-05-09T11:40:14.506302
IHL Canada,Safety,"Peakworks CP-12010-1 3/4"" Concrete Anchor for Fall Safety",10086,219.99,,Default Title,https://ihlcanada.com/products/peakworks-cp-12010-1-3-4-in-concrete-hole-anchor-for-fall-safety,2026-05-09T11:40:14.506305
IHL Canada,Safety,Peakworks FBH-60110A Class A 5-Point PeakPro Padded Harness w/Trauma Straps,13261,179.99,,Default Title,https://ihlcanada.com/products/peakworks-fbh-60110a-class-a-universal-5-point-back-support-and-lock-buckles-peakpro-full-body-fall-safety-harness,2026-05-09T11:40:14.506307
IHL Canada,Safety,North 550030L 5500 Series Large Dual Cartridge Elastomeric Half Mask Respirator (Respirator Only),18215,21.99,,Default Title,https://ihlcanada.com/products/north-550030l-5500-series-large-dual-cartridge-elastomeric-half-mask-respirator-respirator-only,2026-05-09T11:40:14.506310
IHL Canada,Safety,Flame-Tamer 052047 Plastic Fire Extinguisher Tag 10-Pack,34444,8.9,,Default Title,https://ihlcanada.com/products/flame-tamer-052047-plastic-fire-extinguisher-tag-10-pack,2026-05-09T11:40:14.506312
IHL Canada,Safety,GVS Elipse SPR450 P100 Nuisance Odor Filter (2-Pack),23714,24.49,,Default Title,https://ihlcanada.com/products/gvs-elipse-spr450-p100-replacement-nuisance-odor-filter-2-pack,2026-05-09T11:40:14.506314
IHL Canada,Safety,FALCON FSB5 5 oz. Sonic Blast Air Horn,26418,36.95,,Default Title,https://ihlcanada.com/products/falcon-fsb5-5-oz-sonic-blast-air-horn,2026-05-09T11:40:14.506317
IHL Canada,Safety,Pyramex S9910ST Capture H2X Anti-Fog Clear Lens Safety Glasses,28550,5.99,,Default Title,https://ihlcanada.com/products/pyramex-s9910st-capture-h2x-anti-fog-clear-lens-safety-glasses,2026-05-09T11:40:14.506319
IHL Canada,Safety,"Stop and Slow Paddle Traffic Sign 18""",27487,87.95,,Default Title,https://ihlcanada.com/products/traffix-devices-18018-ss-hipdg-c5-stop-and-slow-paddle-traffic-sign,2026-05-09T11:40:14.506323
IHL Canada,Safety,DuraDrive A07-28S Smoke Lens Anti-Scratch Anti-Fog Safety Glasses with Removable Foam Gasket,29077,5.99,,Default Title,https://ihlcanada.com/products/duradrive-a07-28s-safety-glasses-with-removable-foam-gasket-smoke-lens-anti-scratch-anti-fog,2026-05-09T11:40:14.506325
IHL Canada,Safety,DuraDrive Anti-Fog Semi-Frame Safety Glasses Clear,26677,4.39,,Default Title,https://ihlcanada.com/products/duradrive-anti-fog-everlite-plus-semi-frame-safety-glasses,2026-05-09T11:40:14.506328
IHL Canada,Safety,NORTH 7506N95 PARTICULATE PREFIL,12529,17.95,,Default Title,https://ihlcanada.com/products/north-7506n95-particulate-prefil,2026-05-09T11:40:14.506330
IHL Canada,Safety,Flame-Tamer 10 lb. ABC Fire Extinguisher,12444,89.95,,Default Title,https://ihlcanada.com/products/flame-tamer-10-lb-abc-fire-extinguisher,2026-05-09T11:40:14.506332
IHL Canada,Safety,Trafic Zone COB-TC-45HIP High Intensity Prismatic White 6 in Traffic Cone with HIP Collar,35835,14.95,,Default Title,https://ihlcanada.com/products/traffic-cone-18-inches-pvc-orange-pylon-w-base-6-inches-hi-collar-3lbs,2026-05-09T11:40:14.506335
IHL Canada,Safety,"T-Top Stacker Traffic Cone 42"" w/Hi Band",34794,25.0,,Default Title,https://ihlcanada.com/products/copy-of-traffix-devices-42133-chip-42-in-stackable-white-reflective-grabber-traffic-delineator-cone,2026-05-09T11:40:14.506337
IHL Canada,Safety,DuraDrive High Impact Safety Glasses Smoke Lens,26673,2.19,,Default Title,https://ihlcanada.com/products/duradrive-smoke-lens-neshoba-safety-glasses,2026-05-09T11:40:14.506339
IHL Canada,Safety,DuraDrive Frameless CSA Z94.3 Indoor/Outdoor Economy Safety Glasses,27569,1.99,,Default Title,https://ihlcanada.com/products/duradrive-economy-indoor-outdoor-lens-safety-glasses,2026-05-09T11:40:14.506342
IHL Canada,Safety,DuraDrive Frameless Indoor/Outdoor Safety Glasses Smoke,26675,3.19,,Default Title,https://ihlcanada.com/products/duradrive-smoked-lens-endeavor-wraparound-frameless-safety-glasses,2026-05-09T11:40:14.506344
IHL Canada,Safety,Pyramex Black Frame Safety Glasses with Ice Orange Mirror Lens,22706,8.75,,Default Title,https://ihlcanada.com/products/pyramex-black-frame-safety-glasses-with-ice-orange-mirror-lens,2026-05-09T11:40:14.506346
IHL Canada,Safety,DuraDrive A07-25S Smoke Lens Military Camo Colour Frame Anti-Scratch Nemesis Safety Glasses,29074,9.99,,Default Title,https://ihlcanada.com/products/duradrive-military-camo-color-frame-nemsis-safety-glass,2026-05-09T11:40:14.506348
IHL Canada,Safety,Pyramex Black Frame Safety Glasses with Gray Lens,22707,6.99,,Default Title,https://ihlcanada.com/products/pyramex-black-frame-safety-glasses-with-gray-lens,2026-05-09T11:40:14.506351
IHL Canada,Safety,Pyramex Gray Cap Mounted Earmuffs,22702,21.6,,Default Title,https://ihlcanada.com/products/pyramex-gray-cap-mounted-muff,2026-05-09T11:40:14.506353
IHL Canada,Safety,DuraDrive A04-01G Anti-Fog Anti-Scratch Smoke Polycarbonate Safety Goggle,29082,9.99,,Default Title,https://ihlcanada.com/products/duradrive-a04-01g-safety-goggle-foam-gasket-smoke-lens-anti-scratch-antifog,2026-05-09T11:40:14.506355
IHL Canada,Safety,DuraDrive Anti-Fog Semi-Frame Safety Glasses Mirror,26678,4.69,,Default Title,https://ihlcanada.com/products/duradrive-anti-fog-indoor-outdoor-lens-everlite-plus-semi-frame-safety-glasses,2026-05-09T11:40:14.506357
IHL Canada,Safety,Pyramex VGPME10 Clandestine Electronic Earmuffs,23793,54.99,,Default Title,https://ihlcanada.com/products/pyramex-vgpme10-clandestine-electronic-earmuffs,2026-05-09T11:40:14.506360
IHL Canada,Safety,North 7580P100 Respirator Replacement Magenta P100 Particulate Filter (2-Pack),12519,14.95,,Default Title,https://ihlcanada.com/products/north-7580p100-respirator-replacement-magenta-p100-particulate-filter-2-pack,2026-05-09T11:40:14.506362
IHL Canada,Safety,North 75SCP100 Respirator Replacement Olive and Magenta Multi-Purpose Combination Gas and Vapor Cartridge with P100 Particulate Filter (2-Pack),12521,33.99,,Default Title,https://ihlcanada.com/products/north-75scp100-respirator-replacement-olive-and-magenta-multi-purpose-combination-gas-and-vapor-cartridge-with-p100-particulate-filter-2-pack,2026-05-09T11:40:14.506364
IHL Canada,Safety,Pyramex Goliath Black Frame Safety Glasses with Ice Blue Mirror Lens,12810,9.99,,Default Title,https://ihlcanada.com/products/pyramex-goliath-black-frame-safety-glasses-with-ice-blue-mirror-lens,2026-05-09T11:40:14.506367
IHL Canada,Safety,North 760008A 7600 Series Medium/Large Dual Cartridge Premium Silicone High Impact Protection Full Facepiece Respirator (Respirator Only),14279,289.95,,Default Title,https://ihlcanada.com/products/north-760008a-7600-series-medium-large-dual-cartridge-premium-silicone-high-impact-protection-full-facepiece-respirator-respirator-only,2026-05-09T11:40:14.506369
IHL Canada,Safety,Traffic Rubber Cone Base Only 16lb,34795,21.95,,Default Title,https://ihlcanada.com/products/copy-of-t-top-stacker-traffic-cone-42-w-hi-band,2026-05-09T11:40:14.506371
IHL Canada,Safety,ISO-PYRAMID IMPACT & VIBRATION ISOLATION PAD 25MM THICK 1m x 1m SHEET 10.76 sq.ft,36644,82.95,,Default Title,https://ihlcanada.com/products/iso-pyramid-impact-vibration-isolation-pad-25mm-thick-1m-x-1m-sheet-10-76-sq-ft,2026-05-09T11:40:14.506374
IHL Canada,Safety,Peakworks SA-5402-6 6' E4 Single Shock Absorbing Lanyard with Form and Snap Hooks,31800,109.99,,Default Title,https://ihlcanada.com/products/peakworks-sa-5402-6-6-ft-e4-shock-absorbing-single-leg-fall-safety-lanyard-with-snap-and-form-hooks,2026-05-09T11:40:14.506376
IHL Canada,Safety,DYNAMIC FAEW001 30mL Sterile Isotonic Eyewash Solution,32429,6.45,,Default Title,https://ihlcanada.com/products/dynamic-faew001-30ml-sterile-isotonic-eyewash-solution,2026-05-09T11:40:14.506384
IHL Canada,Safety,DuraDrive Orange Reusable Corded Triple-Flange Silicone Earplug with 25 dB NRR (10-Pairs),34611,7.95,,Default Title,https://ihlcanada.com/products/duradrive-28217-10-silicone-earplug-with-cord-e-box-10-pair-pack,2026-05-09T11:40:14.506386
IHL Canada,Safety,STIHL 7002 200 0054 WoodCutter Safety Kit,22561,129.0,,Default Title,https://ihlcanada.com/products/stihl-7002-200-0054-woodcutter-safety-kit,2026-05-09T11:40:14.506388
IHL Canada,Safety,Dynamic Safety EP1015P/40 Clear Replacement Polyethylene Face Shield Accessory (Shield Only),22234,10.95,,Default Title,https://ihlcanada.com/products/dynamic-safety-ep1015p-40-clear-replacement-polyethylene-face-shield-accessory-shield-only,2026-05-09T11:40:14.506391
IHL Canada,Safety,Pyramex GB10010TM Torser H2MAX Anti-Fog Clear Lens Safety Glasses,28552,12.95,,Default Title,https://ihlcanada.com/products/pyramex-gb10010tm-torser-h2max-anti-fog-clear-lens-safety-glasses,2026-05-09T11:40:14.506393
IHL Canada,Safety,Peakworks SA-6402-6 6' E6 Single Shock Absorbing Lanyard with Form and Snap Hook,27618,125.99,,Default Title,https://ihlcanada.com/products/peakworks-sa-7402-6-6-ft-e6-shock-absorbing-single-leg-fall-safety-lanyard-with-snap-and-form-hooks,2026-05-09T11:40:14.506395
IHL Canada,Safety,Pyramex Proximity H2X Safety Glasses with Anti-Fog Dark Gray Lens,22705,7.99,,Default Title,https://ihlcanada.com/products/pyramex-proximity-h2x-safety-glasses-with-anti-fog-dark-gray-lens,2026-05-09T11:40:14.506398
IHL Canada,Safety,Peakworks CP-03015-1 Twist Lock Carabiner for Fall Protection,13895,25.99,,Default Title,https://ihlcanada.com/products/peakworks-cp-03015-1-carabiner-twist-lock-for-fall-safety,2026-05-09T11:40:14.506400
IHL Canada,Safety,Wasip F5403101 118mL Cool Blaze Aloe Vera Burn Gel,18141,6.79,,Default Title,https://ihlcanada.com/products/wasip-f5403101-118ml-cool-blaze-aloe-vera-burn-gel,2026-05-09T11:40:14.506402
IHL Canada,Safety,Wasip F1504760 7/8 in. x 3 in. First Aid Heavy-Weight Fabric Strip Adhesive Bandages (100-Pack),12539,7.85,,Default Title,https://ihlcanada.com/products/wasip-f1504760-7-8-in-x-3-in-first-aid-heavy-weight-fabric-strip-adhesive-bandages-100-pack,2026-05-09T11:40:14.506405
IHL Canada,Safety,Wasip F6525100 First Aid Red Whistle with Lanyard,17936,2.99,,Default Title,https://ihlcanada.com/products/wasip-f6525100-first-aid-red-whistle-with-lanyard,2026-05-09T11:40:14.506407
IHL Canada,Safety,Wasip F3001125 25g First Aid Cetrimide Anti-Septic and Burn Cream,12547,2.95,,Default Title,https://ihlcanada.com/products/wasip-f3001125-25g-first-aid-cetrimide-anti-septic-and-burn-cream,2026-05-09T11:40:14.506409
IHL Canada,Safety,"Peakworks WB-6020-M Padded Positioning Belt, Medium",10332,95.0,,Default Title,https://ihlcanada.com/products/peakworks-wb-6020-m-medium-padded-fall-safety-lumbar-support-positioning-safety-work-belt,2026-05-09T11:40:14.506412
IHL Canada,Safety,Peakworks VL-1122-100 100' Polysteel Vertical Lifeline W/Double Snap Hooks,14194,199.95,,Default Title,https://ihlcanada.com/products/copy-of-peakworks-vl-1122-30-30-ft-double-snap-hooks-vertical-fall-safety-lifeline-polysteel-rope-1,2026-05-09T11:40:14.506414
IHL Canada,Safety,Wasip F4002200 Rapid Relief Cold 31259 First Aid Instant Cold Ice Pack,11594,2.25,,Default Title,https://ihlcanada.com/products/wasip-f4002200-rapid-relief-cold-31259-first-aid-instant-cold-ice-pack,2026-05-09T11:40:14.506416
IHL Canada,Safety,Pyramex I-Force Dual Pane Safety Glasses with Clear Anti-Fog Lens,12811,28.49,,Default Title,https://ihlcanada.com/products/pyramex-i-force-dual-pane-safety-glasses-with-clear-anti-fog-lens,2026-05-09T11:40:14.506418
IHL Canada,Safety,Dynamic HP241R Whistler Series Cap Style Hard Hat with Ratchet ASNI Z89 Type 1 Class E CSA Z94 Type 1 Class E,13222,15.99,,Black,https://ihlcanada.com/products/dynamic-hp241r-whistler-series-cap-style-hard-hat-with-ratchet-asni-z89-type-1-class-e-csa-z94-type-1-class-e,2026-05-09T11:40:14.506421
IHL Canada,Safety,Dynamic HP241R Whistler Series Cap Style Hard Hat with Ratchet ASNI Z89 Type 1 Class E CSA Z94 Type 1 Class E,13222,15.99,,DarkGreen,https://ihlcanada.com/products/dynamic-hp241r-whistler-series-cap-style-hard-hat-with-ratchet-asni-z89-type-1-class-e-csa-z94-type-1-class-e,2026-05-09T11:40:14.506423
IHL Canada,Safety,Dynamic HP241R Whistler Series Cap Style Hard Hat with Ratchet ASNI Z89 Type 1 Class E CSA Z94 Type 1 Class E,13222,15.99,,Flu.Yellow,https://ihlcanada.com/products/dynamic-hp241r-whistler-series-cap-style-hard-hat-with-ratchet-asni-z89-type-1-class-e-csa-z94-type-1-class-e,2026-05-09T11:40:14.506426
IHL Canada,Safety,Dynamic HP241R Whistler Series Cap Style Hard Hat with Ratchet ASNI Z89 Type 1 Class E CSA Z94 Type 1 Class E,13222,15.99,,Gold,https://ihlcanada.com/products/dynamic-hp241r-whistler-series-cap-style-hard-hat-with-ratchet-asni-z89-type-1-class-e-csa-z94-type-1-class-e,2026-05-09T11:40:14.506430
IHL Canada,Safety,Dynamic HP241R Whistler Series Cap Style Hard Hat with Ratchet ASNI Z89 Type 1 Class E CSA Z94 Type 1 Class E,13222,15.99,,Grey,https://ihlcanada.com/products/dynamic-hp241r-whistler-series-cap-style-hard-hat-with-ratchet-asni-z89-type-1-class-e-csa-z94-type-1-class-e,2026-05-09T11:40:14.506432
IHL Canada,Safety,Dynamic HP241R Whistler Series Cap Style Hard Hat with Ratchet ASNI Z89 Type 1 Class E CSA Z94 Type 1 Class E,13222,15.99,,Navy,https://ihlcanada.com/products/dynamic-hp241r-whistler-series-cap-style-hard-hat-with-ratchet-asni-z89-type-1-class-e-csa-z94-type-1-class-e,2026-05-09T11:40:14.506434
IHL Canada,Safety,Dynamic HP241R Whistler Series Cap Style Hard Hat with Ratchet ASNI Z89 Type 1 Class E CSA Z94 Type 1 Class E,13222,15.99,,Orange,https://ihlcanada.com/products/dynamic-hp241r-whistler-series-cap-style-hard-hat-with-ratchet-asni-z89-type-1-class-e-csa-z94-type-1-class-e,2026-05-09T11:40:14.506436
IHL Canada,Safety,Dynamic HP241R Whistler Series Cap Style Hard Hat with Ratchet ASNI Z89 Type 1 Class E CSA Z94 Type 1 Class E,13222,15.99,,Red,https://ihlcanada.com/products/dynamic-hp241r-whistler-series-cap-style-hard-hat-with-ratchet-asni-z89-type-1-class-e-csa-z94-type-1-class-e,2026-05-09T11:40:14.506438
IHL Canada,Safety,Dynamic HP241R Whistler Series Cap Style Hard Hat with Ratchet ASNI Z89 Type 1 Class E CSA Z94 Type 1 Class E,13222,15.99,,SkyBlue,https://ihlcanada.com/products/dynamic-hp241r-whistler-series-cap-style-hard-hat-with-ratchet-asni-z89-type-1-class-e-csa-z94-type-1-class-e,2026-05-09T11:40:14.506441
IHL Canada,Safety,Dynamic HP241R Whistler Series Cap Style Hard Hat with Ratchet ASNI Z89 Type 1 Class E CSA Z94 Type 1 Class E,13222,15.99,,White,https://ihlcanada.com/products/dynamic-hp241r-whistler-series-cap-style-hard-hat-with-ratchet-asni-z89-type-1-class-e-csa-z94-type-1-class-e,2026-05-09T11:40:14.506443
IHL Canada,Safety,Dynamic HP241R Whistler Series Cap Style Hard Hat with Ratchet ASNI Z89 Type 1 Class E CSA Z94 Type 1 Class E,13222,15.99,,Yellow,https://ihlcanada.com/products/dynamic-hp241r-whistler-series-cap-style-hard-hat-with-ratchet-asni-z89-type-1-class-e-csa-z94-type-1-class-e,2026-05-09T11:40:14.506445
IHL Canada,Safety,Peakworks FBH-10020A Class A 5-Point Contractor Harness w/Grommet Leg,13259,75.99,,Default Title,https://ihlcanada.com/products/peakworks-fbh-10020a-class-a-universal-5-point-fall-safety-harness-with-grommet-leg-straps,2026-05-09T11:40:14.506447
IHL Canada,Safety,North N75001 Respirator Replacement Black Organic Vapor Cartridge (2-Pack),12520,17.99,,Default Title,https://ihlcanada.com/products/north-n75001-respirator-replacement-black-organic-vapor-cartridge-2-pack,2026-05-09T11:40:14.506450
IHL Canada,Safety,Flame-Tamer 5 lb. ABC Fire Extinguisher,12447,54.95,,Default Title,https://ihlcanada.com/products/flame-tamer-5-lb-abc-fire-extinguisher,2026-05-09T11:40:14.506452
IHL Canada,Safety,Peakworks FBH-10000B Class AP 5-Point Contractor Harness with Positioning Rings,13257,85.99,,Default Title,https://ihlcanada.com/products/peakworks-fbh-10000b-class-ap-universal-5-point-harness-with-quick-connect-leg-straps-and-side-d-rings,2026-05-09T11:40:14.506454
IHL Canada,Safety,Peakworks VL-1122-50 50' Polysteel Vertical Lifeline W/Double Snap Hooks,14196,147.99,,Default Title,https://ihlcanada.com/products/copy-of-peakworks-vl-1122-30-30-ft-double-snap-hooks-vertical-fall-safety-lifeline-polysteel-rope,2026-05-09T11:40:14.506457
IHL Canada,Safety,DYNAMIC EPB201 Aluminum Cap Style Hard Hat Adapter,30386,10.49,,Default Title,https://ihlcanada.com/products/dynamic-epb201-aluminum-cap-style-hard-hat-adapter,2026-05-09T11:40:14.506459
IHL Canada,Safety,"Fire Extinguisher 075022 Vinyl Stickers 4"" by 12"" 5-Pack",34445,15.95,,Default Title,https://ihlcanada.com/products/fire-extinguisher-075022-vinyl-stickers-4-by-12-5-pack,2026-05-09T11:40:14.506461
IHL Canada,Safety,Ergodyne Squids 19003 10 lb 1 Legs Carabiner Standard Tool Lanyard with Carabiner and Cinch Loop,35637,18.99,,Default Title,https://ihlcanada.com/products/ergodyne-squids-19003-3100-tool-lanyard-bungee-carbiner-loop,2026-05-09T11:40:14.506464
IHL Canada,Safety,Pyramex LCT100 Pre-Moistened Lens & Glass Cleaning Wipe Towelettes (100-Pack),29194,10.99,,Default Title,https://ihlcanada.com/products/pyramex-lct100-pre-moistened-lens-glass-cleaning-wipe-towelettes-100-pack,2026-05-09T11:40:14.506466
IHL Canada,Safety,Wasip F4592505 First Aid Plastic Eye Wash Cup (5-Pack),23828,3.29,,Default Title,https://ihlcanada.com/products/wasip-f4592505-first-aid-plastic-eye-wash-cup-5-pack,2026-05-09T11:40:14.506468
IHL Canada,Safety,Peakworks SA-84022-6 6' E6 Twin Leg Shock Absorbing Lanyard with Double Form Hooks,27620,169.99,,Default Title,https://ihlcanada.com/products/peakworks-sa-84022-6-6-ft-e6-shock-absorbing-twin-leg-fall-safety-lanyard-with-snap-and-form-hooks,2026-05-09T11:40:14.506471
IHL Canada,Safety,North 770030S 7700 Series Small Dual Cartridge Silicone Half Mask Respirator (Respirator Only),27986,41.95,,Default Title,https://ihlcanada.com/products/north-770030s-7700-series-small-dual-cartridge-silicone-half-mask-respirator-respirator-only,2026-05-09T11:40:14.506473
IHL Canada,Safety,DuraDrive A04-01A Anti-Fog Anti-Scratch Amber Polycarbonate Safety Goggle,29081,9.99,,Default Title,https://ihlcanada.com/products/duradrive-a04-01a-safety-goggle-foam-gasket-low-light-amber-lens-anti-scratch-antifog,2026-05-09T11:40:14.506475
IHL Canada,Safety,Fire Extinguisher Wall Mount Bracket,28663,4.19,,Default Title,https://ihlcanada.com/products/fire-extinguisher-wall-mount-bracket,2026-05-09T11:40:14.506478
IHL Canada,Safety,Pyramex HHAA Aluminum Cap Style Hard Hat Face Shield Accessory Adapter,23794,15.89,,Default Title,https://ihlcanada.com/products/pyramex-hhaa-aluminum-cap-style-hard-hat-face-shield-accessory-adapter,2026-05-09T11:40:14.506480
IHL Canada,Safety,DuraDrive A07-25C Clear Lens Military Camo Colour Frame Anti-Scratch Nemesis Safety Glasses,29075,9.99,,Default Title,https://ihlcanada.com/products/duradrive-a07-25c-nemsis-safety-glasses-clear-lens-military-camo-color-frame-anti-scratch,2026-05-09T11:40:14.506482
IHL Canada,Safety,DuraDrive Low Light Amber Frameless CSA Z94.3 Economy Safety Glasses,27568,1.49,,Default Title,https://ihlcanada.com/products/duradrive-economy-amber-lens-safety-glasses,2026-05-09T11:40:14.506484
IHL Canada,Safety,Wasip F2024701 1 in. x 5 Yds First Aid Medical Spooled Waterproof Adhesive Tape,12537,2.87,,Default Title,https://ihlcanada.com/products/wasip-f2024701-1-in-x-5-yds-first-aid-medical-spooled-waterproof-adhesive-tape,2026-05-09T11:40:14.506487
IHL Canada,Safety,North 54001 Medium/Large Dual Cartridge Elastomeric Full Facepiece Mask Respirator (Respirator-Only),14280,179.95,,Default Title,https://ihlcanada.com/products/north-54001-medium-large-dual-cartridge-elastomeric-full-facepiece-mask-respirator-respirator-only,2026-05-09T11:40:14.506489
IHL Canada,Safety,Wasip F2520761 70% Isopropyl Alcohol Swab (200-Pack),12538,6.65,,Default Title,https://ihlcanada.com/products/wasip-f2520761-70-isopropyl-alcohol-swab-200-pack,2026-05-09T11:40:14.506491
IHL Canada,Safety,Wasip 610300 17 in. Safety Orange Reflective Roadside Triangle Traffic Flare Set (3-Pack),17450,34.95,,Default Title,https://ihlcanada.com/products/wasip-610300-17-in-safety-orange-reflective-roadside-triangle-traffic-flare-set-3-pack,2026-05-09T11:40:14.506494
IHL Canada,Safety,Wasip F1004212 4 in. x 5 yds. First Aid Sterile Gauze Bandage Roll (12-Pack),12554,9.07,,Default Title,https://ihlcanada.com/products/wasip-f1004212-4-in-x-5-yds-first-aid-sterile-gauze-bandage-roll-12-pack,2026-05-09T11:40:14.506496
IHL Canada,Safety,"Peakworks WB-6020-XL Padded Positioning Belt, X-Large",10334,95.0,,Default Title,https://ihlcanada.com/products/peakworks-wb-6020-xl-x-large-padded-fall-safety-lumbar-support-positioning-safety-work-belt,2026-05-09T11:40:14.506498
IHL Canada,Safety,Wasip F1001212 1 in. x 5 yds. First Aid Sterile Gauze Bandage Roll (12-Pack),12552,2.95,,Default Title,https://ihlcanada.com/products/wasip-f1001212-1-in-x-5-yds-first-aid-sterile-gauze-bandage-roll-12-pack,2026-05-09T11:40:14.506500
IHL Canada,Safety,Wasip F6051401/F6055701 Orange Double Fold Aluminum Pole Stretcher with Nylon Support Bed,12570,179.59,,Default Title,https://ihlcanada.com/products/wasip-f6051401-f6055701-orange-double-fold-aluminum-pole-stretcher-with-nylon-support-bed,2026-05-09T11:40:14.506503
IHL Canada,Safety,Peakworks VL-1122-30 30' Polysteel Vertical Lifeline W/Double Snap Hooks,14195,81.99,,Default Title,https://ihlcanada.com/products/peakworks-double-snap-hooks-vertical-fall-safety-lifeline,2026-05-09T11:40:14.506505
IHL Canada,Safety,Wasip F1103512 4 in. x 4 in. First Aid Compress Bandage,12546,1.49,,Default Title,https://ihlcanada.com/products/wasip-f1103512-4-in-x-4-in-first-aid-compress-bandage,2026-05-09T11:40:14.506507
IHL Canada,Safety,Wasip F1031760 3 in. x 3 in. First Aid Sterile Gauze Pads (100-Pack),12555,15.95,,Default Title,https://ihlcanada.com/products/wasip-f1031760-3-in-x-3-in-first-aid-sterile-gauze-pads-100-pack,2026-05-09T11:40:14.506509
IHL Canada,Safety,Wasip F1513760 1-3/4 in. x 2 in. First Aid Heavy Weight Fingertip Adhesive Bandages (100-Pack),12540,12.95,,Default Title,https://ihlcanada.com/products/wasip-f1513760-1-3-4-in-x-2-in-first-aid-heavy-weight-fingertip-adhesive-bandages-100-pack,2026-05-09T11:40:14.506512
IHL Canada,Safety,Wasip F3553512 First Aid Assorted Sizes Safety Bandage Pins (12-Pack),12561,0.95,,Default Title,https://ihlcanada.com/products/wasip-f3553512-first-aid-assorted-sizes-safety-bandage-pins-12-pack,2026-05-09T11:40:14.506515
IHL Canada,Safety,Flame-Tamer 20 lb. ABC Fire Extinguisher,12445,149.95,,Default Title,https://ihlcanada.com/products/flame-tamer-20-lb-abc-fire-extinguisher,2026-05-09T11:40:14.506517
IHL Canada,Safety,Wasip F1122412 4 in. x 4.5 m. First Aid Tensor Elastic Support Bandage,12572,2.1,,Default Title,https://ihlcanada.com/products/wasip-f1122412-4-in-x-4-5-m-first-aid-tensor-elastic-support-bandage,2026-05-09T11:40:14.506519
IHL Canada,Safety,"Peakworks FBH10000A1020-M Class AP Contractor Harness and Positioning Belt, Medium",13263,149.99,,Default Title,https://ihlcanada.com/products/peakworks-fbh10000a1020-m-class-ap-size-medium-full-body-fall-safety-harness-and-waist-belt-combo,2026-05-09T11:40:14.506522
IHL Canada,Safety,North 770030M 7700 Series Medium Dual Cartridge Silicone Half Mask Respirator (Respirator Only),14282,41.95,,Default Title,https://ihlcanada.com/products/north-770030m-7700-series-medium-dual-cartridge-silicone-half-mask-respirator-respirator-only,2026-05-09T11:40:14.506524
IHL Canada,Safety,Wasip F6503401 72 in. x 41 in. First Aid Non-Woven Blanket,12542,9.95,,Default Title,https://ihlcanada.com/products/wasip-f6503401-72-in-x-41-in-first-aid-non-woven-blanket,2026-05-09T11:40:14.506526
IHL Canada,Safety,Flame-Tamer 2.5 lb. ABC Fire Extinguisher,12446,45.95,,Default Title,https://ihlcanada.com/products/flame-tamer-2-5-lb-abc-fire-extinguisher,2026-05-09T11:40:14.506529
IHL Canada,Safety,DuraDrive Men's Hi-Vis Cooling Mesh Short Sleeve Safety T-Shirt,30944,11.99,,2XL,https://ihlcanada.com/products/duradrive-mens-hi-vis-v-neck-cooling-safety-short-sleeve-t-shirt,2026-05-09T11:40:14.506531
IHL Canada,Safety,DuraDrive Men's Hi-Vis Cooling Mesh Short Sleeve Safety T-Shirt,30944,11.99,,3XL,https://ihlcanada.com/products/duradrive-mens-hi-vis-v-neck-cooling-safety-short-sleeve-t-shirt,2026-05-09T11:40:14.506533
IHL Canada,Safety,DuraDrive Men's Hi-Vis Cooling Mesh Short Sleeve Safety T-Shirt,30944,11.99,,L,https://ihlcanada.com/products/duradrive-mens-hi-vis-v-neck-cooling-safety-short-sleeve-t-shirt,2026-05-09T11:40:14.506535
IHL Canada,Safety,DuraDrive Men's Hi-Vis Cooling Mesh Short Sleeve Safety T-Shirt,30944,11.99,,M,https://ihlcanada.com/products/duradrive-mens-hi-vis-v-neck-cooling-safety-short-sleeve-t-shirt,2026-05-09T11:40:14.506538
IHL Canada,Safety,DuraDrive Men's Hi-Vis Cooling Mesh Short Sleeve Safety T-Shirt,30944,11.99,,S,https://ihlcanada.com/products/duradrive-mens-hi-vis-v-neck-cooling-safety-short-sleeve-t-shirt,2026-05-09T11:40:14.506540
IHL Canada,Safety,DuraDrive Men's Hi-Vis Cooling Mesh Short Sleeve Safety T-Shirt,30944,11.99,,XL,https://ihlcanada.com/products/duradrive-mens-hi-vis-v-neck-cooling-safety-short-sleeve-t-shirt,2026-05-09T11:40:14.506542
IHL Canada,Safety,Pyramex S1020 Replacement Clear Polyethylene Face Shield (Shield Only),30351,7.99,,Default Title,https://ihlcanada.com/products/pyramex-replacement-clear-polyethylene-face-shield-shield-only,2026-05-09T11:40:14.506544
IHL Canada,Safety,Peakworks SA-640000-6 6' Twin Leg Shock Shock Absorbing Lanyard with Snap Hooks,34327,119.99,,Default Title,https://ihlcanada.com/products/peakworks-v8104906-sa-640000-6-shock-absorbing-lanyard,2026-05-09T11:40:14.506546
IHL Canada,Safety,Titan Stainless Steel Rescue Litter Basket,30134,2125.0,,Default Title,https://ihlcanada.com/products/titan-tapered-ss-w-stratl-bask-stret-ferno-rescue-basket,2026-05-09T11:40:14.506549
IHL Canada,Safety,"Titan 12mm 3,600 Lbs. Stainless Steel Twist Lock Carabiner for Rescue Basket",30137,69.95,,Default Title,https://ihlcanada.com/products/12mm-offset-d-steel-carabiner-screwgate-nfpa-gold-ferno-rescue-basket,2026-05-09T11:40:14.506551
IHL Canada,Safety,Peakworks SA-54022-6 6' E6 Twin Leg Shock Absorbing Lanyard with Form and Snap Hooks,31802,165.99,,Default Title,https://ihlcanada.com/products/peakworks-sa-54022-6-6-ft-shock-absorbing-twin-leg-fall-safety-lanyard-with-snap-and-form-hooks,2026-05-09T11:40:14.506554
IHL Canada,Safety,"WASIP MCF2505160 RUBBING ALCOHOL SPRAY 70%, 100ml",36617,5.49,,Default Title,https://ihlcanada.com/products/wasip-mcf2505160-rubbing-alcohol-spray-70-100ml,2026-05-09T11:40:14.506556
IHL Canada,Safety,Traverse Adjustable Hard Eye Litter Bridle for Rescue Basket,30136,785.0,,Default Title,https://ihlcanada.com/products/ferno-hard-eye-litter-bridle-rescue-basket,2026-05-09T11:40:14.506558
IHL Canada,Safety,Peakworks RA-100 2' Rebar Chain Assembly with Form & Snap Hooks,30199,149.95,,Default Title,https://ihlcanada.com/products/peakworks-ra-100-fall-arrest-rebar-chain-assembly-lanyard-with-form-snap-hooks,2026-05-09T11:40:14.506561
IHL Canada,Safety,Peakworks SA-54000-6 6' E4 Twin Leg Shock Absorbing Lanyard with Snap Hooks,31801,109.99,,Default Title,https://ihlcanada.com/products/peakworks-sa-54000-6-6-ft-e4-shock-absorbing-twin-leg-fall-safety-lanyard-with-snap-hooks,2026-05-09T11:40:14.506563
IHL Canada,Safety,DuraDrive Orange Reusable Corded Triple-Flange Silicone Earplug with 25 dB NRR (1-Pair),34610,1.25,,Default Title,https://ihlcanada.com/products/duradrive-28217-ea-silicone-earplug-with-cord-e-box-1-pair,2026-05-09T11:40:14.506565
IHL Canada,Safety,Peakworks SA-6400-6 6' E6 Twin Leg Shock Absorbing Lanyard with Snap Hooks,31626,111.99,,Default Title,https://ihlcanada.com/products/peakworks-sa-6400-6-e6-shock-absorbing-lanyard-sp,2026-05-09T11:40:14.506568
IHL Canada,Safety,DuraDrive High Impact Safety Glasses Amber Lens,26672,2.19,,Default Title,https://ihlcanada.com/products/duradrive-low-light-amber-lens-neshoba-frameless-safety-glasses,2026-05-09T11:40:14.506570
IHL Canada,Safety,Pyramex SB7950SF 5.0IR Black Frame Emerge Torch Glasses,28172,16.49,,Default Title,https://ihlcanada.com/products/pyramex-sb7950sf-5-0ir-black-frame-emerge-torch-glasses,2026-05-09T11:40:14.506572
IHL Canada,Safety,Peakworks FBH-10000A Class A 5-Point Contractor Harness,26700,69.99,,Default Title,https://ihlcanada.com/products/peakworks-fbh-10000a-1d-class-a-full-body-5-point-harness,2026-05-09T11:40:14.506575
IHL Canada,Safety,Edge DZ411VS-G2 Zorge G2 Vapor Shield Safety Glasses with Anti-Fog Clear Lens,21690,21.99,,Default Title,https://ihlcanada.com/products/edge-dz411vs-g2-zorge-g2-vapor-shield-safety-glasses-with-anti-fog-clear-lens,2026-05-09T11:40:14.506577
IHL Canada,Safety,Edge DZ412VS-G2 Zorge G2 Vapor Shield Safety Glasses with Anti-Fog Yellow Lens,21691,21.99,,Default Title,https://ihlcanada.com/products/edge-dz412vs-g2-zorge-g2-vapor-shield-safety-glasses-with-anti-fog-yellow-lens,2026-05-09T11:40:14.506579
IHL Canada,Safety,DuraDrive Low Light Amber Frameless CSA Z94.3 Sport Shaped Safety Glasses,27564,1.99,,Default Title,https://ihlcanada.com/products/duradrive-amber-lens-safety-glasses,2026-05-09T11:40:14.506581
IHL Canada,Safety,Peakworks CP-23300-1 Fall Protection Trauma Straps (2-Pack),22376,36.95,,Default Title,https://ihlcanada.com/products/peakworks-cp-23300-1-trauma-strap-for-fall-safety,2026-05-09T11:40:14.506583
IHL Canada,Safety,Pyramex HHABCMS SL Cap Style Hard Hat Adapter,22700,5.99,,Default Title,https://ihlcanada.com/products/pyramex-hhabcms-sl-cap-style-hard-hat-adapter,2026-05-09T11:40:14.506586
IHL Canada,Safety,Pyramex Integra Safety Glasses with Clear Lens,12809,2.95,,Default Title,https://ihlcanada.com/products/pyramex-integra-safety-glasses-with-clear-lens,2026-05-09T11:40:14.506588
IHL Canada,Safety,Wasip F2502163 236mL Hydrogen Peroxide,12556,3.22,,Default Title,https://ihlcanada.com/products/wasip-f2502162-250ml-hydrogen-peroxide,2026-05-09T11:40:14.506591
IHL Canada,Safety,Wasip F1201560 3 in. First Aid Absorbent Cotton-Tipped Applicators (100-Pack),12560,1.49,,Default Title,https://ihlcanada.com/products/wasip-f1201560-3-in-first-aid-absorbent-cotton-tipped-applicators-100-pack,2026-05-09T11:40:14.506593
IHL Canada,Safety,Wasip F1510760 1-1/2 in. x 3 in. First Aid Heavy-Weight Fabric Knuckle Adhesive Bandages (100-Pack),12541,14.95,,Default Title,https://ihlcanada.com/products/wasip-f1510760-1-1-2-in-x-3-in-first-aid-heavy-weight-fabric-knuckle-adhesive-bandages-100-pack,2026-05-09T11:40:14.506595
IHL Canada,Safety,Peakworks FBHD-10000A Class A 5-Point Contractor DuraHarness,13256,63.99,,Default Title,https://ihlcanada.com/products/peakworks-fbh-10000a-class-a-universal-5-point-full-body-fall-safety-harness-with-grommet-leg-straps,2026-05-09T11:40:14.506598
IHL Canada,Safety,Wasip F1213801 5 in. x 9 in. First Aid Breathable Splint Padding,12565,1.49,,Default Title,https://ihlcanada.com/products/wasip-f1213801-5-in-x-9-in-first-aid-breathable-splint-padding,2026-05-09T11:40:14.506600
IHL Canada,Safety,"Peakworks WB-6020-S Padded Positioning Belt, Small",10333,95.0,,Default Title,https://ihlcanada.com/products/peakworks-wb-6020-s-small-padded-fall-safety-lumbar-support-positioning-safety-work-belt,2026-05-09T11:40:14.506602
IHL Canada,Safety,North 770030L 7700 Series Large Dual Cartridge Silicone Half Mask Respirator (Respirator Only),14281,41.95,,Default Title,https://ihlcanada.com/products/north-770030l-7700-series-large-dual-cartridge-silicone-half-mask-respirator-respirator-only,2026-05-09T11:40:14.506605
IHL Canada,Safety,Peakworks FBH-10002A Class A 3-Point Compliance Harness,13258,49.99,,Default Title,https://ihlcanada.com/products/peakworks-fbh-10002a-class-a-3-point-full-body-compliance-fall-safety-harness-with-grommet-leg-straps,2026-05-09T11:40:14.506607
IHL Canada,Safety,Wasip F1002212 2 in. x 5 yds. First Aid Sterile Gauze Bandage Roll (12-Pack),12553,4.65,,Default Title,https://ihlcanada.com/products/wasip-f1002212-2-in-x-5-yds-first-aid-sterile-gauze-bandage-roll-12-pack,2026-05-09T11:40:14.506609
IHL Canada,Safety,Wasip F1120412 2 in. x 4.5 m. First Aid Tensor Elastic Support Bandage,12571,2.95,,Default Title,https://ihlcanada.com/products/wasip-f1120412-2-in-x-4-5-m-first-aid-tensor-elastic-support-bandage,2026-05-09T11:40:14.506612
IHL Canada,Safety,GREEN SOAP 250mL First Aid 15% Anti-Septic Liquid Soap,16847,5.95,,Default Title,https://ihlcanada.com/products/green-soap-250ml-first-aid-15-anti-septic-liquid-soap,2026-05-09T11:40:14.506614
IHL Canada,Safety,Wasip F2501162 250mL 70% Isopropyl Rubbing Alcohol,10077,5.49,,Default Title,https://ihlcanada.com/products/wasip-f2501162-250ml-70-isopropyl-rubbing-alcohol,2026-05-09T11:40:14.506617
IHL Canada,Safety,"Peakworks WB-6020-L Padded Positioning Belt, Large",10331,95.0,,Default Title,https://ihlcanada.com/products/peakworks-wb-6020-l-large-padded-fall-safety-lumbar-support-positioning-safety-work-belt,2026-05-09T11:40:14.506619
IHL Canada,Safety,Pyramex Chemical Splash Goggle with Anti-Fog Clear Lens,12795,10.49,,Default Title,https://ihlcanada.com/products/pyramex-chemical-splash-goggle-with-anti-fog-clear-lens,2026-05-09T11:40:14.506622
IHL Canada,Safety,"Peakworks FBH10000A1020-L Class AP Contractor Harness and Positioning Belt, Large",13262,149.99,,Default Title,https://ihlcanada.com/products/peakworks-fbh10000a1020-l-class-ap-size-large-full-body-fall-safety-harness-and-waist-belt-combo,2026-05-09T11:40:14.506624
IHL Canada,Safety,Pyramex SB1830S Venture ll Black Frame Safety Glasses with Amber Lens,12807,6.49,,Default Title,https://ihlcanada.com/products/pyramex-sb1830s-venture-ll-black-frame-safety-glasses-with-amber-lens,2026-05-09T11:40:14.506626
IHL Canada,Safety,18 in. x 18 in. Orange Vinyl Mesh Traffic Safety Flag,17444,4.95,,Default Title,https://ihlcanada.com/products/18-in-x-18-in-orange-vinyl-mesh-traffic-safety-flag,2026-05-09T11:40:14.506629
IHL Canada,Safety,Wasip F3501110 4 in. First Aid Economy Scissors,12564,1.95,,Default Title,https://ihlcanada.com/products/wasip-f3501110-4-in-first-aid-economy-scissors,2026-05-09T11:40:14.506631
IHL Canada,Safety,Wasip F3081100 First Aid English/French Pocket Guide,19239,3.0,,Default Title,https://ihlcanada.com/products/wasip-f3081100-first-aid-english-french-pocket-guide,2026-05-09T11:40:14.506634
IHL Canada,Safety,Wasip 702200 First Aid Stainless Steel Tweezer,12574,1.25,,Default Title,https://ihlcanada.com/products/wasip-702200-first-aid-stainless-steel-tweezer,2026-05-09T11:40:14.506636
IHL Canada,Safety,Wasip F5018401 First Aid CPR Rescue Mask Kit (4-Piece),14278,19.98,,Default Title,https://ihlcanada.com/products/wasip-f5018401-first-aid-cpr-mask-kit-4-piece,2026-05-09T11:40:14.506639
IHL Canada,Safety,North 550030M Medium Dual Cartridge Elastomeric Half Mask Respirator (Respirator Only),18216,21.99,,Default Title,https://ihlcanada.com/products/north-550030m-5500-series-medium-dual-cartridge-elastomeric-half-mask-respirator-respirator-only,2026-05-09T11:40:14.506641
Home Depot CA,2x4x8 Lumber,"Saved to List
View List",|SKU # 1000112108,6.0,,each,https://www.homedepot.ca/search?q=2x4x8+spruce+framing+lumber,2026-05-09T11:40:21.820640
Home Depot CA,2x4x8 Lumber,"Saved to List
View List",|SKU # 1000789777,11.0,,each,https://www.homedepot.ca/search?q=2x4x8+spruce+framing+lumber,2026-05-09T11:40:21.842324
Home Depot CA,2x4x8 Lumber,"Saved to List
View List",|SKU # 1000100159,16.0,,each,https://www.homedepot.ca/search?q=2x4x8+spruce+framing+lumber,2026-05-09T11:40:21.863428
Home Depot CA,2x4x8 Lumber,"Saved to List
View List",|SKU # 1000100158,13.0,,each,https://www.homedepot.ca/search?q=2x4x8+spruce+framing+lumber,2026-05-09T11:40:21.884140
Home Depot CA,2x4x8 Lumber,"Saved to List
View List",|SKU # 1000117995,14.0,,each,https://www.homedepot.ca/search?q=2x4x8+spruce+framing+lumber,2026-05-09T11:40:21.904272
Home Depot CA,2x4x8 Lumber,"Saved to List
View List",|SKU # 1000100188,7.0,,each,https://www.homedepot.ca/search?q=2x4x8+spruce+framing+lumber,2026-05-09T11:40:21.925156
Home Depot CA,2x4x8 Lumber,"Saved to List
View List",|SKU # 1000173236,69.0,,each,https://www.homedepot.ca/search?q=2x4x8+spruce+framing+lumber,2026-05-09T11:40:21.945161
Home Depot CA,2x4x8 Lumber,"Saved to List
View List",|SKU # 1000112105,9.0,,each,https://www.homedepot.ca/search?q=2x4x8+spruce+framing+lumber,2026-05-09T11:40:21.966527
Home Depot CA,2x4x8 Lumber,"Saved to List
View List",|SKU # 1000100168,21.0,,each,https://www.homedepot.ca/search?q=2x4x8+spruce+framing+lumber,2026-05-09T11:40:21.986499
Home Depot CA,2x4x8 Lumber,"Saved to List
View List",|SKU # 1000112102,10.0,,each,https://www.homedepot.ca/search?q=2x4x8+spruce+framing+lumber,2026-05-09T11:40:22.006340
Home Depot CA,2x6x8 Lumber,"Saved to List
View List",|SKU # 1000117995,14.0,,each,https://www.homedepot.ca/search?q=2x6x8+spruce+framing+lumber,2026-05-09T11:40:28.277411
Home Depot CA,2x6x8 Lumber,"Saved to List
View List",|SKU # 1000112108,6.0,,each,https://www.homedepot.ca/search?q=2x6x8+spruce+framing+lumber,2026-05-09T11:40:28.297634
Home Depot CA,2x6x8 Lumber,"Saved to List
View List",|SKU # 1000100164,21.0,,each,https://www.homedepot.ca/search?q=2x6x8+spruce+framing+lumber,2026-05-09T11:40:28.316857
Home Depot CA,2x6x8 Lumber,"Saved to List
View List",|SKU # 1000790084,17.0,,each,https://www.homedepot.ca/search?q=2x6x8+spruce+framing+lumber,2026-05-09T11:40:28.334972
Home Depot CA,2x6x8 Lumber,"Saved to List
View List",|SKU # 1000100168,21.0,,each,https://www.homedepot.ca/search?q=2x6x8+spruce+framing+lumber,2026-05-09T11:40:28.374414
Home Depot CA,2x6x8 Lumber,"Saved to List
View List",|SKU # 1000100165,25.0,,each,https://www.homedepot.ca/search?q=2x6x8+spruce+framing+lumber,2026-05-09T11:40:28.393487
Home Depot CA,2x6x8 Lumber,"Saved to List
View List",|SKU # 1000100170,31.0,,each,https://www.homedepot.ca/search?q=2x6x8+spruce+framing+lumber,2026-05-09T11:40:28.422567
Home Depot CA,2x6x8 Lumber,"Saved to List
View List",|SKU # 1000789777,11.0,,each,https://www.homedepot.ca/search?q=2x6x8+spruce+framing+lumber,2026-05-09T11:40:28.455134
Home Depot CA,2x6x8 Lumber,"Saved to List
View List",|SKU # 1000100167,31.0,,each,https://www.homedepot.ca/search?q=2x6x8+spruce+framing+lumber,2026-05-09T11:40:28.486596
Home Depot CA,2x6x8 Lumber,"Saved to List
View List",|SKU # 1000789781,20.0,,each,https://www.homedepot.ca/search?q=2x6x8+spruce+framing+lumber,2026-05-09T11:40:28.520643
Home Depot CA,1/2 Drywall,"Saved to List
View List",|SKU # 1000686028,16.0,,each,https://www.homedepot.ca/search?q=1%2F2+drywall+4x8,2026-05-09T11:40:34.820313
Home Depot CA,1/2 Drywall,"Saved to List
View List",|SKU # 1000152285,15.0,,each,https://www.homedepot.ca/search?q=1%2F2+drywall+4x8,2026-05-09T11:40:34.838862
Home Depot CA,1/2 Drywall,"Saved to List
View List",|SKU # 1001901997,19.0,,each,https://www.homedepot.ca/search?q=1%2F2+drywall+4x8,2026-05-09T11:40:34.857071
Home Depot CA,1/2 Drywall,"Saved to List
View List",|SKU # 1000115026,17.0,,each,https://www.homedepot.ca/search?q=1%2F2+drywall+4x8,2026-05-09T11:40:34.874877
Home Depot CA,1/2 Drywall,"Saved to List
View List",|SKU # 1000149007,20.0,,each,https://www.homedepot.ca/search?q=1%2F2+drywall+4x8,2026-05-09T11:40:34.893019
Home Depot CA,1/2 Drywall,"Saved to List
View List",|SKU # 1000179913,14.0,,each,https://www.homedepot.ca/search?q=1%2F2+drywall+4x8,2026-05-09T11:40:34.911007
Home Depot CA,1/2 Drywall,"Saved to List
View List",|SKU # 1000405270,10.0,,each,https://www.homedepot.ca/search?q=1%2F2+drywall+4x8,2026-05-09T11:40:34.946307
Home Depot CA,1/2 Drywall,"Saved to List
View List",|SKU # 1000431094,39.0,,each,https://www.homedepot.ca/search?q=1%2F2+drywall+4x8,2026-05-09T11:40:34.975352
Home Depot CA,1/2 Drywall,"Saved to List
View List",|SKU # 1001490926,25.0,,each,https://www.homedepot.ca/search?q=1%2F2+drywall+4x8,2026-05-09T11:40:35.011085
Home Depot CA,1/2 Drywall,"Saved to List
View List",|SKU # 1001097103,23.0,,each,https://www.homedepot.ca/search?q=1%2F2+drywall+4x8,2026-05-09T11:40:35.041861
Home Depot CA,OSB 7/16,"Saved to List
View List",|SKU # 1000108771,72.0,,each,https://www.homedepot.ca/search?q=7%2F16+OSB+4x8,2026-05-09T11:40:40.575162
Home Depot CA,OSB 7/16,"Saved to List
View List",|SKU # 1000172334,65.0,,each,https://www.homedepot.ca/search?q=7%2F16+OSB+4x8,2026-05-09T11:40:40.594759
Home Depot CA,OSB 7/16,"Saved to List
View List",|SKU # 1000108770,45.0,,each,https://www.homedepot.ca/search?q=7%2F16+OSB+4x8,2026-05-09T11:40:40.614306
Home Depot CA,Insulation,"Saved to List
View List",|SKU # 1000181137,119.0,,each,https://www.homedepot.ca/search?q=r20+batt+insulation,2026-05-09T11:40:46.432234
Home Depot CA,Insulation,"Saved to List
View List",|SKU # 1000181148,172.0,,each,https://www.homedepot.ca/search?q=r20+batt+insulation,2026-05-09T11:40:46.450910
Home Depot CA,Insulation,"Saved to List
View List",|SKU # 1000525606,88.0,,each,https://www.homedepot.ca/search?q=r20+batt+insulation,2026-05-09T11:40:46.469031
Home Depot CA,Insulation,"Saved to List
View List",|SKU # 1000406679,90.0,,each,https://www.homedepot.ca/search?q=r20+batt+insulation,2026-05-09T11:40:46.487177
Home Depot CA,Insulation,"Saved to List
View List",|SKU # 1000123047,98.0,,each,https://www.homedepot.ca/search?q=r20+batt+insulation,2026-05-09T11:40:46.505399
Home Depot CA,Insulation,"Saved to List
View List",|SKU # 1000506519,119.0,,each,https://www.homedepot.ca/search?q=r20+batt+insulation,2026-05-09T11:40:46.523463
Home Depot CA,Insulation,"Saved to List
View List",|SKU # 1000664361,93.0,,each,https://www.homedepot.ca/search?q=r20+batt+insulation,2026-05-09T11:40:46.541837
Home Depot CA,Insulation,"Saved to List
View List",|SKU # 1000811445,225.0,,each,https://www.homedepot.ca/search?q=r20+batt+insulation,2026-05-09T11:40:46.560260
New Canadian Lumber,Building Materials,2x4x10' Premium SPF,,5.69,,each,https://shop.newcanadianslumber.com/p/2x4x10-premium-spf/S2410,2026-05-09T11:42:47.061489
New Canadian Lumber,Building Materials,2x4x8' Premium SPF,,3.98,,each,https://shop.newcanadianslumber.com/p/2x4x8-premium-spf/S248,2026-05-09T11:42:47.061501
New Canadian Lumber,Building Materials,2x4x14' Premium SPF,,8.45,,each,https://shop.newcanadianslumber.com/p/2x4x14-premium-spf/S2414,2026-05-09T11:42:47.061506
New Canadian Lumber,Building Materials,"2x4x92-5/8"" Select SPF",,3.99,,each,https://shop.newcanadianslumber.com/p/2x4x92-58-select-spf/S249258,2026-05-09T11:42:47.061510
New Canadian Lumber,Building Materials,2x4x12' Premium SPF,,7.15,,each,https://shop.newcanadianslumber.com/p/2x4x12-premium-spf/S2412,2026-05-09T11:42:47.061514
New Canadian Lumber,Building Materials,"2x4x104-5/8"" Premium SPF",,4.99,,each,https://shop.newcanadianslumber.com/p/2x4x104-58-premium-spf/S2410458,2026-05-09T11:42:47.061517
New Canadian Lumber,Building Materials,"2x4x116-5/8"" Premium SPF",,6.99,,each,https://shop.newcanadianslumber.com/p/2x4x116-58-premium-spf/S2411658,2026-05-09T11:42:47.061521
New Canadian Lumber,Building Materials,2x4x16' Premium SPF,,9.99,,each,https://shop.newcanadianslumber.com/p/2x4x16-premium-spf/S2416,2026-05-09T11:42:47.061528
New Canadian Lumber,Building Materials,"4x8x7/16"" OSB Board",,12.98,,each,https://shop.newcanadianslumber.com/p/4x8x716-osb-board/WB716,2026-05-09T11:42:47.061532
New Canadian Lumber,Building Materials,"All-Purpose Lite Drywall Compound, Ready-Mixed, 17 L",,29.99,,each,https://shop.newcanadianslumber.com/p/all-purpose-lite-drywall-compound-ready-mixed-17-l/RM23C,2026-05-09T11:42:47.061536
New Canadian Lumber,Building Materials,2x2x8' Premium SPF,,3.69,,each,https://shop.newcanadianslumber.com/p/2x2x8-premium-spf/S228,2026-05-09T11:42:47.061539
New Canadian Lumber,Building Materials,"18 Pack 35x48"" 3.0 Mil Black Heavy Duty Garbage Bags",,17.99,,each,https://shop.newcanadianslumber.com/p/18-pack-35x48-30-mil-black-heavy-duty-garbage-bags/4440083,2026-05-09T11:42:47.061543
New Canadian Lumber,Building Materials,PL Premium Construction Adhesive - 295ml,,9.59,,each,https://shop.newcanadianslumber.com/p/pl-premium-construction-adhesive-295ml/2030-581,2026-05-09T11:42:47.061546
New Canadian Lumber,Building Materials,Quikrete Concrete Mix - 30 kg,,6.89,,each,https://shop.newcanadianslumber.com/p/quikrete-concrete-mix-30-kg/STMP,2026-05-09T11:42:47.061549
New Canadian Lumber,Building Materials,"4x8x3/4"" T&G Standard SPF Plywood",,59.97,,each,https://shop.newcanadianslumber.com/p/4x8x34-tg-standard-spf-plywood/SP34TG,2026-05-09T11:42:47.061552
New Canadian Lumber,Building Materials,8' Drywall Corner Bead,,3.99,,each,https://shop.newcanadianslumber.com/p/8-drywall-corner-bead/CB8,2026-05-09T11:42:47.061556
New Canadian Lumber,Building Materials,"R22 15x5.5"" Comfortbatt Insulation (39.8 sq. ft.)",,89.95,,each,https://shop.newcanadianslumber.com/p/r22-15x55-comfortbatt-insulation-398-sq-ft/R2215R,2026-05-09T11:42:47.061559
New Canadian Lumber,Building Materials,2x6x8' Premium SPF,,6.49,,each,https://shop.newcanadianslumber.com/p/2x6x8-premium-spf/S268,2026-05-09T11:42:47.061562
New Canadian Lumber,Building Materials,"18 Gauge G185 Joist Hanger - 2x8""",,2.49,,each,https://shop.newcanadianslumber.com/p/18-gauge-g185-joist-hanger-2x8/2682029,2026-05-09T11:42:47.061567
New Canadian Lumber,Building Materials,"4x8x3/4"" Standard SPF Plywood",,59.97,,each,https://shop.newcanadianslumber.com/p/4x8x34-standard-spf-plywood/SP34,2026-05-09T11:42:47.061570
New Canadian Lumber,Building Materials,"4x8x3/8"" Standard SPF Plywood",,29.98,,each,https://shop.newcanadianslumber.com/p/4x8x38-standard-spf-plywood/SP38,2026-05-09T11:42:47.061573
New Canadian Lumber,Building Materials,"4x8x5/8"" Standard SPF Plywood",,49.98,,each,https://shop.newcanadianslumber.com/p/4x8x58-standard-spf-plywood/SP58,2026-05-09T11:42:47.061577
New Canadian Lumber,Building Materials,9x100' Tyvek House Wrap,,139.0,,each,https://shop.newcanadianslumber.com/p/9x100-tyvek-house-wrap/T9100R,2026-05-09T11:42:47.061580
New Canadian Lumber,Building Materials,2x6x10' Premium SPF,,10.25,,each,https://shop.newcanadianslumber.com/p/2x6x10-premium-spf/S2610,2026-05-09T11:42:47.061584
New Canadian Lumber,Building Materials,"Schluter Kerdi-Drain 4"" Curve Grate Kit - Matte Black",,179.0,,each,https://shop.newcanadianslumber.com/p/schluter-kerdi-drain-4-curve-grate-kit-matte-black/KDIF4GRKMGSD6,2026-05-09T11:42:47.061590
New Canadian Lumber,Building Materials,"Schluter Kerdi-Drain 4"" Pure Grate Kit - Classic Gold",,179.0,,each,https://shop.newcanadianslumber.com/p/schluter-kerdi-drain-4-pure-grate-kit-classic-gold/KDIF4GRKEBCGD8,2026-05-09T11:42:47.061595
New Canadian Lumber,Building Materials,"4x8x1/2"" Standard SPF Plywood",,39.98,,each,https://shop.newcanadianslumber.com/p/4x8x12-standard-spf-plywood/SP12,2026-05-09T11:42:47.061599
New Canadian Lumber,Building Materials,"Schluter Ditra-Heat Uncoupling Membrane - 3' 2-5/8x41' 10-3/4""",,412.0,,each,https://shop.newcanadianslumber.com/p/schluter-ditra-heat-uncoupling-membrane-3-2-58x41-10-34/DH512M,2026-05-09T11:42:47.061602
Downtown Lumber,Building Materials,2x4x8' Premium SPF,,3.99,,each,https://www.downtownlumber.com/p/2x4x8-premium-spf/248,2026-05-09T11:42:52.507918
Downtown Lumber,Building Materials,2x4x10' Premium SPF,,5.69,,each,https://www.downtownlumber.com/p/2x4x10-premium-spf/2410,2026-05-09T11:42:52.507934
Downtown Lumber,Building Materials,2x6x8' Premium WR Cedar,,35.99,,each,https://www.downtownlumber.com/p/2x6x8-premium-wr-cedar/268C,2026-05-09T11:42:52.507943
Downtown Lumber,Building Materials,2x4x12' Premium WR Cedar,,24.99,,each,https://www.downtownlumber.com/p/2x4x12-premium-wr-cedar/2412C,2026-05-09T11:42:52.507950
Downtown Lumber,Building Materials,2x6x8' Premium SPF,,6.49,,each,https://www.downtownlumber.com/p/2x6x8-premium-spf/268,2026-05-09T11:42:52.507956
Downtown Lumber,Building Materials,2x10x12' Premium SPF,,27.98,,each,https://www.downtownlumber.com/p/2x10x12-premium-spf/21012,2026-05-09T11:42:52.507962
Downtown Lumber,Building Materials,"4x8x1/2"" Lite-Weight Drywall",,17.47,,each,https://www.downtownlumber.com/p/4x8x12-lite-weight-drywall/12DW,2026-05-09T11:42:52.507969
Downtown Lumber,Building Materials,2x4x10' Premium WR Cedar,,20.99,,each,https://www.downtownlumber.com/p/2x4x10-premium-wr-cedar/2410C,2026-05-09T11:42:52.507977
Downtown Lumber,Building Materials,Quikrete Stone-Mix - 30 kg,,6.99,,each,https://www.downtownlumber.com/p/quikrete-stone-mix-30-kg/CM,2026-05-09T11:42:52.507983
Downtown Lumber,Building Materials,"R-14 15x3-1/2"" Pink Fiberglass Insulation (78.3 sq. ft.)",,20.0,,each,https://www.downtownlumber.com/p/r-14-15x3-12-pink-fiberglass-insulation-783-sq-ft/R14,2026-05-09T11:42:52.507989
Downtown Lumber,Building Materials,"4x8x1/2"" Standard Spruce Plywood",,39.97,,each,https://www.downtownlumber.com/p/4x8x12-standard-spruce-plywood/12RGH,2026-05-09T11:42:52.507995
Downtown Lumber,Building Materials,2x12x12' Premium SPF,,47.98,,each,https://www.downtownlumber.com/p/2x12x12-premium-spf/21212,2026-05-09T11:42:52.508002
Downtown Lumber,Building Materials,2x2x8' Premium SPF,,3.69,,each,https://www.downtownlumber.com/p/2x2x8-premium-spf/228,2026-05-09T11:42:52.508009
Downtown Lumber,Building Materials,2x6x10' Premium WR Cedar,,41.98,,each,https://www.downtownlumber.com/p/2x6x10-premium-wr-cedar/2610C,2026-05-09T11:42:52.508015
Downtown Lumber,Building Materials,2x8x12' Premium SPF,,22.99,,each,https://www.downtownlumber.com/p/2x8x12-premium-spf/2812,2026-05-09T11:42:52.508021
Downtown Lumber,Building Materials,5/4x6x8' Cedar Deck Boards WR,,23.99,,each,https://www.downtownlumber.com/p/54x6x8-cedar-deck-boards-wr/548C,2026-05-09T11:42:52.508026
Downtown Lumber,Building Materials,"4x8x3/4"" Standard Spruce Plywood",,59.97,,each,https://www.downtownlumber.com/p/4x8x34-standard-spruce-plywood/34RGH,2026-05-09T11:42:52.508032
Downtown Lumber,Building Materials,2x6x10' Premium SPF,,10.29,,each,https://www.downtownlumber.com/p/2x6x10-premium-spf/2610,2026-05-09T11:42:52.508039
Downtown Lumber,Building Materials,"4x10x1/2"" Lite-Weight Drywall",,21.88,,each,https://www.downtownlumber.com/p/4x10x12-lite-weight-drywall/1210DW,2026-05-09T11:42:52.508047
Downtown Lumber,Building Materials,2x4x8' Sienna Pressure Treated Lumber,,7.49,,each,https://www.downtownlumber.com/p/2x4x8-sienna-pressure-treated-lumber/248PT,2026-05-09T11:42:52.508053
Downtown Lumber,Building Materials,"4x8x1/8"" (3mm) Masonite Sheet Fibrex floor protection",,17.99,,each,https://www.downtownlumber.com/p/4x8x18-3mm-masonite-sheet-fibrex-floor-protection/18HDF,2026-05-09T11:42:52.508059
Downtown Lumber,Building Materials,2x4x8' Premium WR Cedar,,17.49,,each,https://www.downtownlumber.com/p/2x4x8-premium-wr-cedar/248C,2026-05-09T11:42:52.508065
Downtown Lumber,Building Materials,2x4x10' Sienna Pressure Treated Lumber,,9.49,,each,https://www.downtownlumber.com/p/2x4x10-sienna-pressure-treated-lumber/2410PT,2026-05-09T11:42:52.508072
Downtown Lumber,Building Materials,2x6x12' Premium SPF,,12.49,,each,https://www.downtownlumber.com/p/2x6x12-premium-spf/2612,2026-05-09T11:42:52.508078
Downtown Lumber,Building Materials,2x10x12' Sienna Pressure Treated Lumber,,35.98,,each,https://www.downtownlumber.com/p/2x10x12-sienna-pressure-treated-lumber/21012PT,2026-05-09T11:42:52.508091
Downtown Lumber,Building Materials,"Hanger For LVL 1 3/4""X7 1/4"" Single Face Mount",,13.99,,each,https://www.downtownlumber.com/p/hanger-for-lvl-1-34x7-14-single-face-mount/HU7,2026-05-09T11:42:52.508097
